{
    "train_loss": [
        1.3660514261573553,
        1.3064969070255756,
        1.2481336817145348,
        1.1950645707547665,
        1.1545651387423277,
        1.1230392195284367,
        1.0998429218307137,
        1.0802733097225428,
        1.0641671353951097,
        1.051069094799459,
        1.0397937018424273,
        1.0283402185887098,
        1.0184054048731923,
        1.0102025819942355,
        0.9995213868096471,
        0.9930024417117238,
        0.9866017699241638,
        0.9806794235482812,
        0.9733063513413072,
        0.9668499426916242,
        0.9609952559694648,
        0.9553179265931249,
        0.94927476067096,
        0.9437130568549037,
        0.9379918556660414,
        0.9318577032536268,
        0.9255215479061007,
        0.9203662211075425,
        0.9145754808560014,
        0.9087891736999154,
        0.9027389213442802,
        0.8983290530741215,
        0.8921979805454612,
        0.8870628299191594,
        0.8820963846519589,
        0.8791562523692846,
        0.8716657608747482,
        0.8658937346190214,
        0.8626322681084275,
        0.858413334004581,
        0.8527871016412973,
        0.8491219263523817,
        0.8444340787827969,
        0.8399623408913612,
        0.8379217628389597,
        0.8318024640902877,
        0.8289041044190526,
        0.8243644246831536,
        0.8217533314600587,
        0.8187813526019454
    ],
    "train_acc": [
        0.3194444444444444,
        0.4131944444444444,
        0.4680989583333333,
        0.5060763888888888,
        0.5206163194444444,
        0.5481770833333333,
        0.5596788194444444,
        0.5659722222222223,
        0.5785590277777778,
        0.5857204861111112,
        0.5930989583333333,
        0.599392361111111,
        0.6043836805555556,
        0.607421875,
        0.6171875,
        0.6219618055555556,
        0.619140625,
        0.6265190972222223,
        0.6302083333333333,
        0.6382378472222222,
        0.6393229166666667,
        0.640625,
        0.646484375,
        0.6469184027777778,
        0.6473524305555556,
        0.65234375,
        0.6551649305555556,
        0.6603732638888888,
        0.6649305555555556,
        0.6657986111111112,
        0.6714409722222223,
        0.6749131944444444,
        0.672092013888889,
        0.6773003472222223,
        0.6792534722222222,
        0.6775173611111112,
        0.6844618055555556,
        0.69140625,
        0.6918402777777778,
        0.6935763888888888,
        0.6937934027777778,
        0.695095486111111,
        0.7000868055555556,
        0.6981336805555555,
        0.7044270833333333,
        0.7096354166666667,
        0.7048611111111112,
        0.7122395833333334,
        0.7100694444444444,
        0.7100694444444444
    ],
    "val_loss": [
        1.331160519272089,
        1.2704598773270845,
        1.2143503185361624,
        1.1660993229597807,
        1.129750119522214,
        1.1023227209225297,
        1.082919786684215,
        1.065000530332327,
        1.0501003889366984,
        1.0368840107694268,
        1.0265117287635803,
        1.0145871108397841,
        1.0057020504027605,
        0.9973737513646483,
        0.9895412009209394,
        0.9818468755111098,
        0.9748422652482986,
        0.9679248603060842,
        0.9623910440132022,
        0.9563614251092076,
        0.9508618777617812,
        0.9450965654104948,
        0.9379069656133652,
        0.9346130099147558,
        0.9266055645421147,
        0.920457324013114,
        0.9157005231827497,
        0.9111929247155786,
        0.9020056277513504,
        0.8952591624110937,
        0.8919943235814571,
        0.8845863463357091,
        0.8824404496699572,
        0.8769972119480371,
        0.8700767662376165,
        0.8684551473706961,
        0.8605691576376557,
        0.8526512524113059,
        0.8493758654221892,
        0.8478630278259516,
        0.8413955066353083,
        0.836282255128026,
        0.8342853328213096,
        0.8272974640130997,
        0.8228980517014861,
        0.819849937222898,
        0.8162245256826282,
        0.8130384599789977,
        0.8091685585677624,
        0.8069019168615341
    ],
    "val_acc": [
        0.3914930555555556,
        0.4613715277777778,
        0.4913194444444444,
        0.5210503472222221,
        0.5392795138888888,
        0.5562065972222222,
        0.5677083333333333,
        0.5750868055555556,
        0.5904947916666667,
        0.5950520833333333,
        0.5991753472222222,
        0.6082899305555556,
        0.6102430555555556,
        0.6145833333333333,
        0.623046875,
        0.626953125,
        0.6317274305555556,
        0.6349826388888888,
        0.6401909722222222,
        0.6434461805555556,
        0.6473524305555556,
        0.6480034722222223,
        0.6532118055555556,
        0.6534288194444444,
        0.6564670138888888,
        0.659939236111111,
        0.6655815972222222,
        0.6649305555555556,
        0.6694878472222222,
        0.6723090277777778,
        0.6764322916666667,
        0.6805555555555556,
        0.6796875,
        0.683810763888889,
        0.6892361111111112,
        0.6898871527777778,
        0.6920572916666667,
        0.6948784722222221,
        0.6953125,
        0.7005208333333333,
        0.7013888888888888,
        0.703125,
        0.7057291666666667,
        0.708984375,
        0.7109375,
        0.7159288194444444,
        0.71875,
        0.7161458333333333,
        0.7215711805555556,
        0.7215711805555557
    ],
    "test_loss": [],
    "test_acc": []
}