{
    "train_loss": [
        2.084219217300415,
        2.045333296060562,
        2.0665941536426544,
        2.0990586280822754,
        1.9860919713974,
        1.9998627305030823,
        2.0422919392585754,
        1.9994356334209442,
        1.9797254502773285,
        1.9634847044944763,
        2.016325682401657,
        1.9727975130081177,
        1.934474915266037,
        1.9268613457679749,
        1.969322919845581,
        1.9334820806980133,
        1.939800202846527,
        1.892873764038086,
        1.9073496758937836,
        1.9006328582763672,
        1.8911215364933014,
        1.882755696773529,
        1.90449857711792,
        1.842467039823532,
        1.829179733991623,
        1.840655356645584,
        1.847531944513321,
        1.825435757637024,
        1.878677636384964,
        1.8338972330093384,
        1.8314315974712372,
        1.844296395778656,
        1.8383941054344177,
        1.8217335045337677,
        1.7867452800273895,
        1.8143624067306519,
        1.7925623059272766,
        1.7628884017467499,
        1.737722784280777,
        1.748117208480835,
        1.778298258781433,
        1.7873023748397827,
        1.770457237958908,
        1.750952273607254,
        1.7635532319545746,
        1.760761171579361,
        1.7776660323143005,
        1.7830250561237335,
        1.7421857118606567,
        1.7507858574390411
    ],
    "train_acc": [
        0.5491071428571428,
        0.5773809523809524,
        0.5590277777777778,
        0.5481150793650793,
        0.5877976190476191,
        0.5773809523809523,
        0.5803571428571428,
        0.5808531746031746,
        0.5838293650793651,
        0.5947420634920635,
        0.533234126984127,
        0.5833333333333333,
        0.6081349206349207,
        0.6334325396825397,
        0.6046626984126984,
        0.5972222222222222,
        0.59375,
        0.6651785714285714,
        0.6577380952380952,
        0.6433531746031745,
        0.6364087301587301,
        0.6468253968253969,
        0.6468253968253969,
        0.6507936507936508,
        0.6716269841269842,
        0.654265873015873,
        0.6999007936507936,
        0.6468253968253969,
        0.6388888888888888,
        0.6716269841269842,
        0.6889880952380953,
        0.6458333333333333,
        0.6532738095238095,
        0.663690476190476,
        0.6711309523809524,
        0.6532738095238095,
        0.6924603174603176,
        0.720734126984127,
        0.7281746031746033,
        0.7316468253968255,
        0.7420634920634921,
        0.681547619047619,
        0.6780753968253969,
        0.7242063492063492,
        0.7098214285714286,
        0.6954365079365079,
        0.6775793650793651,
        0.7202380952380953,
        0.7098214285714286,
        0.7063492063492064
    ],
    "val_loss": [
        1.9490817785263062,
        1.951472520828247,
        1.956413745880127,
        1.9598156213760376,
        1.960768461227417,
        1.962118148803711,
        1.9631837606430054,
        1.9648411273956299,
        1.9665063619613647,
        1.965360403060913,
        1.9641155004501343,
        1.9619560241699219,
        1.9606411457061768,
        1.959572196006775,
        1.958667516708374,
        1.9571415185928345,
        1.954509973526001,
        1.952868938446045,
        1.9511220455169678,
        1.9502781629562378,
        1.9499908685684204,
        1.9499205350875854,
        1.9500195980072021,
        1.9509656429290771,
        1.9527206420898438,
        1.9532761573791504,
        1.952055811882019,
        1.9530977010726929,
        1.9537917375564575,
        1.955089807510376,
        1.9560890197753906,
        1.9559390544891357,
        1.955541968345642,
        1.9575115442276,
        1.960332989692688,
        1.9609627723693848,
        1.9606244564056396,
        1.9615757465362549,
        1.9620192050933838,
        1.9604055881500244,
        1.961265206336975,
        1.9622756242752075,
        1.9623016119003296,
        1.9640547037124634,
        1.9640401601791382,
        1.9653559923171997,
        1.9658750295639038,
        1.9663445949554443,
        1.9664499759674072,
        1.9664835929870605
    ],
    "val_acc": [
        0.6551724137931034,
        0.6379310344827587,
        0.6206896551724138,
        0.6206896551724138,
        0.6206896551724138,
        0.6206896551724138,
        0.6206896551724138,
        0.6206896551724138,
        0.6206896551724138,
        0.6206896551724138,
        0.6206896551724138,
        0.603448275862069,
        0.603448275862069,
        0.603448275862069,
        0.603448275862069,
        0.603448275862069,
        0.6206896551724138,
        0.6206896551724138,
        0.6206896551724138,
        0.6206896551724138,
        0.6206896551724138,
        0.6206896551724138,
        0.6206896551724138,
        0.6206896551724138,
        0.6206896551724138,
        0.6206896551724138,
        0.6206896551724138,
        0.6206896551724138,
        0.6206896551724138,
        0.6206896551724138,
        0.6206896551724138,
        0.6206896551724138,
        0.6206896551724138,
        0.6206896551724138,
        0.6206896551724138,
        0.6206896551724138,
        0.6206896551724138,
        0.6206896551724138,
        0.6206896551724138,
        0.6206896551724138,
        0.6206896551724138,
        0.6206896551724138,
        0.6206896551724138,
        0.6206896551724138,
        0.6206896551724138,
        0.6206896551724138,
        0.6206896551724138,
        0.6206896551724138,
        0.6206896551724138,
        0.6206896551724138
    ],
    "test_loss": [],
    "test_acc": []
}