{
    "train_loss": [
        1.3667599074542522,
        1.3168790210038424,
        1.2761937379837036,
        1.239244056865573,
        1.210772905498743,
        1.1871996242552996,
        1.1644632685929537,
        1.1473118662834167,
        1.1309279799461365,
        1.1160936746746302,
        1.1032568095251918,
        1.09071078710258,
        1.0793756330385804,
        1.0684451116248965,
        1.059000109322369,
        1.0469092763960361,
        1.0351781770586967,
        1.024331221356988,
        1.0131660318002105,
        1.002819873392582,
        0.9927211878821254,
        0.9835550589486957,
        0.9721723226830363,
        0.9641083059832454,
        0.9567637462168932,
        0.9476216975599527,
        0.939251852221787,
        0.9302060222253203,
        0.9249315792694688,
        0.9178668474778533,
        0.9090434843674302,
        0.9051741864532232,
        0.8988030115142465,
        0.8914949633181095,
        0.887099651619792,
        0.8823359198868275,
        0.876594977453351,
        0.8719428610056639,
        0.8676063502207398,
        0.8628039425238967,
        0.8589834598824382,
        0.8543432671576738,
        0.8507769498974085,
        0.8463631803169847,
        0.8414305578917265,
        0.8407259415835142,
        0.8341052904725075,
        0.8303446415811777,
        0.827564793638885,
        0.8247389495372772
    ],
    "train_acc": [
        0.3135850694444445,
        0.3973524305555556,
        0.4453125,
        0.46809895833333337,
        0.490234375,
        0.5030381944444444,
        0.5151909722222222,
        0.5301649305555556,
        0.544921875,
        0.5514322916666667,
        0.5648871527777777,
        0.5768229166666667,
        0.5789930555555556,
        0.58984375,
        0.5926649305555556,
        0.6067708333333334,
        0.6106770833333334,
        0.6247829861111112,
        0.6315104166666667,
        0.6345486111111112,
        0.6373697916666667,
        0.64453125,
        0.6538628472222222,
        0.6575520833333334,
        0.6592881944444444,
        0.6653645833333333,
        0.6677517361111112,
        0.6725260416666665,
        0.6733940972222222,
        0.6749131944444444,
        0.6829427083333334,
        0.6827256944444444,
        0.6805555555555556,
        0.6866319444444444,
        0.6929253472222223,
        0.6931423611111112,
        0.6920572916666667,
        0.6892361111111112,
        0.6953125,
        0.6985677083333334,
        0.6987847222222222,
        0.6976996527777777,
        0.6983506944444444,
        0.705078125,
        0.7022569444444444,
        0.7098524305555556,
        0.7085503472222222,
        0.7081163194444444,
        0.7094184027777778,
        0.7154947916666666
    ],
    "val_loss": [
        1.330177441239357,
        1.288424365222454,
        1.2472221869975328,
        1.2140167001634836,
        1.1877528596669436,
        1.1648979475721717,
        1.1439482979476452,
        1.1254861392080784,
        1.1110063139349222,
        1.0968143045902252,
        1.0855359314009547,
        1.0740580316632986,
        1.062538530677557,
        1.0517734941095114,
        1.0393423540517688,
        1.028114089742303,
        1.017968077212572,
        1.0058732712641358,
        0.9943635771051049,
        0.9876247681677341,
        0.975086959078908,
        0.9647950949147344,
        0.9579087346792221,
        0.9454993642866611,
        0.9378988118842244,
        0.931615436449647,
        0.9230501130223274,
        0.9156429311260581,
        0.9090525219216943,
        0.9010404953733087,
        0.8967093816027045,
        0.8889988902956247,
        0.8836599523201585,
        0.8763467185199261,
        0.8740110248327255,
        0.8644366832450032,
        0.8627567458897829,
        0.8561819000169635,
        0.8526183646172285,
        0.8478866992518306,
        0.8424643678590655,
        0.8409878835082054,
        0.8351876204833388,
        0.8303728802129626,
        0.8289781953208148,
        0.8251519119367003,
        0.8199078254401684,
        0.8145798733457923,
        0.8103780676610768,
        0.8090402283705771
    ],
    "val_acc": [
        0.392578125,
        0.43619791666666663,
        0.4611545138888889,
        0.4891493055555556,
        0.5015190972222223,
        0.5243055555555556,
        0.5364583333333334,
        0.5516493055555556,
        0.5598958333333333,
        0.5724826388888888,
        0.5833333333333333,
        0.5907118055555556,
        0.6000434027777777,
        0.6017795138888888,
        0.6087239583333334,
        0.6215277777777778,
        0.6280381944444444,
        0.6375868055555556,
        0.646484375,
        0.6538628472222222,
        0.6579861111111112,
        0.6644965277777778,
        0.6662326388888888,
        0.6688368055555556,
        0.669921875,
        0.677734375,
        0.6805555555555555,
        0.6805555555555556,
        0.6829427083333333,
        0.6903211805555556,
        0.6892361111111112,
        0.6888020833333334,
        0.6990017361111112,
        0.697482638888889,
        0.6963975694444444,
        0.7018229166666667,
        0.7063802083333334,
        0.7048611111111112,
        0.7059461805555556,
        0.7094184027777777,
        0.7124565972222222,
        0.7107204861111112,
        0.7096354166666666,
        0.7154947916666666,
        0.708984375,
        0.7185329861111112,
        0.720703125,
        0.7200520833333334,
        0.716796875,
        0.7235243055555555
    ],
    "test_loss": [],
    "test_acc": []
}