{
    "train_loss": [
        2.4316117241978645,
        2.1633434742689133,
        2.0741748698055744,
        2.017149953171611,
        1.97340589761734,
        1.9453400168567896,
        1.9182278085500002,
        1.9021492525935173,
        1.8805906977504492,
        1.8655851688235998,
        1.8513828739523888,
        1.838836608454585,
        1.828686760738492,
        1.8175575993955135,
        1.805844184011221,
        1.7955245729535818,
        1.7838350888341665,
        1.7772062048316002,
        1.768132608383894,
        1.758616479113698,
        1.7470220271497965,
        1.7422367669641972,
        1.7326854672282934,
        1.723434466868639,
        1.718543466180563,
        1.7133527603000402,
        1.7024208754301071,
        1.6933265924453735,
        1.6834895517677069,
        1.678833793848753,
        1.6699691899120808,
        1.6609607227146626,
        1.653532449156046,
        1.6487227194011211,
        1.6418188158422709,
        1.6285845506936312,
        1.6253996789455414,
        1.616655856370926,
        1.6074618753045797,
        1.599965836852789,
        1.5940169487148523,
        1.5894436351954937,
        1.5816283002495766,
        1.571024876087904,
        1.5692328363656998,
        1.5561432428658009,
        1.5485314298421144,
        1.54158597253263,
        1.5373493432998657,
        1.5274977069348097
    ],
    "train_acc": [
        0.3218315972222222,
        0.4184027777777778,
        0.47873263888888895,
        0.529513888888889,
        0.56640625,
        0.5868055555555556,
        0.6026475694444445,
        0.6126302083333334,
        0.6236979166666667,
        0.6317274305555556,
        0.6382378472222222,
        0.6456163194444444,
        0.6508246527777778,
        0.6569010416666665,
        0.6666666666666666,
        0.671875,
        0.6766493055555556,
        0.6838107638888888,
        0.6929253472222223,
        0.6905381944444444,
        0.6963975694444444,
        0.7020399305555556,
        0.7052951388888888,
        0.7078993055555556,
        0.712890625,
        0.7174479166666667,
        0.716579861111111,
        0.7204861111111112,
        0.7261284722222223,
        0.7233072916666667,
        0.7259114583333334,
        0.7293836805555556,
        0.7322048611111112,
        0.7328559027777778,
        0.7339409722222221,
        0.7411024305555556,
        0.7361111111111112,
        0.7395833333333333,
        0.7417534722222222,
        0.748046875,
        0.7406684027777777,
        0.746310763888889,
        0.7476128472222222,
        0.7434895833333333,
        0.7473958333333333,
        0.7482638888888888,
        0.7534722222222223,
        0.7560763888888888,
        0.75390625,
        0.75390625
    ],
    "val_loss": [
        2.2213824838399887,
        2.0992889869958162,
        2.0305010955780745,
        1.9903071243315935,
        1.9418137036263943,
        1.9155622813850641,
        1.9010196849703789,
        1.877092819660902,
        1.8607293050736189,
        1.8447911739349365,
        1.8323225434869528,
        1.8205221556127071,
        1.809685105457902,
        1.7949331663548946,
        1.7870427258312702,
        1.7755572013556957,
        1.765713231638074,
        1.7597896605730057,
        1.754051212221384,
        1.7370943501591682,
        1.7344906069338322,
        1.7184934448450804,
        1.716982875019312,
        1.7139750439673662,
        1.6963456273078918,
        1.6954422909766436,
        1.6840405873954296,
        1.67933689057827,
        1.6759218201041222,
        1.660891331732273,
        1.646226542070508,
        1.6398704778403044,
        1.6339671965688467,
        1.632779698818922,
        1.6223567314445972,
        1.6175669506192207,
        1.6090435478836298,
        1.5974950976669788,
        1.594921873882413,
        1.5819661784917116,
        1.5803711581975222,
        1.5691667180508375,
        1.5626686327159405,
        1.551215536892414,
        1.5412734560668468,
        1.5360647030174732,
        1.5259731318801641,
        1.5236431956291199,
        1.518950505182147,
        1.5069101434201002
    ],
    "val_acc": [
        0.4008246527777778,
        0.4607204861111111,
        0.5123697916666667,
        0.5653211805555556,
        0.572048611111111,
        0.5974392361111112,
        0.6167534722222222,
        0.6206597222222223,
        0.634765625,
        0.6399739583333333,
        0.6527777777777777,
        0.6614583333333334,
        0.6664496527777777,
        0.6738281249999999,
        0.6799045138888888,
        0.6864149305555556,
        0.6901041666666667,
        0.6922743055555555,
        0.7007378472222223,
        0.708984375,
        0.7107204861111112,
        0.7115885416666667,
        0.7096354166666666,
        0.7217881944444444,
        0.7235243055555556,
        0.7222222222222223,
        0.7269965277777777,
        0.7300347222222223,
        0.7309027777777778,
        0.7309027777777778,
        0.7384982638888888,
        0.73828125,
        0.7417534722222223,
        0.7400173611111112,
        0.7432725694444444,
        0.74609375,
        0.7497829861111112,
        0.7491319444444444,
        0.7523871527777779,
        0.7471788194444444,
        0.7549913194444444,
        0.7536892361111112,
        0.7547743055555556,
        0.7552083333333333,
        0.7580295138888888,
        0.7628038194444444,
        0.7615017361111112,
        0.7649739583333335,
        0.7630208333333333,
        0.7647569444444444
    ],
    "test_loss": [],
    "test_acc": []
}