{
    "train_loss": [
        2.413480043411255,
        2.1620616130530834,
        2.0724523030221462,
        2.0132228191941977,
        1.9708273373544216,
        1.9419219866394997,
        1.9145440217107534,
        1.8969826772809029,
        1.8772311564534903,
        1.8585443031042814,
        1.844390630722046,
        1.8311161678284407,
        1.8205595687031746,
        1.8043624944984913,
        1.7926964834332466,
        1.779018934816122,
        1.7682526856660843,
        1.76011479832232,
        1.7522972598671913,
        1.740661071613431,
        1.729260828346014,
        1.720802079886198,
        1.7101454623043537,
        1.7022411283105612,
        1.6951195150613785,
        1.685641948133707,
        1.676160218194127,
        1.6693933624774218,
        1.6617648024111986,
        1.6524894777685404,
        1.6482277289032936,
        1.6395099330693483,
        1.6324360985308886,
        1.6216505765914917,
        1.6161370947957039,
        1.6107251662760973,
        1.6015308257192373,
        1.5943543054163456,
        1.5862859785556793,
        1.5763345323503017,
        1.5684747360646725,
        1.5645327176898718,
        1.555205823853612,
        1.5440626330673695,
        1.5418313555419445,
        1.5362247787415981,
        1.5260135401040316,
        1.5172961298376322,
        1.5102016534656286,
        1.50409553386271
    ],
    "train_acc": [
        0.3083767361111111,
        0.4184027777777778,
        0.4871961805555556,
        0.5360243055555556,
        0.5661892361111112,
        0.5861545138888888,
        0.6037326388888888,
        0.6124131944444444,
        0.6306423611111112,
        0.6404079861111112,
        0.6458333333333334,
        0.6501736111111112,
        0.654296875,
        0.6653645833333333,
        0.6733940972222222,
        0.6712239583333333,
        0.6838107638888888,
        0.6868489583333333,
        0.689453125,
        0.693359375,
        0.7026909722222222,
        0.7063802083333335,
        0.7152777777777778,
        0.7133246527777778,
        0.71875,
        0.72265625,
        0.7278645833333334,
        0.7311197916666667,
        0.732638888888889,
        0.7389322916666666,
        0.7430555555555556,
        0.7337239583333333,
        0.7450086805555556,
        0.7454427083333334,
        0.7467447916666666,
        0.7508680555555556,
        0.7508680555555556,
        0.7530381944444444,
        0.7582465277777777,
        0.7554253472222222,
        0.7641059027777778,
        0.7647569444444444,
        0.7643229166666667,
        0.7647569444444444,
        0.7671440972222222,
        0.767578125,
        0.7708333333333334,
        0.767578125,
        0.767578125,
        0.767578125
    ],
    "val_loss": [
        2.2225208953022957,
        2.0967968869954348,
        2.0253311432898045,
        1.9765047933906317,
        1.9425699803978205,
        1.9153926484286785,
        1.8916966617107391,
        1.8753071576356888,
        1.8570154812186956,
        1.8453155998140574,
        1.8309986554086208,
        1.8142396751791239,
        1.7975886967033148,
        1.793110029771924,
        1.7753523867577314,
        1.7658259831368923,
        1.751290027052164,
        1.7481928057968616,
        1.731917968019843,
        1.7172359712421894,
        1.7105550188571215,
        1.6991373002529144,
        1.696874352172017,
        1.683664346113801,
        1.6744565479457378,
        1.667912619188428,
        1.6575019173324108,
        1.6487462222576141,
        1.638419920578599,
        1.6355621125549078,
        1.6252403408288956,
        1.6176643148064613,
        1.6072399280965328,
        1.6016286183148623,
        1.5949107874184847,
        1.5956432409584522,
        1.578487329185009,
        1.5749083925038576,
        1.571266483515501,
        1.5595591738820076,
        1.5560900699347258,
        1.5532262325286865,
        1.5388377085328102,
        1.5225568413734436,
        1.5164165012538433,
        1.5148038994520903,
        1.5028603356331587,
        1.5013131145387888,
        1.482755120843649,
        1.4798974357545376
    ],
    "val_acc": [
        0.4012586805555555,
        0.4639756944444444,
        0.5225694444444444,
        0.5631510416666666,
        0.5874565972222221,
        0.6046006944444444,
        0.6226128472222222,
        0.6260850694444444,
        0.640625,
        0.6499565972222222,
        0.6555989583333333,
        0.6603732638888888,
        0.6666666666666667,
        0.6770833333333334,
        0.6807725694444444,
        0.6827256944444444,
        0.6920572916666667,
        0.6959635416666666,
        0.6974826388888888,
        0.70703125,
        0.7113715277777777,
        0.715060763888889,
        0.7196180555555556,
        0.7191840277777778,
        0.7311197916666666,
        0.7337239583333333,
        0.7419704861111112,
        0.7376302083333333,
        0.747829861111111,
        0.7471788194444444,
        0.7452256944444444,
        0.7552083333333334,
        0.754123263888889,
        0.7599826388888888,
        0.7513020833333333,
        0.763454861111111,
        0.7615017361111112,
        0.7612847222222222,
        0.7604166666666667,
        0.7701822916666667,
        0.7734375,
        0.7664930555555556,
        0.7719184027777778,
        0.7743055555555556,
        0.7760416666666666,
        0.7777777777777778,
        0.7760416666666667,
        0.7764756944444444,
        0.7805989583333334,
        0.7845052083333334
    ],
    "test_loss": [],
    "test_acc": []
}