{
    "train_loss": [
        2.148114502429962,
        2.0468448866158724,
        2.007362674921751,
        1.9723838157951832,
        1.9426986500620842,
        1.9198620319366455,
        1.9008432403206825,
        1.8835362866520882,
        1.8703694473952055,
        1.8559616412967443,
        1.8454702775925398,
        1.8346022795885801,
        1.8263571597635746,
        1.8184451051056385,
        1.80572609603405,
        1.7984182629734278,
        1.7901261616498232,
        1.781556822359562,
        1.7733941730111837,
        1.766321137547493,
        1.760566907003522,
        1.7540764100849628,
        1.7512868288904428,
        1.7422418054193258,
        1.7353683914989233,
        1.7285617589950562,
        1.7219925709068775,
        1.71883531101048,
        1.7145403698086739,
        1.707306083291769,
        1.7043423056602478,
        1.6976943966001272,
        1.689012821763754,
        1.6874874494969845,
        1.677436150610447,
        1.6725190002471209,
        1.6680544521659613,
        1.6568498834967613,
        1.655449053272605,
        1.6456942819058895,
        1.6429953426122665,
        1.6349833868443966,
        1.6290751937776804,
        1.6245171688497066,
        1.6184304617345333,
        1.6129279509186745,
        1.6045476198196411,
        1.5974413119256496,
        1.5916361548006535,
        1.586835041642189
    ],
    "train_acc": [
        0.3096788194444444,
        0.4032118055555556,
        0.4568142361111111,
        0.49782986111111116,
        0.5390625,
        0.5570746527777777,
        0.5731336805555556,
        0.5928819444444444,
        0.6006944444444444,
        0.6200086805555556,
        0.6284722222222222,
        0.640625,
        0.6432291666666666,
        0.6540798611111112,
        0.6608072916666667,
        0.6651475694444444,
        0.6799045138888888,
        0.6770833333333334,
        0.6905381944444444,
        0.6888020833333333,
        0.6985677083333334,
        0.7009548611111112,
        0.7005208333333333,
        0.709201388888889,
        0.7085503472222222,
        0.7150607638888888,
        0.7194010416666666,
        0.7165798611111112,
        0.7196180555555556,
        0.7233072916666667,
        0.7241753472222222,
        0.7265625,
        0.7254774305555556,
        0.7335069444444444,
        0.7352430555555556,
        0.7330729166666666,
        0.7337239583333333,
        0.7424045138888888,
        0.736545138888889,
        0.744140625,
        0.7428385416666667,
        0.7437065972222223,
        0.7458767361111109,
        0.748263888888889,
        0.7515190972222222,
        0.7493489583333333,
        0.7504340277777778,
        0.7486979166666667,
        0.7508680555555556,
        0.7543402777777777
    ],
    "val_loss": [
        2.0591101348400116,
        2.0165143869817257,
        1.9787617214024067,
        1.9510626420378685,
        1.91887816041708,
        1.8964984770864248,
        1.8802026733756065,
        1.863014966249466,
        1.8507700078189373,
        1.8376996591687202,
        1.8274478781968355,
        1.816507015377283,
        1.8112863153219223,
        1.7997000943869352,
        1.7885612808167934,
        1.7859811708331108,
        1.770891910418868,
        1.7610863745212555,
        1.7562045585364103,
        1.746682845056057,
        1.7467413619160652,
        1.7403143960982561,
        1.729370379820466,
        1.7214898373931646,
        1.7164769414812326,
        1.7129147071391344,
        1.703993709757924,
        1.6992646474391222,
        1.6955645997077227,
        1.6914933789521456,
        1.684133855625987,
        1.6744649447500706,
        1.6739085651934147,
        1.6666748747229576,
        1.6572632919996977,
        1.6508246809244156,
        1.6452201958745718,
        1.6406420320272446,
        1.6347638983279467,
        1.6314523164182901,
        1.6251544076949358,
        1.6139662694185972,
        1.6081185285001993,
        1.601681074127555,
        1.6001676730811596,
        1.5954496450722218,
        1.582187732681632,
        1.5758758541196585,
        1.5661113485693932,
        1.5688143074512482
    ],
    "val_acc": [
        0.38823784722222227,
        0.45290798611111116,
        0.49956597222222215,
        0.5364583333333334,
        0.5618489583333333,
        0.580078125,
        0.5980902777777777,
        0.6154513888888888,
        0.6291232638888888,
        0.6373697916666667,
        0.6467013888888888,
        0.6625434027777778,
        0.6647135416666667,
        0.66796875,
        0.6807725694444444,
        0.6846788194444444,
        0.689453125,
        0.701171875,
        0.703125,
        0.7100694444444444,
        0.7139756944444444,
        0.7154947916666667,
        0.7183159722222221,
        0.7209201388888888,
        0.7202690972222223,
        0.7198350694444444,
        0.7276475694444444,
        0.7328559027777778,
        0.7369791666666667,
        0.7384982638888888,
        0.7365451388888888,
        0.7393663194444444,
        0.7447916666666667,
        0.7473958333333334,
        0.7458767361111112,
        0.747829861111111,
        0.7467447916666667,
        0.75390625,
        0.7484809027777777,
        0.75390625,
        0.7586805555555556,
        0.7580295138888888,
        0.751953125,
        0.7658420138888888,
        0.7621527777777777,
        0.759765625,
        0.757595486111111,
        0.7688802083333334,
        0.7621527777777779,
        0.765625
    ],
    "test_loss": [],
    "test_acc": []
}