{
    "train_loss": [
        1.1551477313041687,
        1.1592808663845062,
        1.1002763509750366,
        1.0975300669670105,
        1.06050905585289,
        1.0227285325527191,
        1.0394604057073593,
        1.005164548754692,
        1.0121729671955109,
        1.018861010670662,
        1.0073988884687424,
        1.0309471935033798,
        0.9572832733392715,
        0.9926753640174866,
        0.9883132576942444,
        1.0177742689847946,
        1.003601536154747,
        0.9804510921239853,
        1.0159744769334793,
        0.9348764419555664,
        1.0083337873220444,
        0.9886362254619598,
        1.0152000188827515,
        0.9463779777288437,
        0.9643237441778183,
        0.9381647408008575,
        0.9733353406190872,
        0.962219774723053,
        0.9976694583892822,
        0.9477700591087341,
        0.9368753284215927,
        0.9664821624755859,
        0.908703401684761,
        0.9546817243099213,
        0.8872916400432587,
        0.914575919508934,
        0.8934388607740402,
        0.9399614185094833,
        0.9295028448104858,
        0.9096892327070236,
        0.8872072845697403,
        0.8840407282114029,
        0.9212288856506348,
        0.8792849183082581,
        0.922645777463913,
        0.9057353585958481,
        0.91861791908741,
        0.9028405398130417,
        0.9700160920619965,
        0.8862788677215576
    ],
    "train_acc": [
        0.5446428571428571,
        0.5555555555555556,
        0.548611111111111,
        0.5342261904761905,
        0.5699404761904763,
        0.6021825396825397,
        0.566468253968254,
        0.5952380952380952,
        0.591765873015873,
        0.5734126984126984,
        0.5555555555555556,
        0.5590277777777778,
        0.6483134920634921,
        0.6051587301587301,
        0.6160714285714286,
        0.5942460317460317,
        0.5942460317460317,
        0.6264880952380952,
        0.5798611111111112,
        0.6443452380952381,
        0.5615079365079365,
        0.5798611111111112,
        0.6116071428571428,
        0.6011904761904763,
        0.6155753968253969,
        0.636904761904762,
        0.6364087301587301,
        0.6150793650793651,
        0.6254960317460316,
        0.6081349206349207,
        0.6686507936507936,
        0.589781746031746,
        0.6547619047619048,
        0.5967261904761905,
        0.675595238095238,
        0.6612103174603174,
        0.6681547619047619,
        0.6145833333333333,
        0.6502976190476191,
        0.6537698412698413,
        0.6825396825396826,
        0.6825396825396826,
        0.6393849206349206,
        0.689484126984127,
        0.632440476190476,
        0.685515873015873,
        0.6388888888888888,
        0.6676587301587301,
        0.6245039682539683,
        0.7033730158730158
    ],
    "val_loss": [
        1.0581636428833008,
        1.0592373609542847,
        1.0627026557922363,
        1.0674411058425903,
        1.0699671506881714,
        1.0714023113250732,
        1.071778416633606,
        1.071372151374817,
        1.073145866394043,
        1.0709210634231567,
        1.068663239479065,
        1.0685479640960693,
        1.0683547258377075,
        1.064450740814209,
        1.0645933151245117,
        1.0626925230026245,
        1.061267375946045,
        1.0596387386322021,
        1.0584204196929932,
        1.057431697845459,
        1.057725429534912,
        1.0549159049987793,
        1.0525351762771606,
        1.0523550510406494,
        1.051206111907959,
        1.0511095523834229,
        1.051794409751892,
        1.0492874383926392,
        1.0486823320388794,
        1.0482420921325684,
        1.0483206510543823,
        1.0482066869735718,
        1.0478194952011108,
        1.0471869707107544,
        1.0457926988601685,
        1.0458335876464844,
        1.0447262525558472,
        1.0438945293426514,
        1.0441077947616577,
        1.0432963371276855,
        1.0433745384216309,
        1.0425374507904053,
        1.0428699254989624,
        1.0428885221481323,
        1.0426485538482666,
        1.0420904159545898,
        1.041561245918274,
        1.0418872833251953,
        1.043017029762268,
        1.0414005517959595
    ],
    "val_acc": [
        0.5689655172413793,
        0.5517241379310345,
        0.5517241379310345,
        0.5517241379310345,
        0.5517241379310345,
        0.5517241379310345,
        0.5689655172413793,
        0.5689655172413793,
        0.5689655172413793,
        0.5689655172413793,
        0.5862068965517241,
        0.5862068965517241,
        0.5689655172413793,
        0.5689655172413793,
        0.5689655172413793,
        0.5689655172413793,
        0.5689655172413793,
        0.5689655172413793,
        0.5862068965517241,
        0.5862068965517241,
        0.5689655172413793,
        0.5517241379310345,
        0.5689655172413793,
        0.5689655172413793,
        0.5517241379310345,
        0.5517241379310345,
        0.5172413793103449,
        0.5344827586206896,
        0.5517241379310345,
        0.5517241379310345,
        0.5689655172413793,
        0.5517241379310345,
        0.5689655172413793,
        0.5689655172413793,
        0.5862068965517241,
        0.5862068965517241,
        0.5862068965517241,
        0.603448275862069,
        0.603448275862069,
        0.5862068965517241,
        0.603448275862069,
        0.603448275862069,
        0.5862068965517241,
        0.603448275862069,
        0.603448275862069,
        0.603448275862069,
        0.603448275862069,
        0.603448275862069,
        0.603448275862069,
        0.603448275862069
    ],
    "test_loss": [],
    "test_acc": []
}