{
    "train_loss": [
        2.1532589197158813,
        2.0460231862962246,
        2.013490067794919,
        1.9840824995189905,
        1.956241274252534,
        1.9315509255975485,
        1.9130348190665245,
        1.8958087638020515,
        1.8808633964508772,
        1.8684329725801945,
        1.8572204876691103,
        1.8446677178144455,
        1.837560635060072,
        1.826664300635457,
        1.818840492516756,
        1.8081742823123932,
        1.8013418968766928,
        1.7923149298876524,
        1.7859969288110733,
        1.7788544949144125,
        1.7723043281584978,
        1.7664417829364538,
        1.7614869754761457,
        1.7540297415107489,
        1.749291842803359,
        1.740391656756401,
        1.7377021424472332,
        1.7314700596034527,
        1.7255298886448145,
        1.7221238911151886,
        1.714176144450903,
        1.7099378369748592,
        1.704380113631487,
        1.6982600651681423,
        1.6940809674561024,
        1.6887225974351168,
        1.6817417964339256,
        1.675354015082121,
        1.6693077366799116,
        1.665022799745202,
        1.6589647848159075,
        1.6535430382937193,
        1.6467434149235487,
        1.6420545652508736,
        1.6370159704238176,
        1.6291898731142282,
        1.6212340705096722,
        1.6186785101890564,
        1.6115024834871292,
        1.6052122320979834
    ],
    "train_acc": [
        0.3181423611111111,
        0.40993923611111105,
        0.4557291666666667,
        0.4891493055555556,
        0.5256076388888888,
        0.5546875,
        0.5666232638888888,
        0.5859375,
        0.6028645833333333,
        0.6169704861111112,
        0.6278211805555555,
        0.6284722222222222,
        0.6462673611111112,
        0.650390625,
        0.6642795138888888,
        0.6657986111111112,
        0.6681857638888888,
        0.6753472222222221,
        0.6827256944444444,
        0.6792534722222223,
        0.6875,
        0.6922743055555556,
        0.7033420138888888,
        0.6961805555555556,
        0.6985677083333333,
        0.7065972222222223,
        0.7087673611111112,
        0.7105034722222221,
        0.7185329861111112,
        0.7141927083333334,
        0.7176649305555556,
        0.7213541666666667,
        0.7191840277777779,
        0.7256944444444444,
        0.7293836805555556,
        0.7280815972222223,
        0.7311197916666666,
        0.7326388888888888,
        0.738498263888889,
        0.7302517361111112,
        0.7348090277777778,
        0.7404513888888888,
        0.7432725694444444,
        0.7421875,
        0.744140625,
        0.7458767361111112,
        0.74609375,
        0.74609375,
        0.7486979166666667,
        0.7454427083333334
    ],
    "val_loss": [
        2.058562908321619,
        2.0185030791908503,
        1.987964205443859,
        1.9573728237301111,
        1.9360560066998005,
        1.9128897432237864,
        1.8923452142626047,
        1.8759254291653633,
        1.863533204421401,
        1.8479981515556574,
        1.8388384748250246,
        1.8270510956645012,
        1.8161602020263672,
        1.8092812094837427,
        1.8004506099969149,
        1.7924795616418123,
        1.784858651459217,
        1.773793801665306,
        1.7710911966860294,
        1.7691714446991682,
        1.7601221464574337,
        1.74808768928051,
        1.7486644852906466,
        1.7383521012961864,
        1.7271823082119226,
        1.7218840159475803,
        1.7207422479987144,
        1.7122033461928368,
        1.7109943106770515,
        1.7048148214817047,
        1.6979262307286263,
        1.6908137500286102,
        1.6835433784872293,
        1.6809719260782003,
        1.673437086865306,
        1.671521732583642,
        1.661101657897234,
        1.6594541054219007,
        1.6515403930097818,
        1.6479898374527693,
        1.6385835520923138,
        1.635064883157611,
        1.6269473992288113,
        1.6231374125927687,
        1.6222434863448143,
        1.6103329043835402,
        1.60138020478189,
        1.5927782356739044,
        1.5960407573729753,
        1.5841374341398478
    ],
    "val_acc": [
        0.4006076388888889,
        0.4455295138888889,
        0.4776475694444444,
        0.5203993055555556,
        0.5460069444444444,
        0.5631510416666667,
        0.59375,
        0.605251736111111,
        0.623263888888889,
        0.6369357638888888,
        0.6449652777777777,
        0.6614583333333334,
        0.666015625,
        0.6753472222222222,
        0.6729600694444444,
        0.6799045138888888,
        0.6877170138888888,
        0.6946614583333333,
        0.693359375,
        0.6983506944444444,
        0.7076822916666666,
        0.7094184027777777,
        0.7098524305555556,
        0.7139756944444444,
        0.7256944444444444,
        0.7224392361111112,
        0.7224392361111112,
        0.7269965277777778,
        0.7278645833333333,
        0.734375,
        0.7354600694444444,
        0.7415364583333333,
        0.732204861111111,
        0.7309027777777779,
        0.7408854166666667,
        0.746310763888889,
        0.7450086805555556,
        0.7445746527777779,
        0.7463107638888888,
        0.7510850694444444,
        0.7467447916666666,
        0.7523871527777778,
        0.7545572916666667,
        0.7549913194444444,
        0.7543402777777778,
        0.7641059027777778,
        0.7565104166666667,
        0.7567274305555556,
        0.7641059027777778,
        0.7610677083333333
    ],
    "test_loss": [],
    "test_acc": []
}