{
    "train_loss": [
        1.3660238161683083,
        1.3157779444009066,
        1.2775029689073563,
        1.2454598862677813,
        1.2188970018178225,
        1.1975235994905233,
        1.179893335327506,
        1.1650687735527754,
        1.1492961160838604,
        1.136348221451044,
        1.1238370519131422,
        1.1115800738334656,
        1.1003718059509993,
        1.0888250935822725,
        1.0803224965929985,
        1.0697189504280686,
        1.0591816389933228,
        1.0510054677724838,
        1.0415401263162494,
        1.033041775226593,
        1.0222846744582057,
        1.0166475176811218,
        1.0073257712647319,
        1.0010287510231137,
        0.9927189657464623,
        0.9850623831152916,
        0.9787786556407809,
        0.9691002843901515,
        0.9618758158758283,
        0.9526082025840878,
        0.9444929268211126,
        0.9394840961322188,
        0.9342625187709928,
        0.9286777758970857,
        0.9201185163110495,
        0.9125021230429411,
        0.9085057135671377,
        0.9031648226082325,
        0.8963567251339555,
        0.892290759831667,
        0.8882592376321554,
        0.882050366140902,
        0.8799531627446413,
        0.8734697205945849,
        0.8683491740375757,
        0.8643955802544951,
        0.8597382679581642,
        0.8567711804062128,
        0.8516643512994051,
        0.8493573796004057
    ],
    "train_acc": [
        0.3170572916666667,
        0.40017361111111116,
        0.44140625,
        0.4663628472222222,
        0.4830729166666667,
        0.504123263888889,
        0.5015190972222222,
        0.5208333333333333,
        0.5275607638888888,
        0.5397135416666667,
        0.5546875,
        0.5598958333333333,
        0.564236111111111,
        0.5707465277777777,
        0.5813802083333334,
        0.5874565972222223,
        0.5881076388888888,
        0.6009114583333334,
        0.6063368055555556,
        0.6117621527777777,
        0.6184895833333333,
        0.6213107638888888,
        0.62890625,
        0.6271701388888888,
        0.6373697916666667,
        0.6349826388888888,
        0.64453125,
        0.6497395833333333,
        0.6566840277777777,
        0.6636284722222223,
        0.6673177083333334,
        0.669921875,
        0.6707899305555556,
        0.6755642361111112,
        0.6779513888888888,
        0.6814236111111112,
        0.6840277777777777,
        0.6877170138888888,
        0.6885850694444444,
        0.6924913194444444,
        0.6909722222222221,
        0.7013888888888888,
        0.6974826388888888,
        0.6976996527777778,
        0.7061631944444444,
        0.7055121527777777,
        0.7068142361111112,
        0.7133246527777777,
        0.7115885416666667,
        0.7154947916666666
    ],
    "val_loss": [
        1.3296911008656025,
        1.2872756905853748,
        1.25001366622746,
        1.2222373094409704,
        1.1972345151007175,
        1.178763872012496,
        1.1600783709436655,
        1.1442090841010213,
        1.129197746515274,
        1.1193774053826928,
        1.104659897275269,
        1.094757605344057,
        1.0830674013122916,
        1.0724806878715754,
        1.0613993545994163,
        1.0528549831360579,
        1.0434389244765043,
        1.0322882924228907,
        1.0247289491817355,
        1.0155935809016228,
        1.0082341376692057,
        0.9984627990052104,
        0.9912186423316598,
        0.9824240347370505,
        0.9762856028974056,
        0.9696525689214468,
        0.9581253593787551,
        0.9537765448912978,
        0.9439279474318027,
        0.9358762633055449,
        0.9310243241488934,
        0.9243756514042616,
        0.9172171456739306,
        0.9122668653726578,
        0.9042109781876206,
        0.8979363730177283,
        0.890622385777533,
        0.8901107674464583,
        0.8828553073108196,
        0.8782003615051508,
        0.8711332371458411,
        0.8667578678578138,
        0.8620828539133072,
        0.8601959748193622,
        0.8530778847634792,
        0.8541159620508552,
        0.8471079049631953,
        0.840267101302743,
        0.8371034767478704,
        0.8325015846639872
    ],
    "val_acc": [
        0.39908854166666663,
        0.4364149305555556,
        0.4789496527777778,
        0.4815538194444444,
        0.5023871527777778,
        0.5123697916666666,
        0.5262586805555556,
        0.5366753472222222,
        0.5501302083333334,
        0.5553385416666666,
        0.568359375,
        0.5711805555555555,
        0.5779079861111112,
        0.5857204861111112,
        0.5922309027777778,
        0.5972222222222222,
        0.6072048611111112,
        0.6102430555555556,
        0.6226128472222222,
        0.6256510416666667,
        0.630859375,
        0.6360677083333333,
        0.6395399305555556,
        0.6449652777777778,
        0.652560763888889,
        0.6482204861111112,
        0.6675347222222222,
        0.6592881944444444,
        0.6666666666666667,
        0.6746961805555556,
        0.6788194444444444,
        0.6848958333333334,
        0.6833767361111112,
        0.6866319444444444,
        0.6927083333333334,
        0.6864149305555556,
        0.6959635416666667,
        0.6979166666666667,
        0.701388888888889,
        0.706814236111111,
        0.7105034722222222,
        0.7035590277777777,
        0.7152777777777779,
        0.7194010416666666,
        0.7213541666666666,
        0.7170138888888888,
        0.7222222222222223,
        0.7250434027777777,
        0.7241753472222222,
        0.7293836805555556
    ],
    "test_loss": [],
    "test_acc": []
}