{
    "train_loss": [
        1.8078132569789886,
        1.8425540328025818,
        1.8076971471309662,
        1.760249525308609,
        1.7870486378669739,
        1.7004787027835846,
        1.7573288679122925,
        1.7642858624458313,
        1.764240711927414,
        1.7808367908000946,
        1.6436174809932709,
        1.6793399155139923,
        1.6764523684978485,
        1.675715148448944,
        1.619168370962143,
        1.716341108083725,
        1.6606843769550323,
        1.6234639286994934,
        1.6394359469413757,
        1.628700077533722,
        1.6110791563987732,
        1.6253558099269867,
        1.578209400177002,
        1.574676126241684,
        1.675886183977127,
        1.6174411177635193,
        1.5768485069274902,
        1.6192376613616943,
        1.5506750047206879,
        1.5425483286380768,
        1.551700234413147,
        1.58311066031456,
        1.494854211807251,
        1.5242333114147186,
        1.5083546340465546,
        1.4786290228366852,
        1.5663415491580963,
        1.5156215131282806,
        1.4450114071369171,
        1.5186941921710968,
        1.473064124584198,
        1.5140943229198456,
        1.4835706651210785,
        1.441182553768158,
        1.5169439315795898,
        1.4617625176906586,
        1.463349848985672,
        1.5415620803833008,
        1.4588382840156555,
        1.4373095035552979
    ],
    "train_acc": [
        0.5912698412698413,
        0.5838293650793651,
        0.6190476190476191,
        0.5798611111111112,
        0.6190476190476191,
        0.6473214285714286,
        0.636904761904762,
        0.6046626984126984,
        0.6473214285714286,
        0.654265873015873,
        0.6726190476190476,
        0.6795634920634921,
        0.6790674603174603,
        0.6329365079365079,
        0.675595238095238,
        0.6393849206349207,
        0.6681547619047619,
        0.6607142857142857,
        0.6537698412698413,
        0.6790674603174603,
        0.6498015873015872,
        0.6929563492063492,
        0.6889880952380952,
        0.7212301587301587,
        0.6314484126984127,
        0.6676587301587301,
        0.6820436507936508,
        0.6383928571428571,
        0.6994047619047619,
        0.6631944444444444,
        0.7023809523809524,
        0.6741071428571428,
        0.7132936507936508,
        0.7028769841269842,
        0.7311507936507936,
        0.7420634920634921,
        0.6879960317460316,
        0.7127976190476191,
        0.7668650793650793,
        0.691468253968254,
        0.716765873015873,
        0.7202380952380952,
        0.7127976190476191,
        0.7668650793650793,
        0.6949404761904763,
        0.7341269841269842,
        0.7271825396825398,
        0.6984126984126984,
        0.7127976190476191,
        0.7445436507936508
    ],
    "val_loss": [
        1.9746772050857544,
        1.926598310470581,
        1.8964712619781494,
        1.874726414680481,
        1.8636929988861084,
        1.8543319702148438,
        1.8436288833618164,
        1.836076259613037,
        1.8305792808532715,
        1.8273684978485107,
        1.8219501972198486,
        1.8168326616287231,
        1.8138998746871948,
        1.8107342720031738,
        1.8066866397857666,
        1.8067798614501953,
        1.8084917068481445,
        1.8071560859680176,
        1.8081399202346802,
        1.8064088821411133,
        1.8050847053527832,
        1.8006844520568848,
        1.7972970008850098,
        1.797964096069336,
        1.7978854179382324,
        1.796668529510498,
        1.7939449548721313,
        1.7907719612121582,
        1.7853939533233643,
        1.7848725318908691,
        1.784898281097412,
        1.7843067646026611,
        1.7807765007019043,
        1.7767858505249023,
        1.777370810508728,
        1.7741191387176514,
        1.770255208015442,
        1.7685009241104126,
        1.7667373418807983,
        1.7648835182189941,
        1.7678289413452148,
        1.7672600746154785,
        1.7650847434997559,
        1.7646911144256592,
        1.763622760772705,
        1.7621585130691528,
        1.7620081901550293,
        1.763260841369629,
        1.7608129978179932,
        1.7601943016052246
    ],
    "val_acc": [
        0.6206896551724138,
        0.6206896551724138,
        0.6379310344827587,
        0.6379310344827587,
        0.6379310344827587,
        0.6379310344827587,
        0.6206896551724138,
        0.6206896551724138,
        0.6206896551724138,
        0.6206896551724138,
        0.6206896551724138,
        0.6206896551724138,
        0.6206896551724138,
        0.6206896551724138,
        0.6206896551724138,
        0.6206896551724138,
        0.6206896551724138,
        0.6206896551724138,
        0.6206896551724138,
        0.6206896551724138,
        0.6206896551724138,
        0.6206896551724138,
        0.6206896551724138,
        0.6206896551724138,
        0.6206896551724138,
        0.6206896551724138,
        0.6206896551724138,
        0.6206896551724138,
        0.6206896551724138,
        0.6206896551724138,
        0.6206896551724138,
        0.6206896551724138,
        0.6206896551724138,
        0.6379310344827587,
        0.6379310344827587,
        0.6379310344827587,
        0.6379310344827587,
        0.6379310344827587,
        0.6379310344827587,
        0.6551724137931034,
        0.6551724137931034,
        0.6551724137931034,
        0.6551724137931034,
        0.6551724137931034,
        0.6551724137931034,
        0.6551724137931034,
        0.6551724137931034,
        0.6551724137931034,
        0.6551724137931034,
        0.6551724137931034
    ],
    "test_loss": [],
    "test_acc": []
}