{
    "train_loss": [
        1.3638857621699572,
        1.2993817571550608,
        1.236997039988637,
        1.1796433720737696,
        1.1371403895318508,
        1.1052208598703146,
        1.082145837135613,
        1.0621320568025112,
        1.0454086493700743,
        1.0321007641032338,
        1.0209294399246573,
        1.0088342726230621,
        0.997577827423811,
        0.9885798478499055,
        0.9764930810779333,
        0.9688281677663326,
        0.9609062457457185,
        0.9527520183473825,
        0.9432683913037181,
        0.9352252082899213,
        0.9262829283252358,
        0.9168715132400393,
        0.9085739143192768,
        0.9006086215376854,
        0.892569019459188,
        0.8848909549415112,
        0.8774779252707958,
        0.8711073184385896,
        0.86421565618366,
        0.8580849105492234,
        0.8514744807034731,
        0.8460618453100324,
        0.8393468866124749,
        0.8337872987613082,
        0.8283581016585231,
        0.8261716738343239,
        0.8180029345676303,
        0.8129487903788686,
        0.8088495470583439,
        0.8040125472471118,
        0.7990359775722027,
        0.7948302440345287,
        0.7907179221510887,
        0.7845110828056931,
        0.7847806932404637,
        0.7787810107693076,
        0.7745434809476137,
        0.7711711646988988,
        0.767897698096931,
        0.7649620454758406
    ],
    "train_acc": [
        0.32486979166666663,
        0.4253472222222222,
        0.4789496527777778,
        0.5151909722222223,
        0.5423177083333333,
        0.5594618055555556,
        0.5677083333333333,
        0.5815972222222222,
        0.591579861111111,
        0.5998263888888888,
        0.6024305555555556,
        0.6137152777777778,
        0.6143663194444444,
        0.6232638888888888,
        0.6304253472222222,
        0.6375868055555556,
        0.6399739583333333,
        0.6469184027777778,
        0.6475694444444444,
        0.6514756944444444,
        0.6618923611111112,
        0.6608072916666667,
        0.6671006944444444,
        0.6733940972222222,
        0.6703559027777778,
        0.6775173611111112,
        0.677734375,
        0.6846788194444444,
        0.6853298611111112,
        0.6842447916666667,
        0.6929253472222222,
        0.6907552083333334,
        0.6985677083333334,
        0.7009548611111112,
        0.7005208333333334,
        0.700954861111111,
        0.70703125,
        0.7100694444444444,
        0.7059461805555556,
        0.7122395833333333,
        0.7137586805555556,
        0.7170138888888888,
        0.7161458333333334,
        0.7189670138888888,
        0.7204861111111112,
        0.7254774305555556,
        0.7243923611111112,
        0.7261284722222222,
        0.7289496527777778,
        0.73046875
    ],
    "val_loss": [
        1.3268059957772493,
        1.261105690151453,
        1.2007105592638254,
        1.148030481301248,
        1.1117669260129333,
        1.0851100385189056,
        1.0656533241271973,
        1.046650123782456,
        1.0309026362374425,
        1.018667921423912,
        1.007474440149963,
        0.9938989104703069,
        0.9844136442989111,
        0.9746860731393099,
        0.965475901030004,
        0.9571686489507556,
        0.9474537475034595,
        0.9387860037386417,
        0.9304754622280598,
        0.9217137740924954,
        0.9131252001971006,
        0.9053083453327417,
        0.8949415236711502,
        0.8898964552208781,
        0.8795243464410305,
        0.8718163967132568,
        0.8655841546133161,
        0.859722051769495,
        0.8511140570044518,
        0.8428641585633159,
        0.8398249996826053,
        0.8315419107675552,
        0.8274820018559694,
        0.8234186042100191,
        0.8176773339509964,
        0.8145742518827319,
        0.8071307940408587,
        0.7994542578235269,
        0.7954868841916323,
        0.7915732059627771,
        0.7876372784376144,
        0.7825499195605516,
        0.7797373039647937,
        0.7740509165450931,
        0.7690658383071423,
        0.7668670117855072,
        0.7632602630183101,
        0.7587592555209994,
        0.7561421450227499,
        0.7534319562837481
    ],
    "val_acc": [
        0.4034288194444445,
        0.4650607638888889,
        0.5065104166666667,
        0.5316840277777778,
        0.5549045138888888,
        0.5653211805555556,
        0.5826822916666666,
        0.58984375,
        0.6026475694444444,
        0.6063368055555556,
        0.6176215277777778,
        0.6182725694444444,
        0.629123263888889,
        0.6336805555555556,
        0.6417100694444444,
        0.6438802083333333,
        0.6453993055555556,
        0.6549479166666667,
        0.6571180555555556,
        0.6631944444444444,
        0.6631944444444444,
        0.6731770833333334,
        0.6768663194444444,
        0.6775173611111112,
        0.6842447916666666,
        0.6866319444444444,
        0.689453125,
        0.6957465277777778,
        0.6920572916666667,
        0.7005208333333333,
        0.7018229166666667,
        0.6985677083333334,
        0.7052951388888888,
        0.708984375,
        0.7044270833333334,
        0.7107204861111112,
        0.712673611111111,
        0.7152777777777779,
        0.7202690972222223,
        0.7200520833333333,
        0.7215711805555556,
        0.7209201388888888,
        0.7233072916666667,
        0.7252604166666667,
        0.7274305555555556,
        0.7293836805555556,
        0.7328559027777777,
        0.7345920138888888,
        0.7354600694444444,
        0.7398003472222222
    ],
    "test_loss": [],
    "test_acc": []
}