{
    "train_loss": [
        3.2903541326522827,
        2.8796488642692566,
        2.6456135511398315,
        2.4398850798606873,
        2.3260693550109863,
        2.2830872535705566,
        2.2117053270339966,
        2.1907119750976562,
        2.183191418647766,
        2.152788758277893,
        2.188447952270508,
        2.1151496171951294,
        2.1462127566337585,
        2.1299559473991394,
        2.1393192410469055,
        2.11706405878067,
        2.06878262758255,
        2.080239951610565,
        2.0587399899959564,
        2.042607218027115,
        2.065342903137207,
        2.0228156447410583,
        2.011272966861725,
        2.03258615732193,
        2.0231721103191376,
        2.023481011390686,
        2.0004046857357025,
        2.0326288640499115,
        1.9864119589328766,
        1.985512375831604,
        1.9510055482387543,
        1.9697099030017853,
        1.967022567987442,
        1.9536483883857727,
        1.9370774328708649,
        1.9779654443264008,
        1.9300755858421326,
        1.9457966089248657,
        1.9082594811916351,
        1.9146170020103455,
        1.9006973505020142,
        1.951629400253296,
        1.9047548472881317,
        1.9009199738502502,
        1.8872797191143036,
        1.9005250334739685,
        1.8894054591655731,
        1.887012243270874,
        1.9055859744548798,
        1.8874824345111847
    ],
    "train_acc": [
        0.318452380952381,
        0.33630952380952384,
        0.3005952380952381,
        0.2891865079365079,
        0.35714285714285715,
        0.306547619047619,
        0.37450396825396826,
        0.3740079365079365,
        0.44146825396825395,
        0.4017857142857143,
        0.41220238095238093,
        0.41567460317460314,
        0.44047619047619047,
        0.44394841269841273,
        0.4652777777777778,
        0.5044642857142857,
        0.5009920634920635,
        0.4464285714285714,
        0.5218253968253969,
        0.5287698412698413,
        0.4851190476190476,
        0.5535714285714286,
        0.5461309523809523,
        0.5600198412698413,
        0.5634920634920635,
        0.5203373015873015,
        0.5629960317460317,
        0.5233134920634921,
        0.5451388888888888,
        0.5773809523809523,
        0.613095238095238,
        0.5768849206349207,
        0.5803571428571428,
        0.6339285714285714,
        0.6691468253968254,
        0.5327380952380953,
        0.6577380952380953,
        0.632440476190476,
        0.6969246031746031,
        0.668154761904762,
        0.6830357142857143,
        0.6607142857142857,
        0.7108134920634921,
        0.6820436507936508,
        0.7033730158730158,
        0.6884920634920635,
        0.6671626984126984,
        0.681547619047619,
        0.7023809523809523,
        0.7098214285714286
    ],
    "val_loss": [
        3.099188804626465,
        2.803058385848999,
        2.604212760925293,
        2.4786667823791504,
        2.396134614944458,
        2.3361878395080566,
        2.2867298126220703,
        2.245419502258301,
        2.218067169189453,
        2.204192638397217,
        2.197239398956299,
        2.1923298835754395,
        2.188261032104492,
        2.184598922729492,
        2.1823835372924805,
        2.1803367137908936,
        2.1773664951324463,
        2.1728103160858154,
        2.1669466495513916,
        2.1618549823760986,
        2.157191038131714,
        2.1521832942962646,
        2.148256301879883,
        2.1452808380126953,
        2.1422507762908936,
        2.1394433975219727,
        2.135427951812744,
        2.1303091049194336,
        2.125474452972412,
        2.1214170455932617,
        2.1179444789886475,
        2.1144590377807617,
        2.110025405883789,
        2.1065967082977295,
        2.1035218238830566,
        2.1002373695373535,
        2.0964064598083496,
        2.092097520828247,
        2.0883536338806152,
        2.084923267364502,
        2.082979440689087,
        2.080143690109253,
        2.076242685317993,
        2.0722758769989014,
        2.06905460357666,
        2.0665364265441895,
        2.064725160598755,
        2.0636956691741943,
        2.061405658721924,
        2.058938980102539
    ],
    "val_acc": [
        0.27586206896551724,
        0.27586206896551724,
        0.29310344827586204,
        0.3103448275862069,
        0.3275862068965517,
        0.3275862068965517,
        0.3275862068965517,
        0.3275862068965517,
        0.3793103448275862,
        0.39655172413793105,
        0.3793103448275862,
        0.3793103448275862,
        0.3275862068965517,
        0.3275862068965517,
        0.3275862068965517,
        0.3275862068965517,
        0.3448275862068966,
        0.3448275862068966,
        0.3620689655172414,
        0.3448275862068966,
        0.3620689655172414,
        0.3620689655172414,
        0.3620689655172414,
        0.3620689655172414,
        0.3448275862068966,
        0.3620689655172414,
        0.3620689655172414,
        0.3620689655172414,
        0.3620689655172414,
        0.3448275862068966,
        0.3448275862068966,
        0.3448275862068966,
        0.3448275862068966,
        0.3620689655172414,
        0.3793103448275862,
        0.3793103448275862,
        0.39655172413793105,
        0.41379310344827586,
        0.41379310344827586,
        0.43103448275862066,
        0.41379310344827586,
        0.43103448275862066,
        0.4482758620689655,
        0.4482758620689655,
        0.46551724137931033,
        0.4482758620689655,
        0.46551724137931033,
        0.46551724137931033,
        0.46551724137931033,
        0.4827586206896552
    ],
    "test_loss": [],
    "test_acc": []
}