{
    "train_loss": [
        1.0374686270952225,
        1.0086363106966019,
        1.1859821379184723,
        0.9575400054454803,
        1.071817770600319,
        1.0787001848220825,
        0.9661675095558167,
        1.0158209055662155,
        0.9668118208646774,
        0.93961101770401,
        0.978175163269043,
        0.9638832211494446,
        0.9727662354707718,
        0.9882654994726181,
        0.9881411790847778,
        0.9149810373783112,
        0.9525019228458405,
        0.9681758433580399,
        1.001754254102707,
        0.951177254319191,
        0.8833495825529099,
        0.9107432961463928,
        0.9645970165729523,
        1.0081365555524826,
        0.9100099951028824,
        0.9332213252782822,
        0.9179970920085907,
        0.9481515288352966,
        0.9108143448829651,
        0.9384165555238724,
        0.9248815029859543,
        0.9460383206605911,
        0.8634451478719711,
        0.8641027510166168,
        0.8870732337236404,
        0.8706411719322205,
        0.928552120923996,
        0.8614800870418549,
        0.921436682343483,
        0.8269642740488052,
        0.8644791841506958,
        0.8412462621927261,
        0.8249776214361191,
        0.8957468569278717,
        0.8868391662836075,
        0.8757482171058655,
        0.839942455291748,
        0.8264869749546051,
        0.8242241144180298,
        0.8673823773860931
    ],
    "train_acc": [
        0.6021825396825398,
        0.6046626984126984,
        0.5615079365079365,
        0.6765873015873016,
        0.5798611111111112,
        0.579861111111111,
        0.6438492063492063,
        0.5823412698412698,
        0.6651785714285714,
        0.6865079365079365,
        0.6716269841269842,
        0.6577380952380952,
        0.6463293650793651,
        0.6607142857142857,
        0.6572420634920635,
        0.714781746031746,
        0.6860119047619048,
        0.7038690476190476,
        0.6750992063492064,
        0.668154761904762,
        0.7251984126984128,
        0.6820436507936508,
        0.6423611111111112,
        0.6388888888888888,
        0.6716269841269841,
        0.6676587301587301,
        0.6820436507936508,
        0.6423611111111112,
        0.7033730158730158,
        0.663690476190476,
        0.6567460317460316,
        0.6850198412698413,
        0.6924603174603174,
        0.7103174603174602,
        0.7316468253968255,
        0.6711309523809524,
        0.6741071428571428,
        0.6850198412698413,
        0.6423611111111112,
        0.7316468253968254,
        0.7455357142857143,
        0.7599206349206349,
        0.7346230158730158,
        0.6770833333333333,
        0.7127976190476191,
        0.7237103174603176,
        0.716765873015873,
        0.7450396825396826,
        0.7559523809523809,
        0.7127976190476191
    ],
    "val_loss": [
        1.0640023946762085,
        1.0294781923294067,
        1.0103353261947632,
        0.9939596652984619,
        0.9877931475639343,
        0.9809778928756714,
        0.9765982627868652,
        0.9736786484718323,
        0.9687972664833069,
        0.9659243822097778,
        0.9648438692092896,
        0.9639241695404053,
        0.9587019085884094,
        0.9569216966629028,
        0.958646833896637,
        0.954434871673584,
        0.9505385160446167,
        0.950375497341156,
        0.9480556845664978,
        0.9442223310470581,
        0.9421905875205994,
        0.941253125667572,
        0.9408320784568787,
        0.9387646913528442,
        0.9376264214515686,
        0.9352848529815674,
        0.9355055689811707,
        0.9346595406532288,
        0.9344834685325623,
        0.932898759841919,
        0.9321447610855103,
        0.931643009185791,
        0.929264485836029,
        0.9281933903694153,
        0.9286359548568726,
        0.9264774322509766,
        0.9267010688781738,
        0.9274805784225464,
        0.925767719745636,
        0.9246877431869507,
        0.9251679182052612,
        0.9244815707206726,
        0.9207241535186768,
        0.9206240177154541,
        0.9202890992164612,
        0.9201595187187195,
        0.9186022281646729,
        0.9170005321502686,
        0.9176262021064758,
        0.917701244354248
    ],
    "val_acc": [
        0.603448275862069,
        0.5862068965517241,
        0.5862068965517241,
        0.5689655172413793,
        0.603448275862069,
        0.603448275862069,
        0.603448275862069,
        0.603448275862069,
        0.603448275862069,
        0.603448275862069,
        0.603448275862069,
        0.603448275862069,
        0.603448275862069,
        0.603448275862069,
        0.603448275862069,
        0.603448275862069,
        0.603448275862069,
        0.603448275862069,
        0.603448275862069,
        0.603448275862069,
        0.603448275862069,
        0.603448275862069,
        0.603448275862069,
        0.603448275862069,
        0.603448275862069,
        0.603448275862069,
        0.6206896551724138,
        0.6206896551724138,
        0.6206896551724138,
        0.6206896551724138,
        0.6206896551724138,
        0.6206896551724138,
        0.6206896551724138,
        0.6206896551724138,
        0.6206896551724138,
        0.6206896551724138,
        0.6206896551724138,
        0.6206896551724138,
        0.6206896551724138,
        0.6206896551724138,
        0.6206896551724138,
        0.6206896551724138,
        0.6206896551724138,
        0.6206896551724138,
        0.6379310344827587,
        0.6379310344827587,
        0.6379310344827587,
        0.6379310344827587,
        0.6379310344827587,
        0.6551724137931034
    ],
    "test_loss": [],
    "test_acc": []
}