{
    "train_loss": [
        1.3650712110102177,
        1.3137922752648592,
        1.2728976756334305,
        1.2320726923644543,
        1.1939280796796083,
        1.1639221590012312,
        1.137504504993558,
        1.117649033665657,
        1.0999603271484375,
        1.0822819350287318,
        1.069235379807651,
        1.056775708682835,
        1.0457949405536056,
        1.0378071535378695,
        1.0294889314100146,
        1.0197004824876785,
        1.0133807081729174,
        1.0066154524683952,
        0.999129799194634,
        0.9947208482772112,
        0.9881605571135879,
        0.9810644946992397,
        0.9754873290657997,
        0.969080843962729,
        0.9621555209159851,
        0.9563047718256712,
        0.9475938025861979,
        0.9390394892543554,
        0.9332778183743358,
        0.9249446466565132,
        0.9149515982717276,
        0.9095498211681843,
        0.9007877800613642,
        0.8940118486061692,
        0.8877266338095069,
        0.882656566798687,
        0.875450074672699,
        0.8724905792623758,
        0.8690081601962447,
        0.8613316575065255,
        0.8567889789119363,
        0.8542519900947809,
        0.8498414568603039,
        0.8455997481942177,
        0.840872623026371,
        0.8363703321665525,
        0.8341063456609845,
        0.8291254350915551,
        0.8258443027734756,
        0.8230786826461554
    ],
    "train_acc": [
        0.31618923611111116,
        0.3956163194444444,
        0.4476996527777778,
        0.4848090277777778,
        0.5045572916666667,
        0.5269097222222221,
        0.5386284722222223,
        0.5516493055555556,
        0.5601128472222223,
        0.5659722222222222,
        0.578125,
        0.5844184027777778,
        0.5939670138888888,
        0.6026475694444444,
        0.6052517361111112,
        0.6108940972222223,
        0.619140625,
        0.6167534722222222,
        0.6221788194444444,
        0.6271701388888888,
        0.6256510416666667,
        0.6312934027777778,
        0.634548611111111,
        0.6417100694444445,
        0.6460503472222223,
        0.6475694444444444,
        0.6551649305555556,
        0.6588541666666667,
        0.6571180555555556,
        0.6751302083333334,
        0.6736111111111112,
        0.6759982638888888,
        0.6822916666666667,
        0.681640625,
        0.685763888888889,
        0.6868489583333333,
        0.6924913194444444,
        0.6942274305555556,
        0.6950954861111112,
        0.6929253472222222,
        0.701171875,
        0.7000868055555556,
        0.7024739583333333,
        0.7033420138888888,
        0.7083333333333334,
        0.7094184027777777,
        0.7135416666666666,
        0.7076822916666667,
        0.7102864583333333,
        0.7137586805555556
    ],
    "val_loss": [
        1.3289483301341534,
        1.2844846453517675,
        1.242493761703372,
        1.2019180916249752,
        1.1661709994077682,
        1.1385879814624786,
        1.1164806094020605,
        1.0947036975994706,
        1.0787371573969722,
        1.0654228143393993,
        1.0508113745599985,
        1.039727570489049,
        1.0289163095876575,
        1.0217161495238543,
        1.0120732579380274,
        1.0057837599888444,
        0.9974887641146779,
        0.9929701462388039,
        0.9864804586395621,
        0.979749608784914,
        0.9732363307848573,
        0.967374905012548,
        0.9606435345485806,
        0.9542453866451979,
        0.9469731273129582,
        0.9410016229376197,
        0.9324764171615243,
        0.9246186753734946,
        0.9174409853294492,
        0.9076406517997384,
        0.9022971633821726,
        0.8918929919600487,
        0.8856464019045234,
        0.8844134714454412,
        0.8734592404216528,
        0.8673155037686229,
        0.8652866194024682,
        0.8596204118803144,
        0.8527907757088542,
        0.8483559163287282,
        0.8434044383466244,
        0.8384334025904536,
        0.8348059505224228,
        0.8314483175054193,
        0.8256578501313925,
        0.8237953614443541,
        0.8194884061813354,
        0.8160315584391356,
        0.811832414008677,
        0.81059464905411
    ],
    "val_acc": [
        0.3927951388888889,
        0.4372829861111111,
        0.478515625,
        0.5067274305555556,
        0.5251736111111112,
        0.5436197916666666,
        0.552517361111111,
        0.5655381944444444,
        0.5707465277777778,
        0.5850694444444444,
        0.5859375,
        0.6009114583333333,
        0.6050347222222222,
        0.6108940972222223,
        0.6189236111111112,
        0.622829861111111,
        0.6293402777777778,
        0.626953125,
        0.6325954861111112,
        0.6384548611111112,
        0.642578125,
        0.6414930555555556,
        0.6462673611111112,
        0.6490885416666667,
        0.6547309027777778,
        0.6575520833333335,
        0.6634114583333334,
        0.6673177083333333,
        0.6783854166666667,
        0.6809895833333334,
        0.6807725694444444,
        0.6898871527777779,
        0.6896701388888888,
        0.6861979166666666,
        0.6957465277777778,
        0.6998697916666667,
        0.6996527777777778,
        0.7057291666666666,
        0.707248263888889,
        0.7098524305555556,
        0.7137586805555556,
        0.7098524305555556,
        0.7137586805555556,
        0.712890625,
        0.7189670138888888,
        0.7180989583333333,
        0.718532986111111,
        0.7157118055555556,
        0.722873263888889,
        0.7200520833333333
    ],
    "test_loss": [],
    "test_acc": []
}