{
    "train_loss": [
        1.6986136436462402,
        1.6801611483097076,
        1.7096900939941406,
        1.6232005655765533,
        1.6157205402851105,
        1.6069407165050507,
        1.580473929643631,
        1.5469623506069183,
        1.5660672187805176,
        1.5906080305576324,
        1.539177119731903,
        1.539029836654663,
        1.481981337070465,
        1.5015813708305359,
        1.531210869550705,
        1.4694839715957642,
        1.4503020644187927,
        1.3777014911174774,
        1.4859201312065125,
        1.4315011203289032,
        1.4574779272079468,
        1.3993809223175049,
        1.461916446685791,
        1.4141109585762024,
        1.4531835913658142,
        1.3464853465557098,
        1.344700276851654,
        1.3740438520908356,
        1.409991979598999,
        1.381446212530136,
        1.3478365242481232,
        1.4173710942268372,
        1.2963469922542572,
        1.4086520075798035,
        1.3216563761234283,
        1.3205286264419556,
        1.319631963968277,
        1.3408290445804596,
        1.2907515466213226,
        1.2928696870803833,
        1.2747732400894165,
        1.3434227108955383,
        1.30327507853508,
        1.2931488156318665,
        1.2200732231140137,
        1.2906857132911682,
        1.2719644606113434,
        1.246600329875946,
        1.1880267262458801,
        1.2349192798137665
    ],
    "train_acc": [
        0.6438492063492064,
        0.5967261904761905,
        0.6428571428571428,
        0.6750992063492063,
        0.6711309523809523,
        0.6676587301587301,
        0.6493055555555556,
        0.7038690476190477,
        0.6924603174603174,
        0.7103174603174603,
        0.7172619047619048,
        0.6959325396825398,
        0.7281746031746031,
        0.6850198412698413,
        0.6810515873015872,
        0.7380952380952381,
        0.7237103174603174,
        0.7599206349206349,
        0.6770833333333333,
        0.7346230158730158,
        0.716765873015873,
        0.7127976190476191,
        0.7018849206349207,
        0.7232142857142857,
        0.7266865079365079,
        0.7197420634920635,
        0.7485119047619047,
        0.7410714285714286,
        0.7336309523809523,
        0.7336309523809523,
        0.7584325396825398,
        0.7296626984126984,
        0.7911706349206349,
        0.722718253968254,
        0.7728174603174602,
        0.769345238095238,
        0.7549603174603174,
        0.7693452380952381,
        0.783234126984127,
        0.7589285714285714,
        0.7837301587301587,
        0.7475198412698413,
        0.7475198412698413,
        0.7549603174603176,
        0.7728174603174602,
        0.7261904761904763,
        0.7762896825396826,
        0.7688492063492064,
        0.8149801587301587,
        0.7762896825396826
    ],
    "val_loss": [
        1.695394515991211,
        1.693758487701416,
        1.6913189888000488,
        1.6864895820617676,
        1.68117356300354,
        1.6761445999145508,
        1.6706907749176025,
        1.6647220849990845,
        1.6584787368774414,
        1.6563074588775635,
        1.6541621685028076,
        1.6508746147155762,
        1.646339774131775,
        1.6436131000518799,
        1.6418368816375732,
        1.6399180889129639,
        1.6358296871185303,
        1.6341402530670166,
        1.6282892227172852,
        1.6243109703063965,
        1.6198341846466064,
        1.6168475151062012,
        1.6141451597213745,
        1.6114718914031982,
        1.6073864698410034,
        1.6031265258789062,
        1.5994508266448975,
        1.596298336982727,
        1.5955206155776978,
        1.594876766204834,
        1.5940501689910889,
        1.5900356769561768,
        1.5875180959701538,
        1.5869898796081543,
        1.5824813842773438,
        1.5767751932144165,
        1.5735474824905396,
        1.569177508354187,
        1.5669491291046143,
        1.565720796585083,
        1.5643805265426636,
        1.5627400875091553,
        1.560281753540039,
        1.5572896003723145,
        1.556731939315796,
        1.5587093830108643,
        1.5577175617218018,
        1.5541905164718628,
        1.5531258583068848,
        1.5536096096038818
    ],
    "val_acc": [
        0.7068965517241379,
        0.7068965517241379,
        0.6896551724137931,
        0.6896551724137931,
        0.6896551724137931,
        0.6896551724137931,
        0.6896551724137931,
        0.6896551724137931,
        0.7068965517241379,
        0.7068965517241379,
        0.7068965517241379,
        0.7068965517241379,
        0.7068965517241379,
        0.6896551724137931,
        0.7068965517241379,
        0.7068965517241379,
        0.6896551724137931,
        0.6896551724137931,
        0.6896551724137931,
        0.6896551724137931,
        0.6896551724137931,
        0.6896551724137931,
        0.6896551724137931,
        0.7068965517241379,
        0.7068965517241379,
        0.7068965517241379,
        0.7068965517241379,
        0.7068965517241379,
        0.7068965517241379,
        0.7068965517241379,
        0.7068965517241379,
        0.6896551724137931,
        0.7068965517241379,
        0.6896551724137931,
        0.7068965517241379,
        0.7068965517241379,
        0.7068965517241379,
        0.7068965517241379,
        0.7068965517241379,
        0.7068965517241379,
        0.7068965517241379,
        0.7068965517241379,
        0.7068965517241379,
        0.7068965517241379,
        0.7068965517241379,
        0.7068965517241379,
        0.7068965517241379,
        0.7068965517241379,
        0.7068965517241379,
        0.7068965517241379
    ],
    "test_loss": [],
    "test_acc": []
}