{
    "train_loss": [
        2.0368449091911316,
        2.0084302127361298,
        2.0134039223194122,
        1.9585858285427094,
        1.9757988154888153,
        1.9709384441375732,
        1.94514662027359,
        1.9512762427330017,
        1.9333730936050415,
        1.8391057252883911,
        1.884236216545105,
        1.8520358800888062,
        1.913821280002594,
        1.858833372592926,
        1.885984629392624,
        1.8740784227848053,
        1.8972176611423492,
        1.8162801861763,
        1.8738306760787964,
        1.8829994797706604,
        1.8666863143444061,
        1.8382373750209808,
        1.8109009265899658,
        1.8629646599292755,
        1.8457301259040833,
        1.8183961808681488,
        1.8238564431667328,
        1.8405124247074127,
        1.840356558561325,
        1.779323399066925,
        1.7845341265201569,
        1.826062560081482,
        1.821366548538208,
        1.771960973739624,
        1.7747159004211426,
        1.7739042043685913,
        1.7641957104206085,
        1.7260175943374634,
        1.777182251214981,
        1.7996171116828918,
        1.7258281707763672,
        1.7614480257034302,
        1.7820836305618286,
        1.737060695886612,
        1.7269087433815002,
        1.7553525567054749,
        1.7434247732162476,
        1.7445260286331177,
        1.7218187153339386,
        1.7085367441177368
    ],
    "train_acc": [
        0.668154761904762,
        0.6468253968253969,
        0.6572420634920635,
        0.6750992063492064,
        0.6537698412698413,
        0.5997023809523809,
        0.6354166666666667,
        0.6711309523809524,
        0.6999007936507936,
        0.7286706349206349,
        0.6567460317460316,
        0.7321428571428572,
        0.6780753968253969,
        0.7212301587301587,
        0.6850198412698413,
        0.65625,
        0.6671626984126984,
        0.7212301587301587,
        0.6850198412698413,
        0.6850198412698413,
        0.6924603174603174,
        0.720734126984127,
        0.7385912698412699,
        0.65625,
        0.7276785714285714,
        0.7242063492063492,
        0.6919642857142857,
        0.6954365079365079,
        0.6810515873015872,
        0.7599206349206349,
        0.6845238095238095,
        0.7524801587301588,
        0.7058531746031745,
        0.7415674603174603,
        0.7375992063492064,
        0.7127976190476191,
        0.6984126984126984,
        0.7703373015873016,
        0.777281746031746,
        0.7232142857142857,
        0.7807539682539684,
        0.7266865079365079,
        0.7266865079365079,
        0.6944444444444444,
        0.7698412698412699,
        0.7301587301587301,
        0.751984126984127,
        0.7232142857142857,
        0.7589285714285714,
        0.7946428571428572
    ],
    "val_loss": [
        2.097761869430542,
        2.0626683235168457,
        2.0365376472473145,
        2.0167477130889893,
        2.0042035579681396,
        1.997075080871582,
        1.9927141666412354,
        1.9895877838134766,
        1.9875731468200684,
        1.9866797924041748,
        1.9872137308120728,
        1.9869015216827393,
        1.9865918159484863,
        1.9851646423339844,
        1.9824517965316772,
        1.9811928272247314,
        1.980037808418274,
        1.9788748025894165,
        1.9767929315567017,
        1.974251389503479,
        1.9718348979949951,
        1.9693982601165771,
        1.9683797359466553,
        1.9666781425476074,
        1.9645142555236816,
        1.963363766670227,
        1.9629218578338623,
        1.962833285331726,
        1.9623558521270752,
        1.9620990753173828,
        1.9623045921325684,
        1.963006615638733,
        1.9619786739349365,
        1.9599331617355347,
        1.958592176437378,
        1.957818865776062,
        1.9576075077056885,
        1.9573733806610107,
        1.9572468996047974,
        1.9572420120239258,
        1.9570425748825073,
        1.9563493728637695,
        1.9542198181152344,
        1.9526797533035278,
        1.951019287109375,
        1.9510265588760376,
        1.9502662420272827,
        1.9502418041229248,
        1.9505993127822876,
        1.9507571458816528
    ],
    "val_acc": [
        0.5,
        0.5517241379310345,
        0.5689655172413793,
        0.5862068965517241,
        0.6206896551724138,
        0.603448275862069,
        0.5862068965517241,
        0.603448275862069,
        0.603448275862069,
        0.603448275862069,
        0.603448275862069,
        0.6206896551724138,
        0.6206896551724138,
        0.6379310344827587,
        0.6551724137931034,
        0.6551724137931034,
        0.6551724137931034,
        0.6551724137931034,
        0.6379310344827587,
        0.6551724137931034,
        0.6551724137931034,
        0.6551724137931034,
        0.6551724137931034,
        0.6551724137931034,
        0.6551724137931034,
        0.6551724137931034,
        0.6551724137931034,
        0.6551724137931034,
        0.6551724137931034,
        0.6379310344827587,
        0.6379310344827587,
        0.6379310344827587,
        0.6379310344827587,
        0.6379310344827587,
        0.6379310344827587,
        0.6379310344827587,
        0.6551724137931034,
        0.6379310344827587,
        0.6379310344827587,
        0.6379310344827587,
        0.6551724137931034,
        0.6551724137931034,
        0.6551724137931034,
        0.6551724137931034,
        0.6551724137931034,
        0.6379310344827587,
        0.6551724137931034,
        0.6551724137931034,
        0.6551724137931034,
        0.6551724137931034
    ],
    "test_loss": [],
    "test_acc": []
}