{
    "train_loss": [
        2.0799222830682993,
        2.0124720372259617,
        1.971672059968114,
        1.933092536404729,
        1.8993299957364798,
        1.8728192411363125,
        1.8468346465379,
        1.8254793547093868,
        1.8073519691824913,
        1.785910302773118,
        1.7697160933166742,
        1.7560676857829094,
        1.7368109188973904,
        1.7233943678438663,
        1.70883983746171,
        1.6912708170711994,
        1.6790642980486155,
        1.6665818262845278,
        1.6489269938319921,
        1.6340843886137009,
        1.617500962689519,
        1.6037491541355848,
        1.5864502303302288,
        1.5732774659991264,
        1.5574267953634262,
        1.5407015159726143,
        1.5276532582938671,
        1.5083154141902924,
        1.5027836672961712,
        1.4815520085394382,
        1.466587457805872,
        1.4575320705771446,
        1.4392630569636822,
        1.4272859264165163,
        1.4095412194728851,
        1.395941549912095,
        1.3838469441980124,
        1.3714889828115702,
        1.3632762040942907,
        1.342946246266365,
        1.3330501522868872,
        1.3213191200047731,
        1.306971738114953,
        1.2906597796827555,
        1.284257935360074,
        1.2680591475218534,
        1.2539935614913702,
        1.2422606144100428,
        1.2356823273003101,
        1.219909593462944
    ],
    "train_acc": [
        0.3174913194444445,
        0.388671875,
        0.4244791666666667,
        0.4622395833333333,
        0.47873263888888884,
        0.5049913194444444,
        0.5143229166666666,
        0.5190972222222223,
        0.5327690972222222,
        0.5425347222222222,
        0.5501302083333333,
        0.5659722222222222,
        0.5620659722222222,
        0.5740017361111112,
        0.5855034722222222,
        0.5922309027777778,
        0.5972222222222223,
        0.6082899305555555,
        0.6128472222222223,
        0.62109375,
        0.6228298611111112,
        0.630859375,
        0.6328125,
        0.6410590277777778,
        0.6456163194444444,
        0.6547309027777778,
        0.6514756944444444,
        0.6603732638888888,
        0.6673177083333334,
        0.6677517361111112,
        0.6671006944444444,
        0.6775173611111112,
        0.6779513888888888,
        0.6786024305555556,
        0.6809895833333333,
        0.6822916666666667,
        0.6940104166666667,
        0.6922743055555556,
        0.6944444444444444,
        0.6942274305555556,
        0.6983506944444444,
        0.7007378472222222,
        0.7003038194444444,
        0.7092013888888888,
        0.708984375,
        0.7120225694444444,
        0.7141927083333334,
        0.7111545138888888,
        0.7124565972222221,
        0.7139756944444444
    ],
    "val_loss": [
        2.0220610853284597,
        1.981018103659153,
        1.942757599055767,
        1.9034513551741838,
        1.8691974096000195,
        1.844339493662119,
        1.8155297469347715,
        1.8001151904463768,
        1.7812761776149273,
        1.764801051467657,
        1.7437278758734465,
        1.7294792160391808,
        1.7203752938658,
        1.6923895981162786,
        1.6798748522996902,
        1.6780224665999413,
        1.6547072008252144,
        1.6334104780107737,
        1.6177816782146692,
        1.6027798522263765,
        1.594281429424882,
        1.571322225034237,
        1.5656502805650234,
        1.5482392013072968,
        1.5325089823454618,
        1.516355961561203,
        1.5066606346517801,
        1.4963023290038109,
        1.4711558371782303,
        1.4550454337149858,
        1.4589399192482233,
        1.4244484212249517,
        1.411466447636485,
        1.3913723211735487,
        1.378713009878993,
        1.3653589952737093,
        1.353032175451517,
        1.3384642153978348,
        1.333831544034183,
        1.314533917233348,
        1.3079447019845247,
        1.291762888431549,
        1.2780545679852366,
        1.2625308791175485,
        1.2545900214463472,
        1.2377220122143626,
        1.2280146284028888,
        1.2099580205976963,
        1.2040545670315623,
        1.1832871465012431
    ],
    "val_acc": [
        0.3806423611111111,
        0.427734375,
        0.4672309027777778,
        0.4791666666666667,
        0.49934895833333326,
        0.5223524305555556,
        0.5301649305555556,
        0.5403645833333334,
        0.5514322916666667,
        0.560546875,
        0.5616319444444444,
        0.5748697916666667,
        0.5811631944444444,
        0.5868055555555556,
        0.5980902777777777,
        0.6052517361111112,
        0.6161024305555556,
        0.6145833333333334,
        0.629123263888889,
        0.6358506944444444,
        0.6417100694444444,
        0.6453993055555556,
        0.6519097222222223,
        0.6586371527777777,
        0.6616753472222223,
        0.6638454861111112,
        0.6666666666666667,
        0.6764322916666667,
        0.6775173611111112,
        0.6796875,
        0.6838107638888888,
        0.6820746527777777,
        0.6859809027777778,
        0.6883680555555556,
        0.697048611111111,
        0.6979166666666667,
        0.7026909722222222,
        0.7020399305555556,
        0.7078993055555555,
        0.7065972222222222,
        0.7107204861111112,
        0.7120225694444445,
        0.7157118055555556,
        0.7163628472222222,
        0.7198350694444444,
        0.7189670138888888,
        0.722439236111111,
        0.7211371527777778,
        0.7250434027777777,
        0.7250434027777778
    ],
    "test_loss": [],
    "test_acc": []
}