{
    "train_loss": [
        1.995833933353424,
        2.0215478241443634,
        1.9519970417022705,
        1.9558496177196503,
        1.9149147868156433,
        1.8740959763526917,
        1.8459310233592987,
        1.941148042678833,
        1.8822565972805023,
        1.8704795241355896,
        1.8808829486370087,
        1.8745582401752472,
        1.8383157849311829,
        1.888890564441681,
        1.8372965455055237,
        1.8586872816085815,
        1.9147498905658722,
        1.8037000894546509,
        1.811044454574585,
        1.830438643693924,
        1.8005548119544983,
        1.7784551084041595,
        1.8413831293582916,
        1.8034577071666718,
        1.8044850826263428,
        1.8000040650367737,
        1.761938750743866,
        1.7775582075119019,
        1.767895668745041,
        1.7678194046020508,
        1.7484939098358154,
        1.7277496755123138,
        1.7454822659492493,
        1.7493002116680145,
        1.74759179353714,
        1.756971389055252,
        1.7412524223327637,
        1.6825761198997498,
        1.730748564004898,
        1.706392765045166,
        1.6813876330852509,
        1.728146493434906,
        1.7094721496105194,
        1.7111483812332153,
        1.6734764277935028,
        1.66757133603096,
        1.6992614269256592,
        1.6804871559143066,
        1.700310468673706,
        1.6619548201560974
    ],
    "train_acc": [
        0.5987103174603174,
        0.5694444444444444,
        0.6160714285714286,
        0.558531746031746,
        0.6374007936507937,
        0.6339285714285714,
        0.6517857142857143,
        0.6339285714285714,
        0.6408730158730158,
        0.5763888888888888,
        0.644345238095238,
        0.6116071428571428,
        0.6011904761904763,
        0.5719246031746033,
        0.6259920634920635,
        0.6259920634920635,
        0.5471230158730159,
        0.6294642857142857,
        0.6041666666666666,
        0.6369047619047619,
        0.6185515873015873,
        0.6329365079365079,
        0.607638888888889,
        0.6651785714285714,
        0.6220238095238095,
        0.6721230158730158,
        0.654265873015873,
        0.628968253968254,
        0.6111111111111112,
        0.6721230158730159,
        0.6185515873015873,
        0.6686507936507936,
        0.6468253968253969,
        0.625,
        0.6572420634920635,
        0.628968253968254,
        0.6393849206349206,
        0.675595238095238,
        0.6393849206349207,
        0.7038690476190476,
        0.7003968253968254,
        0.7033730158730158,
        0.6607142857142857,
        0.6964285714285714,
        0.7038690476190476,
        0.7108134920634921,
        0.6567460317460316,
        0.6820436507936508,
        0.6959325396825397,
        0.685515873015873
    ],
    "val_loss": [
        1.905644178390503,
        1.8950939178466797,
        1.891724705696106,
        1.8887465000152588,
        1.8862476348876953,
        1.8830822706222534,
        1.8811485767364502,
        1.8812154531478882,
        1.8833261728286743,
        1.883615255355835,
        1.8813258409500122,
        1.8792099952697754,
        1.8783643245697021,
        1.8773345947265625,
        1.8769407272338867,
        1.8760586977005005,
        1.8754048347473145,
        1.8726365566253662,
        1.8695802688598633,
        1.8688514232635498,
        1.8679454326629639,
        1.8673475980758667,
        1.8669421672821045,
        1.8652490377426147,
        1.8651524782180786,
        1.8648262023925781,
        1.8642902374267578,
        1.8639944791793823,
        1.862756371498108,
        1.8621211051940918,
        1.8609051704406738,
        1.8605210781097412,
        1.8601372241973877,
        1.8597474098205566,
        1.8600603342056274,
        1.859627604484558,
        1.8592958450317383,
        1.8597593307495117,
        1.859316349029541,
        1.858513355255127,
        1.8583673238754272,
        1.8583132028579712,
        1.8568307161331177,
        1.8563129901885986,
        1.8548612594604492,
        1.8543142080307007,
        1.8545353412628174,
        1.8561726808547974,
        1.854356050491333,
        1.8520935773849487
    ],
    "val_acc": [
        0.5862068965517241,
        0.603448275862069,
        0.6206896551724138,
        0.6206896551724138,
        0.6379310344827587,
        0.6379310344827587,
        0.6724137931034483,
        0.6724137931034483,
        0.6896551724137931,
        0.6896551724137931,
        0.6896551724137931,
        0.6724137931034483,
        0.6896551724137931,
        0.6896551724137931,
        0.6896551724137931,
        0.6896551724137931,
        0.6896551724137931,
        0.6724137931034483,
        0.6724137931034483,
        0.6724137931034483,
        0.6724137931034483,
        0.6724137931034483,
        0.6724137931034483,
        0.6724137931034483,
        0.6724137931034483,
        0.6724137931034483,
        0.6724137931034483,
        0.7068965517241379,
        0.6896551724137931,
        0.6896551724137931,
        0.6896551724137931,
        0.6896551724137931,
        0.7068965517241379,
        0.6896551724137931,
        0.6896551724137931,
        0.6896551724137931,
        0.6896551724137931,
        0.6896551724137931,
        0.6896551724137931,
        0.7068965517241379,
        0.6896551724137931,
        0.7068965517241379,
        0.7068965517241379,
        0.7068965517241379,
        0.6896551724137931,
        0.6724137931034483,
        0.6724137931034483,
        0.6724137931034483,
        0.6896551724137931,
        0.6896551724137931
    ],
    "test_loss": [],
    "test_acc": []
}