{
    "train_loss": [
        2.199527759104967,
        2.0495111029595137,
        1.9649021625518799,
        1.8940441757440567,
        1.8442669846117496,
        1.8071632329374552,
        1.7745818197727203,
        1.7517580073326826,
        1.7296485770493746,
        1.7118318025022745,
        1.6953387334942818,
        1.6784471552819014,
        1.6625503804534674,
        1.6502998247742653,
        1.6359957363456488,
        1.624527931213379,
        1.613918248564005,
        1.6020275503396988,
        1.5936011094599962,
        1.5781567078083754,
        1.5662292893975973,
        1.5532408449798822,
        1.5444636177271605,
        1.533795876428485,
        1.520182367414236,
        1.5078085139393806,
        1.4958629049360752,
        1.486986568197608,
        1.4716121461242437,
        1.4542929362505674,
        1.446514679118991,
        1.431997837498784,
        1.421099143102765,
        1.4095681589096785,
        1.395642776042223,
        1.3838831149041653,
        1.3791948948055506,
        1.3624132368713617,
        1.3524019178003073,
        1.3378179669380188,
        1.328888837248087,
        1.324867770075798,
        1.3086989466100931,
        1.2973030805587769,
        1.286761960014701,
        1.2806378602981567,
        1.2693960350006819,
        1.2568972539156675,
        1.2451959121972322,
        1.237772261723876
    ],
    "train_acc": [
        0.32096354166666663,
        0.4318576388888889,
        0.4741753472222222,
        0.5069444444444444,
        0.5303819444444444,
        0.5438368055555556,
        0.5588107638888888,
        0.570095486111111,
        0.5787760416666666,
        0.5835503472222222,
        0.5970052083333333,
        0.6009114583333334,
        0.6039496527777778,
        0.6087239583333334,
        0.611328125,
        0.6174045138888888,
        0.6195746527777779,
        0.6276041666666667,
        0.6304253472222222,
        0.6354166666666666,
        0.6401909722222222,
        0.6432291666666667,
        0.6436631944444444,
        0.6506076388888888,
        0.6558159722222221,
        0.6525607638888888,
        0.6625434027777778,
        0.6644965277777779,
        0.6725260416666666,
        0.669921875,
        0.67578125,
        0.6716579861111112,
        0.6790364583333333,
        0.6768663194444444,
        0.6864149305555556,
        0.6905381944444444,
        0.687717013888889,
        0.6890190972222222,
        0.6955295138888888,
        0.6942274305555555,
        0.7016059027777777,
        0.705078125,
        0.705295138888889,
        0.7068142361111112,
        0.7081163194444444,
        0.7102864583333333,
        0.7135416666666666,
        0.7154947916666667,
        0.72265625,
        0.7146267361111112
    ],
    "val_loss": [
        2.0858196690678596,
        1.9900778885930777,
        1.922691272571683,
        1.8544419799000025,
        1.8114705234766006,
        1.7771912105381489,
        1.745699068531394,
        1.723771445453167,
        1.7029700819402933,
        1.6957652419805527,
        1.6742293983697891,
        1.656347019597888,
        1.6438407860696316,
        1.6320340633392334,
        1.6176802907139063,
        1.6022977773100138,
        1.6043479926884174,
        1.5782972536981106,
        1.568785471841693,
        1.5656202882528305,
        1.544442605227232,
        1.5388913974165916,
        1.5239101611077785,
        1.5182484555989504,
        1.5018448494374752,
        1.4834722634404898,
        1.4705498926341534,
        1.4671651907265186,
        1.4470325224101543,
        1.4429318476468325,
        1.4237423576414585,
        1.4032106045633554,
        1.3990817852318287,
        1.385656088590622,
        1.3744207080453634,
        1.3676096964627504,
        1.354762326925993,
        1.3399827182292938,
        1.3308368623256683,
        1.3201642967760563,
        1.3059407714754343,
        1.2903851997107267,
        1.2877673311159015,
        1.2781172320246696,
        1.2569957505911589,
        1.2539772829040885,
        1.2504850514233112,
        1.2418143786489964,
        1.220504834316671,
        1.2179043721407652
    ],
    "val_acc": [
        0.41276041666666663,
        0.46354166666666663,
        0.5060763888888888,
        0.5245225694444444,
        0.5453559027777778,
        0.5594618055555556,
        0.5700954861111112,
        0.5770399305555556,
        0.5911458333333333,
        0.5970052083333334,
        0.6041666666666666,
        0.6082899305555556,
        0.6124131944444444,
        0.61328125,
        0.619140625,
        0.6265190972222222,
        0.6291232638888888,
        0.63671875,
        0.6421440972222222,
        0.6453993055555556,
        0.6477864583333334,
        0.6443142361111112,
        0.6516927083333333,
        0.6605902777777778,
        0.6629774305555556,
        0.6636284722222221,
        0.6710069444444444,
        0.6753472222222223,
        0.6731770833333333,
        0.6814236111111112,
        0.6788194444444444,
        0.6866319444444444,
        0.6838107638888888,
        0.6866319444444444,
        0.6903211805555556,
        0.6963975694444444,
        0.6994357638888888,
        0.6994357638888888,
        0.7037760416666666,
        0.7052951388888888,
        0.7113715277777777,
        0.7105034722222222,
        0.7141927083333333,
        0.7122395833333334,
        0.7185329861111112,
        0.7200520833333334,
        0.720920138888889,
        0.7248263888888888,
        0.7293836805555556,
        0.7293836805555556
    ],
    "test_loss": [],
    "test_acc": []
}