{
    "train_loss": [
        1.9895212650299072,
        1.9044229686260223,
        1.8927033841609955,
        1.784472942352295,
        1.7455050945281982,
        1.8193853497505188,
        1.7878823578357697,
        1.7541182041168213,
        1.755592405796051,
        1.830310344696045,
        1.7606129050254822,
        1.743493676185608,
        1.6794322431087494,
        1.7608724236488342,
        1.727278620004654,
        1.7033405900001526,
        1.6623627841472626,
        1.6882215440273285,
        1.7038971185684204,
        1.7135374546051025,
        1.6225312054157257,
        1.6152054071426392,
        1.6361976265907288,
        1.645576387643814,
        1.6921736299991608,
        1.5909115970134735,
        1.6349133849143982,
        1.6212687194347382,
        1.5744643807411194,
        1.6314593851566315,
        1.5384715795516968,
        1.5926524996757507,
        1.6161158680915833,
        1.5427155792713165,
        1.564668357372284,
        1.563234269618988,
        1.5882146954536438,
        1.6386049389839172,
        1.5429203510284424,
        1.5075243711471558,
        1.5231508612632751,
        1.5220593512058258,
        1.518056035041809,
        1.5907573699951172,
        1.5476467609405518,
        1.512781947851181,
        1.4940351843833923,
        1.5190585553646088,
        1.4593067467212677,
        1.540566325187683
    ],
    "train_acc": [
        0.5456349206349207,
        0.5208333333333333,
        0.5600198412698413,
        0.6200396825396826,
        0.5595238095238095,
        0.5773809523809524,
        0.6021825396825397,
        0.5947420634920635,
        0.6160714285714286,
        0.5620039682539683,
        0.5441468253968254,
        0.5620039682539683,
        0.6086309523809523,
        0.5406746031746033,
        0.5649801587301587,
        0.6364087301587301,
        0.6294642857142857,
        0.589781746031746,
        0.6364087301587301,
        0.5932539682539683,
        0.6324404761904762,
        0.6721230158730158,
        0.6721230158730158,
        0.6359126984126984,
        0.664186507936508,
        0.6790674603174603,
        0.6359126984126984,
        0.6502976190476191,
        0.675595238095238,
        0.6825396825396826,
        0.7003968253968255,
        0.6785714285714286,
        0.6567460317460316,
        0.6750992063492064,
        0.6929563492063492,
        0.685515873015873,
        0.6746031746031745,
        0.6423611111111112,
        0.6676587301587301,
        0.7425595238095237,
        0.7172619047619048,
        0.6924603174603174,
        0.7276785714285714,
        0.7137896825396826,
        0.6567460317460316,
        0.6954365079365079,
        0.6924603174603174,
        0.7276785714285714,
        0.7351190476190477,
        0.7028769841269842
    ],
    "val_loss": [
        1.8671586513519287,
        1.8243863582611084,
        1.801387071609497,
        1.7877686023712158,
        1.7828872203826904,
        1.7809638977050781,
        1.7797459363937378,
        1.7775566577911377,
        1.772135853767395,
        1.767876386642456,
        1.7635196447372437,
        1.7606184482574463,
        1.7575404644012451,
        1.753135085105896,
        1.752373456954956,
        1.7515448331832886,
        1.750363826751709,
        1.748014211654663,
        1.746776819229126,
        1.7471680641174316,
        1.747309923171997,
        1.746974229812622,
        1.745060682296753,
        1.7431399822235107,
        1.7389707565307617,
        1.7351491451263428,
        1.7339396476745605,
        1.7329007387161255,
        1.7327868938446045,
        1.7322583198547363,
        1.7303292751312256,
        1.7298485040664673,
        1.7298598289489746,
        1.7283304929733276,
        1.7265028953552246,
        1.723341703414917,
        1.7219640016555786,
        1.7206218242645264,
        1.7192343473434448,
        1.7184526920318604,
        1.7158644199371338,
        1.7129125595092773,
        1.7113261222839355,
        1.7106788158416748,
        1.7089582681655884,
        1.7063610553741455,
        1.7038819789886475,
        1.7020561695098877,
        1.7008020877838135,
        1.6991190910339355
    ],
    "val_acc": [
        0.6379310344827587,
        0.603448275862069,
        0.5862068965517241,
        0.5862068965517241,
        0.5862068965517241,
        0.5862068965517241,
        0.5862068965517241,
        0.5862068965517241,
        0.603448275862069,
        0.603448275862069,
        0.603448275862069,
        0.6379310344827587,
        0.6379310344827587,
        0.6379310344827587,
        0.6379310344827587,
        0.6379310344827587,
        0.6379310344827587,
        0.6379310344827587,
        0.6379310344827587,
        0.6379310344827587,
        0.6379310344827587,
        0.6379310344827587,
        0.6551724137931034,
        0.6379310344827587,
        0.6551724137931034,
        0.6551724137931034,
        0.6551724137931034,
        0.6551724137931034,
        0.6551724137931034,
        0.6551724137931034,
        0.6551724137931034,
        0.6551724137931034,
        0.6724137931034483,
        0.6896551724137931,
        0.6896551724137931,
        0.6896551724137931,
        0.6896551724137931,
        0.6896551724137931,
        0.7068965517241379,
        0.7068965517241379,
        0.7068965517241379,
        0.7068965517241379,
        0.7068965517241379,
        0.7068965517241379,
        0.7068965517241379,
        0.7068965517241379,
        0.7068965517241379,
        0.7068965517241379,
        0.7068965517241379,
        0.7068965517241379
    ],
    "test_loss": [],
    "test_acc": []
}