{
    "train_loss": [
        2.1118424609303474,
        2.036050993949175,
        2.005450874567032,
        1.979070732370019,
        1.958975374698639,
        1.9452908672392368,
        1.9289689715951681,
        1.9181191101670265,
        1.9042008146643639,
        1.8943035379052162,
        1.8815820589661598,
        1.8680170867592096,
        1.8574905954301357,
        1.8462712056934834,
        1.8349810112267733,
        1.824140876531601,
        1.8142942804843187,
        1.8029412981122732,
        1.7919054981321096,
        1.77851228043437,
        1.76876924559474,
        1.7570238672196865,
        1.7475657630711794,
        1.7379424050450325,
        1.726509053260088,
        1.7186861336231232,
        1.706762732937932,
        1.7002371810376644,
        1.6898546144366264,
        1.6831000074744225,
        1.6694023162126541,
        1.6615505460649729,
        1.6522142458707094,
        1.6426843609660864,
        1.6348053123801947,
        1.6263663582503796,
        1.6140437945723534,
        1.6100468002259731,
        1.5954446624964476,
        1.5909382477402687,
        1.5790169928222895,
        1.5702478513121605,
        1.5636890046298504,
        1.5482875984162092,
        1.539874605834484,
        1.5318392980843782,
        1.5238099172711372,
        1.5131647940725088,
        1.5026815477758646,
        1.4982095174491405
    ],
    "train_acc": [
        0.3187934027777778,
        0.4090711805555556,
        0.44661458333333337,
        0.47113715277777773,
        0.503689236111111,
        0.515625,
        0.5321180555555556,
        0.5412326388888888,
        0.5562065972222222,
        0.5692274305555556,
        0.5770399305555555,
        0.5855034722222221,
        0.5939670138888888,
        0.6061197916666667,
        0.62109375,
        0.6258680555555556,
        0.6343315972222223,
        0.638671875,
        0.658203125,
        0.6638454861111112,
        0.6688368055555555,
        0.6779513888888888,
        0.6805555555555556,
        0.6905381944444444,
        0.689453125,
        0.6974826388888888,
        0.705078125,
        0.7098524305555556,
        0.705078125,
        0.7135416666666666,
        0.7243923611111112,
        0.7135416666666667,
        0.7209201388888888,
        0.7213541666666666,
        0.7202690972222223,
        0.728732638888889,
        0.726779513888889,
        0.7306857638888888,
        0.7306857638888888,
        0.7291666666666667,
        0.7328559027777778,
        0.7356770833333334,
        0.740234375,
        0.7395833333333333,
        0.7339409722222222,
        0.7428385416666667,
        0.7417534722222222,
        0.7380642361111112,
        0.7489149305555556,
        0.7476128472222223
    ],
    "val_loss": [
        2.0444825179874897,
        2.009296277537942,
        1.9811979848891497,
        1.9588390532881021,
        1.945341270416975,
        1.9302495140582323,
        1.909346466884017,
        1.899099575355649,
        1.8863968402147293,
        1.8775386437773705,
        1.8599729035049677,
        1.8492120951414108,
        1.8420534115284681,
        1.8280934784561396,
        1.8152015954256058,
        1.8034037202596664,
        1.7934818174690008,
        1.777271531522274,
        1.7769467048346996,
        1.757863586768508,
        1.7467095926404,
        1.7385067231953144,
        1.7251996081322432,
        1.7146798484027386,
        1.7031698636710644,
        1.6991649698466063,
        1.6821819338947535,
        1.6756139807403088,
        1.6700744461268187,
        1.6593175902962685,
        1.6481750439852476,
        1.6360071394592524,
        1.627493929117918,
        1.617425836622715,
        1.617241870611906,
        1.5955357532948256,
        1.6000269670039415,
        1.5834686439484358,
        1.5684278439730406,
        1.5666474848985672,
        1.5561844762414694,
        1.5610188785940409,
        1.532044928520918,
        1.5201895982027054,
        1.5149956997483969,
        1.505089020356536,
        1.4994379449635744,
        1.502325989305973,
        1.4769860673695803,
        1.4714725948870182
    ],
    "val_acc": [
        0.39908854166666663,
        0.4461805555555556,
        0.4858940972222222,
        0.5054253472222221,
        0.5115017361111112,
        0.5366753472222223,
        0.5477430555555556,
        0.5651041666666666,
        0.5789930555555556,
        0.5848524305555556,
        0.5952690972222222,
        0.6111111111111112,
        0.6208767361111112,
        0.6349826388888888,
        0.6373697916666667,
        0.6545138888888888,
        0.6586371527777778,
        0.6664496527777778,
        0.6781684027777777,
        0.6827256944444444,
        0.6916232638888888,
        0.6888020833333333,
        0.6990017361111112,
        0.7085503472222222,
        0.7100694444444444,
        0.7146267361111112,
        0.7152777777777777,
        0.7213541666666666,
        0.7267795138888888,
        0.7300347222222222,
        0.736545138888889,
        0.7311197916666667,
        0.7361111111111112,
        0.7352430555555556,
        0.7404513888888888,
        0.7371961805555556,
        0.7426215277777778,
        0.7395833333333333,
        0.7450086805555556,
        0.7473958333333333,
        0.7495659722222223,
        0.755859375,
        0.7513020833333334,
        0.7515190972222222,
        0.7619357638888888,
        0.7582465277777778,
        0.7534722222222223,
        0.7601996527777777,
        0.759765625,
        0.7647569444444444
    ],
    "test_loss": [],
    "test_acc": []
}