{
    "train_loss": [
        2.0136691629886627,
        1.9716775119304657,
        2.0078368484973907,
        2.026223123073578,
        2.0097900927066803,
        1.988343894481659,
        1.9944235682487488,
        1.961452156305313,
        1.974404752254486,
        1.9656407833099365,
        2.039873480796814,
        1.953613430261612,
        1.9658105969429016,
        1.9170172810554504,
        1.9333543181419373,
        1.9438973665237427,
        1.9132362306118011,
        1.9213132560253143,
        1.9170929193496704,
        1.9062416553497314,
        1.8619675934314728,
        1.8704004883766174,
        1.9101985692977905,
        1.85088711977005,
        1.8663241267204285,
        1.877279818058014,
        1.86930713057518,
        1.8578473031520844,
        1.8493001759052277,
        1.8590213060379028,
        1.8085322380065918,
        1.8307461738586426,
        1.8238571286201477,
        1.8624159097671509,
        1.8624907732009888,
        1.8057106137275696,
        1.8145581483840942,
        1.833331048488617,
        1.8160594999790192,
        1.7960648238658905,
        1.8257392346858978,
        1.7802017331123352,
        1.7971936166286469,
        1.7840896546840668,
        1.8041757345199585,
        1.7806252539157867,
        1.7883887588977814,
        1.7478671967983246,
        1.7597154378890991,
        1.7603920102119446
    ],
    "train_acc": [
        0.5530753968253969,
        0.6175595238095237,
        0.5203373015873016,
        0.5669642857142857,
        0.5808531746031745,
        0.5882936507936508,
        0.5773809523809523,
        0.5590277777777778,
        0.5560515873015872,
        0.5699404761904762,
        0.49801587301587297,
        0.5659722222222223,
        0.5302579365079365,
        0.5555555555555556,
        0.5803571428571428,
        0.5798611111111112,
        0.5838293650793651,
        0.5729166666666666,
        0.5803571428571428,
        0.6086309523809524,
        0.6304563492063492,
        0.6225198412698413,
        0.5868055555555555,
        0.6011904761904763,
        0.6225198412698413,
        0.6438492063492064,
        0.6081349206349207,
        0.6225198412698413,
        0.6011904761904763,
        0.6185515873015872,
        0.6329365079365079,
        0.6507936507936508,
        0.6329365079365079,
        0.6041666666666667,
        0.5892857142857143,
        0.654265873015873,
        0.693452380952381,
        0.6899801587301587,
        0.6750992063492064,
        0.6785714285714286,
        0.6393849206349207,
        0.6641865079365079,
        0.6999007936507936,
        0.6785714285714286,
        0.6676587301587301,
        0.6994047619047619,
        0.6889880952380952,
        0.724702380952381,
        0.7137896825396826,
        0.6850198412698413
    ],
    "val_loss": [
        2.0540149211883545,
        2.024339437484741,
        2.0115039348602295,
        2.0062344074249268,
        2.003859519958496,
        2.001671075820923,
        1.999170184135437,
        1.9965269565582275,
        1.9944208860397339,
        1.9924182891845703,
        1.9902238845825195,
        1.9877160787582397,
        1.9852104187011719,
        1.983180046081543,
        1.9811453819274902,
        1.979270100593567,
        1.9779107570648193,
        1.97618567943573,
        1.9734933376312256,
        1.9707064628601074,
        1.9685848951339722,
        1.9678384065628052,
        1.9683852195739746,
        1.970577597618103,
        1.9725815057754517,
        1.974439263343811,
        1.9731436967849731,
        1.972766399383545,
        1.9720211029052734,
        1.972319483757019,
        1.9720418453216553,
        1.9705708026885986,
        1.9682753086090088,
        1.967265248298645,
        1.9663091897964478,
        1.9641168117523193,
        1.96310293674469,
        1.9620726108551025,
        1.9609016180038452,
        1.9601538181304932,
        1.9604309797286987,
        1.9608235359191895,
        1.9609875679016113,
        1.9606516361236572,
        1.9606997966766357,
        1.9597669839859009,
        1.9585645198822021,
        1.9573103189468384,
        1.9569169282913208,
        1.9564056396484375
    ],
    "val_acc": [
        0.5862068965517241,
        0.603448275862069,
        0.6206896551724138,
        0.6206896551724138,
        0.6206896551724138,
        0.6206896551724138,
        0.6206896551724138,
        0.603448275862069,
        0.603448275862069,
        0.603448275862069,
        0.603448275862069,
        0.603448275862069,
        0.6206896551724138,
        0.6379310344827587,
        0.6379310344827587,
        0.6379310344827587,
        0.6379310344827587,
        0.6379310344827587,
        0.6379310344827587,
        0.6379310344827587,
        0.6551724137931034,
        0.6379310344827587,
        0.6379310344827587,
        0.6379310344827587,
        0.6379310344827587,
        0.6379310344827587,
        0.6206896551724138,
        0.603448275862069,
        0.603448275862069,
        0.603448275862069,
        0.603448275862069,
        0.603448275862069,
        0.603448275862069,
        0.603448275862069,
        0.603448275862069,
        0.5862068965517241,
        0.5862068965517241,
        0.603448275862069,
        0.603448275862069,
        0.603448275862069,
        0.603448275862069,
        0.603448275862069,
        0.603448275862069,
        0.603448275862069,
        0.603448275862069,
        0.603448275862069,
        0.603448275862069,
        0.603448275862069,
        0.6206896551724138,
        0.603448275862069
    ],
    "test_loss": [],
    "test_acc": []
}