{
    "train_loss": [
        1.365341030061245,
        1.3071465473622084,
        1.2546836994588375,
        1.2056069038808346,
        1.1673066969960928,
        1.1365978140383959,
        1.1141555178910494,
        1.0957029089331627,
        1.0796645749360323,
        1.0662674363702536,
        1.0539592150598764,
        1.0435261763632298,
        1.0333468951284885,
        1.0225938111543655,
        1.012698695063591,
        1.0043300818651915,
        0.995509366504848,
        0.9864561278373003,
        0.979040683247149,
        0.9699236629530787,
        0.9609702620655298,
        0.9522756757214665,
        0.9439818356186152,
        0.9352464824914932,
        0.9254697347059846,
        0.916169298812747,
        0.9085864201188087,
        0.898368769325316,
        0.8909711567685008,
        0.8827187307178974,
        0.877015926875174,
        0.8708615954965353,
        0.8623705403879285,
        0.8565821591764688,
        0.8496596869081259,
        0.8439892288297415,
        0.83687858376652,
        0.8333124434575438,
        0.8284063702449203,
        0.8232330894097686,
        0.8185417661443353,
        0.8115855753421783,
        0.8095325641334057,
        0.8052004687488079,
        0.801879302598536,
        0.79790492169559,
        0.7914827754721045,
        0.7885047318413854,
        0.7853114940226078,
        0.7807472888380289
    ],
    "train_acc": [
        0.3244357638888889,
        0.40950520833333337,
        0.453125,
        0.4932725694444444,
        0.5238715277777777,
        0.5414496527777778,
        0.5549045138888888,
        0.5609809027777778,
        0.5696614583333334,
        0.5789930555555555,
        0.5826822916666666,
        0.5902777777777778,
        0.595703125,
        0.6022135416666666,
        0.6091579861111112,
        0.6115451388888888,
        0.6180555555555556,
        0.6232638888888888,
        0.6265190972222222,
        0.6321614583333333,
        0.63671875,
        0.6412760416666667,
        0.6388888888888888,
        0.6467013888888888,
        0.654079861111111,
        0.6612413194444444,
        0.6681857638888888,
        0.6710069444444444,
        0.6746961805555556,
        0.6801215277777778,
        0.681640625,
        0.6809895833333334,
        0.6940104166666667,
        0.6922743055555556,
        0.6918402777777777,
        0.6966145833333334,
        0.7007378472222222,
        0.6966145833333334,
        0.7037760416666667,
        0.7029079861111112,
        0.7081163194444444,
        0.7109375,
        0.7133246527777778,
        0.7139756944444444,
        0.7109375,
        0.7178819444444445,
        0.7178819444444444,
        0.7228732638888888,
        0.7196180555555555,
        0.7215711805555556
    ],
    "val_loss": [
        1.3298106212168932,
        1.2736062686890364,
        1.223291913047433,
        1.1778057217597961,
        1.144072168506682,
        1.1168830515816808,
        1.0990069843828678,
        1.0808296706527472,
        1.065842529758811,
        1.0529754254966974,
        1.041146244853735,
        1.0331293251365423,
        1.0191262336447835,
        1.0104521522298455,
        1.0005960166454315,
        0.99317123927176,
        0.9835015321150422,
        0.9771332312375307,
        0.9666823325678706,
        0.9576995717361569,
        0.9500139746814966,
        0.940232265740633,
        0.9308158131316304,
        0.9202405428513885,
        0.9108281135559082,
        0.9028261881321669,
        0.8943109270185232,
        0.8884611502289772,
        0.8796223886311054,
        0.8709502359852195,
        0.8641842920333147,
        0.8564534494653344,
        0.8496919292956591,
        0.845118211582303,
        0.8369589159265161,
        0.8330563856288791,
        0.826673480682075,
        0.8206839170306921,
        0.8153854990378022,
        0.8118202481418848,
        0.8064872128888965,
        0.8026235727593303,
        0.7990576075389981,
        0.7948664985597134,
        0.7892976012080908,
        0.78404719568789,
        0.7807596512138844,
        0.776703636161983,
        0.7713060714304447,
        0.7708586631342769
    ],
    "val_acc": [
        0.3967013888888889,
        0.4565972222222222,
        0.49197048611111116,
        0.5217013888888888,
        0.5392795138888888,
        0.5536024305555556,
        0.5614149305555556,
        0.5713975694444445,
        0.5828993055555556,
        0.5902777777777778,
        0.5952690972222222,
        0.5961371527777778,
        0.6030815972222223,
        0.6082899305555556,
        0.6137152777777777,
        0.6206597222222222,
        0.6213107638888888,
        0.6334635416666667,
        0.6360677083333334,
        0.6391059027777779,
        0.6488715277777778,
        0.6453993055555556,
        0.6547309027777777,
        0.6612413194444444,
        0.6666666666666666,
        0.6681857638888888,
        0.6751302083333333,
        0.6779513888888888,
        0.6809895833333334,
        0.6844618055555556,
        0.6903211805555556,
        0.6996527777777777,
        0.6946614583333334,
        0.7020399305555556,
        0.7007378472222222,
        0.7009548611111112,
        0.7105034722222222,
        0.7141927083333334,
        0.7096354166666667,
        0.7137586805555556,
        0.7157118055555555,
        0.7185329861111112,
        0.71875,
        0.7243923611111112,
        0.7248263888888888,
        0.7272135416666666,
        0.7309027777777778,
        0.7300347222222222,
        0.7319878472222222,
        0.7300347222222223
    ],
    "test_loss": [],
    "test_acc": []
}