{
    "train_loss": [
        1.407651573419571,
        1.4008401036262512,
        1.3860321938991547,
        1.357751488685608,
        1.367089331150055,
        1.368947297334671,
        1.354104071855545,
        1.3390483260154724,
        1.3587169647216797,
        1.327297955751419,
        1.3481072783470154,
        1.31527841091156,
        1.3085943460464478,
        1.2879367768764496,
        1.281996339559555,
        1.2642803192138672,
        1.2861492335796356,
        1.2604282200336456,
        1.2834191620349884,
        1.247375875711441,
        1.293347954750061,
        1.2520760297775269,
        1.2486581206321716,
        1.2179237604141235,
        1.2075602114200592,
        1.228177696466446,
        1.2233236730098724,
        1.2422055304050446,
        1.1815263330936432,
        1.1978216469287872,
        1.1890612542629242,
        1.1769392788410187,
        1.1619344651699066,
        1.170122891664505,
        1.1629427671432495,
        1.16009721159935,
        1.1447973847389221,
        1.1436778604984283,
        1.1379546225070953,
        1.1414672136306763,
        1.1382346451282501,
        1.1002718359231949,
        1.1151498556137085,
        1.140503704547882,
        1.1223716735839844,
        1.1076153218746185,
        1.0932878851890564,
        1.0811227560043335,
        1.1120015680789948,
        1.0900913178920746
    ],
    "train_acc": [
        0.283234126984127,
        0.3115079365079365,
        0.3080357142857143,
        0.32589285714285715,
        0.31101190476190477,
        0.3253968253968254,
        0.31051587301587297,
        0.33184523809523814,
        0.33878968253968256,
        0.3462301587301587,
        0.32787698412698413,
        0.3169642857142857,
        0.3492063492063492,
        0.37797619047619047,
        0.41369047619047616,
        0.43799603174603174,
        0.4052579365079365,
        0.4444444444444445,
        0.40128968253968256,
        0.44742063492063494,
        0.43253968253968256,
        0.4970238095238095,
        0.45436507936507936,
        0.5252976190476191,
        0.5396825396825397,
        0.5178571428571428,
        0.48561507936507936,
        0.45634920634920634,
        0.574404761904762,
        0.5456349206349207,
        0.5565476190476191,
        0.5600198412698413,
        0.5669642857142857,
        0.5456349206349206,
        0.5704365079365079,
        0.5843253968253969,
        0.5808531746031746,
        0.626984126984127,
        0.5768849206349207,
        0.558531746031746,
        0.5873015873015872,
        0.6483134920634921,
        0.5942460317460317,
        0.5902777777777778,
        0.6150793650793651,
        0.6364087301587301,
        0.6507936507936508,
        0.675595238095238,
        0.6393849206349207,
        0.6433531746031746
    ],
    "val_loss": [
        1.48243248462677,
        1.4501030445098877,
        1.4264285564422607,
        1.409395694732666,
        1.397718071937561,
        1.388635516166687,
        1.3825775384902954,
        1.37710702419281,
        1.3716402053833008,
        1.36663818359375,
        1.3619662523269653,
        1.3568484783172607,
        1.351789116859436,
        1.3464388847351074,
        1.341569185256958,
        1.3371504545211792,
        1.332779049873352,
        1.3284353017807007,
        1.323947787284851,
        1.3196120262145996,
        1.314957618713379,
        1.3104486465454102,
        1.3062344789505005,
        1.301634669303894,
        1.2980496883392334,
        1.294175386428833,
        1.290069818496704,
        1.2857162952423096,
        1.2820649147033691,
        1.27775239944458,
        1.2742903232574463,
        1.2707252502441406,
        1.2671326398849487,
        1.2623916864395142,
        1.258991003036499,
        1.2551016807556152,
        1.2508467435836792,
        1.247175931930542,
        1.2431716918945312,
        1.240303874015808,
        1.23741614818573,
        1.2344474792480469,
        1.2324801683425903,
        1.2297861576080322,
        1.2272236347198486,
        1.2234662771224976,
        1.2192261219024658,
        1.215997338294983,
        1.212529182434082,
        1.2099881172180176
    ],
    "val_acc": [
        0.27586206896551724,
        0.27586206896551724,
        0.27586206896551724,
        0.27586206896551724,
        0.27586206896551724,
        0.25862068965517243,
        0.27586206896551724,
        0.29310344827586204,
        0.3103448275862069,
        0.3448275862068966,
        0.3448275862068966,
        0.3448275862068966,
        0.3620689655172414,
        0.3620689655172414,
        0.3620689655172414,
        0.3620689655172414,
        0.3793103448275862,
        0.3793103448275862,
        0.3793103448275862,
        0.39655172413793105,
        0.39655172413793105,
        0.39655172413793105,
        0.39655172413793105,
        0.39655172413793105,
        0.41379310344827586,
        0.43103448275862066,
        0.41379310344827586,
        0.41379310344827586,
        0.39655172413793105,
        0.41379310344827586,
        0.41379310344827586,
        0.41379310344827586,
        0.41379310344827586,
        0.41379310344827586,
        0.43103448275862066,
        0.43103448275862066,
        0.43103448275862066,
        0.43103448275862066,
        0.4482758620689655,
        0.46551724137931033,
        0.4827586206896552,
        0.4827586206896552,
        0.4827586206896552,
        0.4827586206896552,
        0.4827586206896552,
        0.4827586206896552,
        0.4827586206896552,
        0.5,
        0.5,
        0.5
    ],
    "test_loss": [],
    "test_acc": []
}