{
    "train_loss": [
        2.425960022956133,
        2.1644235588610172,
        2.0753793511539698,
        2.021106217056513,
        1.9793494530022144,
        1.9514782298356295,
        1.9287946447730064,
        1.9099231250584126,
        1.891348946839571,
        1.8749792128801346,
        1.8622909616678953,
        1.8500263448804617,
        1.8369143530726433,
        1.8263644967228174,
        1.8146209046244621,
        1.8072566259652376,
        1.7971274219453335,
        1.787507824599743,
        1.7805506754666567,
        1.7727292347699404,
        1.7629757206887007,
        1.7545038238167763,
        1.746978223323822,
        1.7390209883451462,
        1.7315046191215515,
        1.723338896408677,
        1.7114453986287117,
        1.7033831272274256,
        1.6995271779596806,
        1.6919786371290684,
        1.6830471828579903,
        1.6792024821043015,
        1.6658111326396465,
        1.6601883489638567,
        1.6559033822268248,
        1.6471082400530577,
        1.6421735137701035,
        1.6302489172667265,
        1.627064449712634,
        1.6178304124623537,
        1.6094166040420532,
        1.6032506600022316,
        1.5941296331584454,
        1.5887199491262436,
        1.5798408165574074,
        1.5744353290647268,
        1.567700693383813,
        1.5624201875180006,
        1.5545246452093124,
        1.5456058215349913
    ],
    "train_acc": [
        0.3070746527777778,
        0.421875,
        0.4811197916666667,
        0.5190972222222221,
        0.5518663194444444,
        0.5696614583333334,
        0.5868055555555556,
        0.5950520833333334,
        0.6165364583333334,
        0.6234809027777778,
        0.6371527777777777,
        0.6432291666666667,
        0.6499565972222222,
        0.6560329861111112,
        0.6631944444444444,
        0.6671006944444444,
        0.67578125,
        0.6762152777777777,
        0.6799045138888888,
        0.6831597222222222,
        0.6909722222222222,
        0.6927083333333333,
        0.6996527777777778,
        0.7016059027777778,
        0.7078993055555556,
        0.7016059027777778,
        0.7118055555555556,
        0.7198350694444444,
        0.7209201388888888,
        0.7252604166666667,
        0.7278645833333333,
        0.7204861111111112,
        0.73046875,
        0.7328559027777778,
        0.7354600694444444,
        0.7354600694444444,
        0.7358940972222222,
        0.7432725694444444,
        0.7443576388888888,
        0.740451388888889,
        0.74609375,
        0.7530381944444444,
        0.7510850694444444,
        0.7541232638888888,
        0.7545572916666666,
        0.7586805555555556,
        0.7536892361111112,
        0.7608506944444444,
        0.7580295138888888,
        0.7599826388888888
    ],
    "val_loss": [
        2.218548960983753,
        2.102125747129321,
        2.0371377002447844,
        1.9899565409868956,
        1.956869576126337,
        1.928302412852645,
        1.912113657221198,
        1.8854954428970814,
        1.8702466301620007,
        1.8578212428838015,
        1.8490150645375252,
        1.8283129278570414,
        1.8164677768945694,
        1.8069822024554014,
        1.8006351105868816,
        1.7884757909923792,
        1.7750410567969084,
        1.772844199091196,
        1.75681665353477,
        1.7503700479865074,
        1.7452136799693108,
        1.7343029771000147,
        1.7414831202477217,
        1.7275782115757465,
        1.7143265772610903,
        1.7017239276319742,
        1.692515641450882,
        1.6851375754922628,
        1.6865009926259518,
        1.6714064478874207,
        1.6649479363113642,
        1.652605915442109,
        1.6486501339823008,
        1.6417073253542185,
        1.6360247638076544,
        1.6360458955168724,
        1.6218844503164291,
        1.6095216311514378,
        1.6165155619382858,
        1.5979420375078917,
        1.596947094425559,
        1.579207256436348,
        1.581627532839775,
        1.566785752773285,
        1.5613452903926373,
        1.5599257797002792,
        1.5456362999975681,
        1.5378092229366302,
        1.5375962741672993,
        1.524502782151103
    ],
    "val_acc": [
        0.3862847222222222,
        0.4552951388888889,
        0.5128038194444444,
        0.5555555555555556,
        0.5772569444444444,
        0.5863715277777778,
        0.6028645833333333,
        0.6095920138888888,
        0.6226128472222223,
        0.6378038194444444,
        0.6456163194444444,
        0.6566840277777778,
        0.662109375,
        0.6677517361111112,
        0.6720920138888888,
        0.6827256944444445,
        0.6796875,
        0.6848958333333334,
        0.693359375,
        0.7020399305555556,
        0.7042100694444445,
        0.7039930555555556,
        0.7094184027777778,
        0.7076822916666666,
        0.7187499999999999,
        0.7202690972222222,
        0.7224392361111112,
        0.73046875,
        0.7263454861111112,
        0.7328559027777778,
        0.7413194444444444,
        0.7406684027777777,
        0.744140625,
        0.7456597222222222,
        0.75,
        0.7504340277777778,
        0.7486979166666666,
        0.7504340277777777,
        0.7543402777777778,
        0.7482638888888888,
        0.7530381944444444,
        0.7595486111111112,
        0.76171875,
        0.76171875,
        0.7654079861111112,
        0.7647569444444444,
        0.7649739583333333,
        0.769314236111111,
        0.7682291666666666,
        0.7682291666666667
    ],
    "test_loss": [],
    "test_acc": []
}