{
    "train_loss": [
        0.874173641204834,
        0.9694254845380783,
        0.8910849392414093,
        0.9073566198348999,
        0.9107105731964111,
        0.8999860137701035,
        0.884561151266098,
        0.8714373260736465,
        0.8451952338218689,
        0.8945377767086029,
        0.9124294072389603,
        0.8279803842306137,
        0.8170187622308731,
        0.893288716673851,
        0.8520652502775192,
        0.8744229227304459,
        0.8262563198804855,
        0.8542678654193878,
        0.8244400173425674,
        0.8165123760700226,
        0.8556577563285828,
        0.8702562153339386,
        0.7851538360118866,
        0.7641055509448051,
        0.8544511049985886,
        0.8833847492933273,
        0.9020261019468307,
        0.8369845896959305,
        0.8112388402223587,
        0.78476282954216,
        0.8306022733449936,
        0.8171378374099731,
        0.7498185485601425,
        0.7516601383686066,
        0.8191276341676712,
        0.8357392102479935,
        0.7964721769094467,
        0.8088650405406952,
        0.7937549650669098,
        0.7552469372749329,
        0.7961168736219406,
        0.7849381864070892,
        0.7337108850479126,
        0.8525235801935196,
        0.7471287548542023,
        0.7625767290592194,
        0.699746884405613,
        0.7613707333803177,
        0.750880241394043,
        0.7536823898553848
    ],
    "train_acc": [
        0.7043650793650793,
        0.6319444444444444,
        0.6433531746031745,
        0.6393849206349207,
        0.6393849206349207,
        0.6681547619047619,
        0.6790674603174602,
        0.7003968253968254,
        0.6934523809523809,
        0.6750992063492064,
        0.6140873015873015,
        0.7177579365079366,
        0.7430555555555556,
        0.6889880952380953,
        0.6924603174603174,
        0.685515873015873,
        0.7177579365079365,
        0.6746031746031745,
        0.7281746031746031,
        0.7281746031746033,
        0.7098214285714286,
        0.6775793650793651,
        0.7316468253968255,
        0.7604166666666666,
        0.65625,
        0.6418650793650793,
        0.6488095238095237,
        0.670138888888889,
        0.6959325396825398,
        0.7490079365079365,
        0.6741071428571428,
        0.6989087301587301,
        0.7420634920634921,
        0.7455357142857143,
        0.6879960317460319,
        0.7132936507936509,
        0.7098214285714286,
        0.738095238095238,
        0.6989087301587301,
        0.7524801587301587,
        0.7311507936507936,
        0.7415674603174602,
        0.7633928571428572,
        0.6483134920634921,
        0.7663690476190476,
        0.7237103174603174,
        0.7777777777777778,
        0.7524801587301587,
        0.7415674603174602,
        0.7415674603174602
    ],
    "val_loss": [
        1.025959849357605,
        0.986403226852417,
        0.9581838846206665,
        0.9399559497833252,
        0.9294975996017456,
        0.923464298248291,
        0.9186224341392517,
        0.9130174517631531,
        0.9070912003517151,
        0.9046833515167236,
        0.901543378829956,
        0.8985038995742798,
        0.8959874510765076,
        0.892896831035614,
        0.889610230922699,
        0.8870542645454407,
        0.8835242986679077,
        0.8811461925506592,
        0.8784613013267517,
        0.8765088319778442,
        0.8738386034965515,
        0.8727614283561707,
        0.8705864548683167,
        0.8695422410964966,
        0.8676276206970215,
        0.8659380674362183,
        0.86181640625,
        0.8592273592948914,
        0.8585609793663025,
        0.855806291103363,
        0.8537512421607971,
        0.8526632785797119,
        0.8496693968772888,
        0.8481354713439941,
        0.8487818241119385,
        0.846471905708313,
        0.8451831936836243,
        0.8442233800888062,
        0.8420252799987793,
        0.8413302898406982,
        0.8400740623474121,
        0.8392441272735596,
        0.8384576439857483,
        0.8391909599304199,
        0.8379859924316406,
        0.8348243236541748,
        0.8340047597885132,
        0.8344330787658691,
        0.8330409526824951,
        0.8318535089492798
    ],
    "val_acc": [
        0.5689655172413793,
        0.6379310344827587,
        0.6379310344827587,
        0.6896551724137931,
        0.6896551724137931,
        0.6379310344827587,
        0.6379310344827587,
        0.6379310344827587,
        0.6379310344827587,
        0.6551724137931034,
        0.6724137931034483,
        0.6724137931034483,
        0.6724137931034483,
        0.6896551724137931,
        0.6896551724137931,
        0.7068965517241379,
        0.7068965517241379,
        0.6896551724137931,
        0.7068965517241379,
        0.7068965517241379,
        0.7241379310344828,
        0.7241379310344828,
        0.7068965517241379,
        0.7068965517241379,
        0.7068965517241379,
        0.7241379310344828,
        0.7241379310344828,
        0.7241379310344828,
        0.7241379310344828,
        0.7241379310344828,
        0.6896551724137931,
        0.7241379310344828,
        0.7241379310344828,
        0.7068965517241379,
        0.7068965517241379,
        0.7068965517241379,
        0.7068965517241379,
        0.7241379310344828,
        0.7241379310344828,
        0.7241379310344828,
        0.7241379310344828,
        0.7241379310344828,
        0.7241379310344828,
        0.7241379310344828,
        0.7241379310344828,
        0.7241379310344828,
        0.7241379310344828,
        0.7241379310344828,
        0.7241379310344828,
        0.7241379310344828
    ],
    "test_loss": [],
    "test_acc": []
}