{
    "train_loss": [
        2.0713173784315586,
        1.999520791694522,
        1.9483148455619812,
        1.8985065072774887,
        1.8624539095908403,
        1.8318283203989267,
        1.8036023266613483,
        1.7828564550727606,
        1.7623762376606464,
        1.738963097333908,
        1.724599028006196,
        1.7061949968338013,
        1.6901384089142084,
        1.6727870013564825,
        1.6541950851678848,
        1.6355339828878641,
        1.6185360979288816,
        1.6035815067589283,
        1.5848985891789198,
        1.5639390032738447,
        1.5501402728259563,
        1.531459802761674,
        1.5156958512961864,
        1.5079189110547304,
        1.4882743507623672,
        1.4741814695298672,
        1.461650837212801,
        1.4494948480278254,
        1.4384530764073133,
        1.4237988591194153,
        1.40696981549263,
        1.3963892050087452,
        1.3858813624829054,
        1.3776089269667864,
        1.3661021571606398,
        1.3468629755079746,
        1.3363671954721212,
        1.3292044755071402,
        1.3151976149529219,
        1.3009158801287413,
        1.28985452093184,
        1.2759192809462547,
        1.267298923805356,
        1.2572407200932503,
        1.2398245427757502,
        1.2303468473255634,
        1.221287664026022,
        1.209710145369172,
        1.1993895955383778,
        1.188552014529705
    ],
    "train_acc": [
        0.3218315972222222,
        0.40277777777777773,
        0.43988715277777773,
        0.4735243055555556,
        0.4876302083333333,
        0.5026041666666666,
        0.5158420138888888,
        0.5338541666666667,
        0.5475260416666666,
        0.5572916666666666,
        0.5687934027777777,
        0.5813802083333333,
        0.5902777777777778,
        0.6050347222222223,
        0.6115451388888888,
        0.62109375,
        0.6338975694444444,
        0.6382378472222222,
        0.6393229166666666,
        0.6521267361111112,
        0.6477864583333333,
        0.6588541666666666,
        0.662109375,
        0.6610243055555556,
        0.669921875,
        0.6773003472222222,
        0.6768663194444444,
        0.6805555555555556,
        0.6751302083333333,
        0.6820746527777777,
        0.6888020833333333,
        0.6877170138888888,
        0.6981336805555556,
        0.6970486111111112,
        0.6940104166666667,
        0.7046440972222222,
        0.7020399305555556,
        0.706814236111111,
        0.7087673611111112,
        0.7118055555555556,
        0.7061631944444444,
        0.7159288194444444,
        0.7163628472222223,
        0.71875,
        0.7172309027777777,
        0.7165798611111112,
        0.7217881944444444,
        0.7252604166666667,
        0.7280815972222223,
        0.7272135416666666
    ],
    "val_loss": [
        2.0112637765705585,
        1.958739185705781,
        1.9088270049542189,
        1.8633528295904398,
        1.8318913653492928,
        1.8055150732398033,
        1.7740975134074688,
        1.7559487614780664,
        1.736262060701847,
        1.7165709603577852,
        1.6963676661252975,
        1.6838145442306995,
        1.6685157995671034,
        1.6431904453784227,
        1.6318983435630798,
        1.605637576431036,
        1.5943917594850063,
        1.5688488706946373,
        1.5585032869130373,
        1.534292172640562,
        1.5233419798314571,
        1.5074150059372187,
        1.4939026609063148,
        1.4733053594827652,
        1.4662770591676235,
        1.4503047540783882,
        1.4470839332789183,
        1.432780534029007,
        1.4078037831932306,
        1.3936796262860298,
        1.3890218175947666,
        1.3708638492971659,
        1.3568059215322137,
        1.3480621380731463,
        1.3410194301977754,
        1.314295650459826,
        1.309906923212111,
        1.30213360209018,
        1.3009830182418227,
        1.2730005169287324,
        1.261104223318398,
        1.255009964108467,
        1.2510742293670774,
        1.226309884339571,
        1.2108766613528132,
        1.212313718162477,
        1.1880506910383701,
        1.1783078676089644,
        1.1726883724331856,
        1.1756124198436737
    ],
    "val_acc": [
        0.39908854166666663,
        0.4418402777777778,
        0.4789496527777778,
        0.49283854166666663,
        0.5017361111111112,
        0.5282118055555556,
        0.5364583333333333,
        0.5570746527777778,
        0.5651041666666666,
        0.5748697916666667,
        0.5889756944444444,
        0.5952690972222222,
        0.609375,
        0.626953125,
        0.6241319444444444,
        0.6440972222222222,
        0.6449652777777777,
        0.6480034722222222,
        0.6644965277777778,
        0.664279513888889,
        0.6705729166666667,
        0.6723090277777777,
        0.677734375,
        0.6783854166666667,
        0.6857638888888888,
        0.6857638888888888,
        0.6864149305555556,
        0.6888020833333333,
        0.697265625,
        0.6987847222222223,
        0.697265625,
        0.69921875,
        0.7057291666666667,
        0.7094184027777777,
        0.7109375,
        0.7094184027777777,
        0.7126736111111112,
        0.7146267361111112,
        0.7180989583333333,
        0.7198350694444444,
        0.7235243055555556,
        0.724826388888889,
        0.7233072916666666,
        0.7237413194444444,
        0.7296006944444444,
        0.7306857638888888,
        0.7322048611111112,
        0.7326388888888888,
        0.736328125,
        0.736328125
    ],
    "test_loss": [],
    "test_acc": []
}