{
    "train_loss": [
        2.033423602581024,
        1.968939632177353,
        1.9816917479038239,
        1.9679017961025238,
        2.019729882478714,
        1.985003411769867,
        1.9488729238510132,
        1.9971990585327148,
        1.9931834936141968,
        1.9404477179050446,
        1.9749515056610107,
        1.9128857553005219,
        1.916572481393814,
        1.916281819343567,
        1.8774001896381378,
        1.9143226444721222,
        1.879398763179779,
        1.8662436306476593,
        1.929178774356842,
        1.8788085579872131,
        1.8381758630275726,
        1.836817055940628,
        1.8741806745529175,
        1.861322283744812,
        1.8192147314548492,
        1.81891068816185,
        1.7878803610801697,
        1.871856153011322,
        1.798718422651291,
        1.8452596962451935,
        1.7937325537204742,
        1.8217265903949738,
        1.8097143471240997,
        1.838485985994339,
        1.8034421801567078,
        1.8507441580295563,
        1.8227252662181854,
        1.7213671505451202,
        1.7639544904232025,
        1.780673086643219,
        1.8010302484035492,
        1.7806105613708496,
        1.7675537467002869,
        1.7576312124729156,
        1.741889089345932,
        1.7592787742614746,
        1.7410294711589813,
        1.7603423595428467,
        1.702190488576889,
        1.7592485547065735
    ],
    "train_acc": [
        0.6086309523809523,
        0.6125992063492064,
        0.6121031746031746,
        0.6517857142857142,
        0.6011904761904762,
        0.5550595238095237,
        0.6121031746031746,
        0.5436507936507936,
        0.6259920634920635,
        0.6438492063492064,
        0.5793650793650793,
        0.6185515873015873,
        0.6473214285714286,
        0.654265873015873,
        0.6537698412698413,
        0.6185515873015872,
        0.6041666666666666,
        0.6790674603174602,
        0.6001984126984126,
        0.6577380952380953,
        0.6468253968253969,
        0.6502976190476191,
        0.6284722222222222,
        0.6646825396825397,
        0.6537698412698413,
        0.6750992063492064,
        0.7038690476190477,
        0.6929563492063492,
        0.689484126984127,
        0.6860119047619048,
        0.6785714285714286,
        0.6671626984126984,
        0.685515873015873,
        0.6354166666666667,
        0.6676587301587301,
        0.6354166666666666,
        0.6388888888888888,
        0.7356150793650793,
        0.7068452380952381,
        0.6676587301587301,
        0.6349206349206349,
        0.6810515873015872,
        0.6889880952380952,
        0.6746031746031745,
        0.7281746031746031,
        0.7028769841269842,
        0.6959325396825398,
        0.6631944444444444,
        0.7316468253968254,
        0.6845238095238095
    ],
    "val_loss": [
        2.125833511352539,
        2.102163076400757,
        2.0915768146514893,
        2.0856120586395264,
        2.083287000656128,
        2.0814874172210693,
        2.0798563957214355,
        2.0808615684509277,
        2.078808546066284,
        2.0782313346862793,
        2.0757932662963867,
        2.077582359313965,
        2.07898211479187,
        2.0799217224121094,
        2.080043077468872,
        2.0798277854919434,
        2.080617904663086,
        2.0783462524414062,
        2.0777573585510254,
        2.07710599899292,
        2.0753650665283203,
        2.0750648975372314,
        2.074349880218506,
        2.075920581817627,
        2.0739853382110596,
        2.071918487548828,
        2.0718510150909424,
        2.0695724487304688,
        2.0675301551818848,
        2.0678439140319824,
        2.0688412189483643,
        2.0671279430389404,
        2.065052032470703,
        2.0633699893951416,
        2.0630388259887695,
        2.0625014305114746,
        2.0604116916656494,
        2.0589725971221924,
        2.059678077697754,
        2.0591940879821777,
        2.0600523948669434,
        2.0590386390686035,
        2.0567269325256348,
        2.053778886795044,
        2.0511951446533203,
        2.052349805831909,
        2.052736282348633,
        2.0528974533081055,
        2.053682804107666,
        2.0525646209716797
    ],
    "val_acc": [
        0.6551724137931034,
        0.6896551724137931,
        0.6896551724137931,
        0.6724137931034483,
        0.6724137931034483,
        0.6724137931034483,
        0.6724137931034483,
        0.6724137931034483,
        0.6896551724137931,
        0.7068965517241379,
        0.7068965517241379,
        0.7068965517241379,
        0.7068965517241379,
        0.7068965517241379,
        0.7068965517241379,
        0.7068965517241379,
        0.7068965517241379,
        0.7241379310344828,
        0.7241379310344828,
        0.7241379310344828,
        0.7241379310344828,
        0.7241379310344828,
        0.7241379310344828,
        0.7413793103448276,
        0.7413793103448276,
        0.7413793103448276,
        0.7413793103448276,
        0.7413793103448276,
        0.7413793103448276,
        0.7413793103448276,
        0.7413793103448276,
        0.7413793103448276,
        0.7413793103448276,
        0.7413793103448276,
        0.7413793103448276,
        0.7413793103448276,
        0.7413793103448276,
        0.7413793103448276,
        0.7413793103448276,
        0.7413793103448276,
        0.7413793103448276,
        0.7413793103448276,
        0.7413793103448276,
        0.7586206896551724,
        0.7586206896551724,
        0.7586206896551724,
        0.7586206896551724,
        0.7758620689655172,
        0.7758620689655172,
        0.7758620689655172
    ],
    "test_loss": [],
    "test_acc": []
}