{
    "train_loss": [
        1.2342149317264557,
        1.160549819469452,
        1.1079475730657578,
        1.144696444272995,
        1.0800007730722427,
        1.1284426152706146,
        1.0704008340835571,
        1.1288663744926453,
        1.072429969906807,
        1.081329584121704,
        1.1009281873703003,
        1.076127678155899,
        1.1161635518074036,
        1.1264622956514359,
        1.0974873751401901,
        1.0658034980297089,
        1.0859667658805847,
        1.0770534873008728,
        1.0381981581449509,
        1.0423175692558289,
        1.0405654162168503,
        1.035157784819603,
        1.0340339690446854,
        1.0275285989046097,
        0.9905367195606232,
        1.0125676095485687,
        1.0733284652233124,
        1.0428956001996994,
        1.0506418347358704,
        1.0559145957231522,
        0.9873393326997757,
        1.0761104375123978,
        1.0149042010307312,
        1.0170255154371262,
        1.0171708911657333,
        1.0151804685592651,
        0.9772903323173523,
        1.1070919334888458,
        0.9921507686376572,
        1.0325466245412827,
        0.9787327796220779,
        0.9863342791795731,
        1.004265695810318,
        0.9845106154680252,
        1.0268839597702026,
        0.9925892651081085,
        0.9944766163825989,
        0.9680061042308807,
        1.021769255399704,
        1.0171842128038406
    ],
    "train_acc": [
        0.49950396825396826,
        0.5173611111111112,
        0.5530753968253969,
        0.5064484126984127,
        0.5248015873015872,
        0.49950396825396826,
        0.5386904761904763,
        0.5491071428571428,
        0.5639880952380952,
        0.5530753968253969,
        0.5133928571428571,
        0.5203373015873015,
        0.53125,
        0.5168650793650793,
        0.5416666666666666,
        0.5277777777777778,
        0.5491071428571428,
        0.5272817460317459,
        0.5560515873015873,
        0.5238095238095237,
        0.5987103174603176,
        0.5987103174603174,
        0.5595238095238095,
        0.5307539682539683,
        0.6061507936507936,
        0.566468253968254,
        0.5342261904761904,
        0.5520833333333334,
        0.5625,
        0.5734126984126984,
        0.5987103174603174,
        0.5481150793650794,
        0.6086309523809524,
        0.6160714285714286,
        0.5942460317460316,
        0.597718253968254,
        0.6051587301587301,
        0.5436507936507936,
        0.6011904761904763,
        0.6046626984126984,
        0.6299603174603176,
        0.6155753968253969,
        0.6155753968253969,
        0.6190476190476191,
        0.5902777777777778,
        0.5793650793650793,
        0.5972222222222222,
        0.6155753968253969,
        0.6006944444444444,
        0.59375
    ],
    "val_loss": [
        1.1264731884002686,
        1.117506742477417,
        1.1106133460998535,
        1.1044365167617798,
        1.1000125408172607,
        1.09617280960083,
        1.0922317504882812,
        1.0887402296066284,
        1.0856895446777344,
        1.08267080783844,
        1.079325556755066,
        1.079074740409851,
        1.077053427696228,
        1.073575735092163,
        1.0706121921539307,
        1.0686031579971313,
        1.065963864326477,
        1.0657140016555786,
        1.0639101266860962,
        1.06194269657135,
        1.0587023496627808,
        1.0581896305084229,
        1.0565985441207886,
        1.0555505752563477,
        1.0545345544815063,
        1.0538736581802368,
        1.0530967712402344,
        1.050644874572754,
        1.0498265027999878,
        1.0491445064544678,
        1.0482265949249268,
        1.0473092794418335,
        1.0469247102737427,
        1.047183871269226,
        1.0478683710098267,
        1.0484068393707275,
        1.047714114189148,
        1.0467559099197388,
        1.045985460281372,
        1.0455565452575684,
        1.0455825328826904,
        1.0425570011138916,
        1.0424199104309082,
        1.0422006845474243,
        1.0421018600463867,
        1.0411418676376343,
        1.0406571626663208,
        1.0399936437606812,
        1.039067268371582,
        1.0388597249984741
    ],
    "val_acc": [
        0.5172413793103449,
        0.5,
        0.5,
        0.5,
        0.5,
        0.5344827586206896,
        0.5517241379310345,
        0.5517241379310345,
        0.5517241379310345,
        0.5517241379310345,
        0.5517241379310345,
        0.5517241379310345,
        0.5517241379310345,
        0.5517241379310345,
        0.5517241379310345,
        0.5517241379310345,
        0.5517241379310345,
        0.5517241379310345,
        0.5517241379310345,
        0.5517241379310345,
        0.5689655172413793,
        0.5689655172413793,
        0.5689655172413793,
        0.5689655172413793,
        0.5689655172413793,
        0.5689655172413793,
        0.5689655172413793,
        0.5862068965517241,
        0.5689655172413793,
        0.5862068965517241,
        0.5862068965517241,
        0.5862068965517241,
        0.5689655172413793,
        0.5862068965517241,
        0.5862068965517241,
        0.5862068965517241,
        0.5689655172413793,
        0.5689655172413793,
        0.5689655172413793,
        0.5689655172413793,
        0.5689655172413793,
        0.5862068965517241,
        0.5862068965517241,
        0.5862068965517241,
        0.5862068965517241,
        0.5862068965517241,
        0.6206896551724138,
        0.6206896551724138,
        0.6206896551724138,
        0.6206896551724138
    ],
    "test_loss": [],
    "test_acc": []
}