{
    "train_loss": [
        2.083385955542326,
        2.01729341968894,
        1.9806956686079502,
        1.9428031388670206,
        1.9079320672899485,
        1.8837915025651455,
        1.8594470992684364,
        1.83685508556664,
        1.8170511908829212,
        1.7970699332654476,
        1.7816038895398378,
        1.763473579660058,
        1.751743869856,
        1.7343078535050154,
        1.7196485456079245,
        1.7087803427129984,
        1.6940389033406973,
        1.6782862786203623,
        1.6645029578357935,
        1.647060165181756,
        1.63211165741086,
        1.619273491203785,
        1.6057238522917032,
        1.5991853717714548,
        1.5825938824564219,
        1.5641859099268913,
        1.5513867177069187,
        1.5332412663847208,
        1.5217593628913164,
        1.5107479207217693,
        1.4909954704344273,
        1.4743130020797253,
        1.4633980933576822,
        1.449910456314683,
        1.4310287665575743,
        1.4191453587263823,
        1.4020828865468502,
        1.3919947035610676,
        1.3772526420652866,
        1.361198391765356,
        1.350155383348465,
        1.3300251495093107,
        1.323388822376728,
        1.307077756151557,
        1.2895762771368027,
        1.284722788259387,
        1.2768731247633696,
        1.2563236393034458,
        1.2466347366571426,
        1.2379650603979826
    ],
    "train_acc": [
        0.3129340277777778,
        0.39084201388888884,
        0.42643229166666674,
        0.4561631944444444,
        0.484375,
        0.4952256944444444,
        0.5162760416666667,
        0.521484375,
        0.5336371527777778,
        0.5444878472222222,
        0.5512152777777778,
        0.5588107638888888,
        0.564670138888889,
        0.5726996527777777,
        0.5794270833333333,
        0.5883246527777778,
        0.58984375,
        0.5954861111111112,
        0.6052517361111112,
        0.6106770833333333,
        0.6137152777777779,
        0.619140625,
        0.6228298611111112,
        0.6256510416666667,
        0.6332465277777777,
        0.6371527777777777,
        0.6412760416666666,
        0.6525607638888888,
        0.6510416666666667,
        0.6564670138888888,
        0.662326388888889,
        0.6623263888888888,
        0.6673177083333334,
        0.6725260416666666,
        0.6742621527777779,
        0.6790364583333333,
        0.6812065972222223,
        0.6829427083333334,
        0.6866319444444444,
        0.6909722222222222,
        0.6922743055555556,
        0.6950954861111112,
        0.6961805555555556,
        0.6968315972222223,
        0.695529513888889,
        0.7003038194444444,
        0.7018229166666665,
        0.7059461805555556,
        0.7020399305555556,
        0.7072482638888888
    ],
    "val_loss": [
        2.0252543222159147,
        1.9855448510497808,
        1.9640548825263977,
        1.911103069782257,
        1.8864954207092524,
        1.8724859356880188,
        1.8312048185616732,
        1.8078835848718882,
        1.7900066655129194,
        1.7726712878793478,
        1.750793170183897,
        1.7405160050839186,
        1.7328173629939556,
        1.7074850276112556,
        1.69558672234416,
        1.6807826403528452,
        1.6656988058239222,
        1.6555210202932358,
        1.6398983281105757,
        1.6208241805434227,
        1.6091964486986399,
        1.6073104906827211,
        1.5797296520322561,
        1.565950259566307,
        1.563626991584897,
        1.5596061013638973,
        1.5211337190121412,
        1.50747593306005,
        1.5064953528344631,
        1.4929237756878138,
        1.4678977243602276,
        1.443562438711524,
        1.444724727421999,
        1.4165281169116497,
        1.4013452790677547,
        1.3951933532953262,
        1.3752317782491446,
        1.3596121985465288,
        1.3445015717297792,
        1.3324126489460468,
        1.3155108913779259,
        1.3307524118572474,
        1.311153631657362,
        1.2719423864036798,
        1.2688653403893113,
        1.2629845822229981,
        1.2423710580915213,
        1.2237900095060468,
        1.2170764496549964,
        1.204852992668748
    ],
    "val_acc": [
        0.3795572916666667,
        0.4318576388888889,
        0.4646267361111111,
        0.4865451388888889,
        0.4911024305555556,
        0.5201822916666666,
        0.5314670138888888,
        0.5460069444444444,
        0.5551215277777778,
        0.5616319444444444,
        0.5737847222222222,
        0.5737847222222222,
        0.5824652777777778,
        0.5930989583333334,
        0.5913628472222223,
        0.6013454861111112,
        0.6059027777777778,
        0.6115451388888888,
        0.619140625,
        0.6215277777777779,
        0.6276041666666666,
        0.6351996527777778,
        0.6371527777777777,
        0.6414930555555556,
        0.6529947916666666,
        0.652560763888889,
        0.6631944444444444,
        0.662109375,
        0.6636284722222222,
        0.6705729166666665,
        0.6773003472222223,
        0.6742621527777777,
        0.6803385416666666,
        0.681640625,
        0.6909722222222223,
        0.6927083333333333,
        0.6948784722222222,
        0.693359375,
        0.7009548611111112,
        0.7024739583333333,
        0.7039930555555556,
        0.7063802083333334,
        0.7076822916666667,
        0.7081163194444444,
        0.7109375,
        0.7100694444444444,
        0.7139756944444444,
        0.7165798611111112,
        0.7196180555555556,
        0.7183159722222222
    ],
    "test_loss": [],
    "test_acc": []
}