{
    "train_loss": [
        2.356357991695404,
        2.2807818055152893,
        2.144217371940613,
        2.1044808626174927,
        2.0876351594924927,
        2.0997619032859802,
        2.0700064301490784,
        2.0899876952171326,
        2.0803170800209045,
        2.0529471039772034,
        2.0242499709129333,
        1.9987941980361938,
        2.036373049020767,
        1.9638601541519165,
        2.016981154680252,
        1.9639537036418915,
        1.9763705432415009,
        1.9261608719825745,
        1.8902605175971985,
        1.9544099569320679,
        1.9180694818496704,
        1.9277152717113495,
        1.9651884138584137,
        1.9515760838985443,
        1.8770209550857544,
        1.8837283849716187,
        1.9278693497180939,
        1.874782770872116,
        1.8599532842636108,
        1.853060632944107,
        1.8729458451271057,
        1.8557993173599243,
        1.8774676620960236,
        1.842352718114853,
        1.8576625287532806,
        1.7851509153842926,
        1.8621106445789337,
        1.8374828100204468,
        1.8259428143501282,
        1.826780617237091,
        1.814699649810791,
        1.7842059135437012,
        1.8532890379428864,
        1.7625709176063538,
        1.7885651588439941,
        1.8312405347824097,
        1.7852232456207275,
        1.772372156381607,
        1.7460996806621552,
        1.7519262731075287
    ],
    "train_acc": [
        0.4538690476190476,
        0.5109126984126984,
        0.5218253968253969,
        0.5466269841269841,
        0.5178571428571428,
        0.496031746031746,
        0.5034722222222222,
        0.5173611111111112,
        0.4995039682539682,
        0.5500992063492064,
        0.560515873015873,
        0.5639880952380952,
        0.49503968253968256,
        0.5525793650793651,
        0.4846230158730158,
        0.5739087301587301,
        0.6021825396825397,
        0.605654761904762,
        0.6125992063492064,
        0.5763888888888888,
        0.636904761904762,
        0.5982142857142857,
        0.5654761904761905,
        0.5476190476190476,
        0.6403769841269842,
        0.6547619047619048,
        0.6359126984126984,
        0.6577380952380952,
        0.658234126984127,
        0.6507936507936508,
        0.6324404761904762,
        0.6507936507936508,
        0.6036706349206349,
        0.6716269841269842,
        0.6463293650793651,
        0.6716269841269842,
        0.6175595238095237,
        0.7137896825396826,
        0.6780753968253969,
        0.6850198412698413,
        0.6354166666666667,
        0.7103174603174602,
        0.6597222222222222,
        0.7247023809523809,
        0.7212301587301587,
        0.6349206349206349,
        0.7103174603174602,
        0.7132936507936508,
        0.7529761904761905,
        0.7703373015873016
    ],
    "val_loss": [
        2.311424732208252,
        2.2395031452178955,
        2.192516326904297,
        2.1705784797668457,
        2.1623127460479736,
        2.154737710952759,
        2.1477034091949463,
        2.1420528888702393,
        2.1404993534088135,
        2.1386959552764893,
        2.134303569793701,
        2.1315038204193115,
        2.1275103092193604,
        2.121260166168213,
        2.1159675121307373,
        2.1141462326049805,
        2.109323263168335,
        2.105680465698242,
        2.102583169937134,
        2.099104642868042,
        2.0962345600128174,
        2.092707872390747,
        2.0894150733947754,
        2.0858042240142822,
        2.081441640853882,
        2.0753977298736572,
        2.0724806785583496,
        2.0706191062927246,
        2.0680601596832275,
        2.0668160915374756,
        2.065056562423706,
        2.0634186267852783,
        2.0623955726623535,
        2.059230327606201,
        2.059650421142578,
        2.058706760406494,
        2.0552589893341064,
        2.052799701690674,
        2.051358461380005,
        2.04964280128479,
        2.0462231636047363,
        2.0435094833374023,
        2.040785551071167,
        2.0372281074523926,
        2.0349326133728027,
        2.033146619796753,
        2.031268358230591,
        2.0307908058166504,
        2.0310142040252686,
        2.0306074619293213
    ],
    "val_acc": [
        0.5,
        0.4827586206896552,
        0.5172413793103449,
        0.4827586206896552,
        0.4827586206896552,
        0.4827586206896552,
        0.43103448275862066,
        0.43103448275862066,
        0.41379310344827586,
        0.43103448275862066,
        0.43103448275862066,
        0.43103448275862066,
        0.4482758620689655,
        0.43103448275862066,
        0.4482758620689655,
        0.4482758620689655,
        0.4482758620689655,
        0.4827586206896552,
        0.4827586206896552,
        0.4827586206896552,
        0.4827586206896552,
        0.4827586206896552,
        0.4827586206896552,
        0.4827586206896552,
        0.4827586206896552,
        0.4827586206896552,
        0.4827586206896552,
        0.5,
        0.5,
        0.5172413793103449,
        0.5344827586206896,
        0.5344827586206896,
        0.5689655172413793,
        0.5344827586206896,
        0.5689655172413793,
        0.5689655172413793,
        0.5689655172413793,
        0.5689655172413793,
        0.5862068965517241,
        0.5862068965517241,
        0.5862068965517241,
        0.603448275862069,
        0.603448275862069,
        0.6206896551724138,
        0.6206896551724138,
        0.603448275862069,
        0.5862068965517241,
        0.603448275862069,
        0.6206896551724138,
        0.6206896551724138
    ],
    "test_loss": [],
    "test_acc": []
}