{
    "train_loss": [
        2.2026965096592903,
        2.0575301870703697,
        1.9768578615039587,
        1.9117209557443857,
        1.8632203582674265,
        1.8283202406018972,
        1.7937253694981337,
        1.770378191024065,
        1.7428778130561113,
        1.7236693538725376,
        1.706717735156417,
        1.6885546334087849,
        1.6693406775593758,
        1.6565690580755472,
        1.6398459170013666,
        1.6263261213898659,
        1.613186215981841,
        1.6011468283832073,
        1.5903563927859068,
        1.5738357175141573,
        1.5611967481672764,
        1.5474695935845375,
        1.5409567523747683,
        1.5282840579748154,
        1.5117605328559875,
        1.4992588125169277,
        1.4889830518513918,
        1.479502433910966,
        1.4665082357823849,
        1.4513880237936974,
        1.4435030426830053,
        1.431517731398344,
        1.4182296209037304,
        1.4073308128863573,
        1.3930681217461824,
        1.3804445620626211,
        1.372916653752327,
        1.3570287451148033,
        1.346170974895358,
        1.3305363319814205,
        1.3204287383705378,
        1.3143224362283945,
        1.298838909715414,
        1.2855053097009659,
        1.2707439456135035,
        1.262600664049387,
        1.2498143315315247,
        1.2392058279365301,
        1.2258102893829346,
        1.2132081892341375
    ],
    "train_acc": [
        0.3179253472222222,
        0.4112413194444444,
        0.4635416666666667,
        0.4991319444444444,
        0.5271267361111112,
        0.5355902777777777,
        0.5477430555555556,
        0.560546875,
        0.5679253472222222,
        0.5787760416666667,
        0.5883246527777779,
        0.5904947916666667,
        0.5954861111111112,
        0.6011284722222222,
        0.6085069444444444,
        0.6128472222222223,
        0.6145833333333334,
        0.6215277777777777,
        0.626953125,
        0.6297743055555556,
        0.6365017361111112,
        0.6378038194444444,
        0.6423611111111112,
        0.642578125,
        0.6482204861111112,
        0.64453125,
        0.65234375,
        0.6540798611111112,
        0.6569010416666666,
        0.6625434027777777,
        0.6595052083333333,
        0.6662326388888888,
        0.66796875,
        0.6666666666666667,
        0.6781684027777777,
        0.6792534722222222,
        0.6818576388888888,
        0.6853298611111112,
        0.6881510416666666,
        0.6892361111111112,
        0.6974826388888888,
        0.6985677083333333,
        0.7005208333333334,
        0.7052951388888891,
        0.7016059027777778,
        0.7100694444444444,
        0.7096354166666666,
        0.717013888888889,
        0.7178819444444444,
        0.7172309027777778
    ],
    "val_loss": [
        2.0896910969167948,
        2.0006502959877253,
        1.940762223675847,
        1.8729993775486946,
        1.832461904734373,
        1.7957932073622942,
        1.7640156392008066,
        1.7399817127734423,
        1.716141864657402,
        1.705958966165781,
        1.6814721580594778,
        1.6634258385747671,
        1.6507777851074934,
        1.6364409308880568,
        1.6186030637472868,
        1.6035974100232124,
        1.603346910327673,
        1.5756341610103846,
        1.5612280163913965,
        1.5583365894854069,
        1.5374254751950502,
        1.5328365489840508,
        1.5183972734957933,
        1.508337503299117,
        1.4907933790236712,
        1.477678794413805,
        1.4649938195943832,
        1.4626665152609348,
        1.4437242224812508,
        1.4365829322487116,
        1.4169045649468899,
        1.4009531531482935,
        1.3932560291141272,
        1.3806897178292274,
        1.3702127784490585,
        1.3676367606967688,
        1.354752553626895,
        1.335473058745265,
        1.321900349110365,
        1.3090480007231236,
        1.2990836333483458,
        1.2782200407236814,
        1.2724175937473774,
        1.2646852005273104,
        1.2396263480186462,
        1.2334637148305774,
        1.2207427863031626,
        1.2168841231614351,
        1.1938094506040215,
        1.1956276688724756
    ],
    "val_acc": [
        0.39605034722222227,
        0.4446614583333333,
        0.48654513888888884,
        0.5171440972222222,
        0.538845486111111,
        0.5512152777777778,
        0.5655381944444444,
        0.5690104166666667,
        0.5852864583333334,
        0.5855034722222222,
        0.5970052083333333,
        0.5948350694444444,
        0.607204861111111,
        0.6050347222222221,
        0.6187065972222223,
        0.6223958333333333,
        0.6197916666666667,
        0.633029513888889,
        0.6338975694444444,
        0.6384548611111112,
        0.6462673611111112,
        0.6449652777777778,
        0.6521267361111112,
        0.6558159722222221,
        0.6512586805555556,
        0.6519097222222222,
        0.6610243055555556,
        0.6625434027777778,
        0.6629774305555556,
        0.6649305555555556,
        0.673828125,
        0.6770833333333333,
        0.677734375,
        0.6822916666666667,
        0.6792534722222222,
        0.6903211805555556,
        0.6922743055555556,
        0.699435763888889,
        0.6966145833333334,
        0.699001736111111,
        0.7057291666666666,
        0.70703125,
        0.7137586805555556,
        0.7115885416666667,
        0.7152777777777778,
        0.7154947916666666,
        0.7196180555555556,
        0.7191840277777778,
        0.724609375,
        0.7237413194444444
    ],
    "test_loss": [],
    "test_acc": []
}