{
    "train_loss": [
        1.3674283977597952,
        1.3107668533921242,
        1.2582681979984045,
        1.2097805328667164,
        1.1711054667830467,
        1.1403937004506588,
        1.1179954949766397,
        1.0980599615722895,
        1.0819527404382825,
        1.068215106613934,
        1.0552882589399815,
        1.0448910277336836,
        1.0334697980433702,
        1.0232824785634875,
        1.0148613983765244,
        1.0057722413912416,
        0.9983878461644053,
        0.9911564411595464,
        0.9830057481303811,
        0.9752138368785381,
        0.9691571211442351,
        0.9612697856500745,
        0.9565530484542251,
        0.9488637642934918,
        0.942904295399785,
        0.9363060388714075,
        0.9312191307544708,
        0.924525280483067,
        0.9186252215877175,
        0.9130238154903054,
        0.9073809357360005,
        0.9006804628297687,
        0.8973072720691562,
        0.88855947740376,
        0.8833591407164931,
        0.8777604456990957,
        0.871520166285336,
        0.8669533794745803,
        0.8611515387892723,
        0.8547809533774853,
        0.8488026829436421,
        0.8447128152474761,
        0.8393580159172416,
        0.8339474685490131,
        0.8313963115215302,
        0.8265345524996519,
        0.8214594684541225,
        0.8167919153347611,
        0.8121312987059355,
        0.809554859995842
    ],
    "train_acc": [
        0.3157552083333333,
        0.412109375,
        0.45963541666666663,
        0.4989149305555555,
        0.5243055555555556,
        0.5366753472222222,
        0.550998263888889,
        0.5692274305555556,
        0.5707465277777778,
        0.576171875,
        0.5850694444444444,
        0.587673611111111,
        0.5980902777777778,
        0.6041666666666666,
        0.6080729166666667,
        0.6154513888888888,
        0.6182725694444444,
        0.62109375,
        0.6293402777777778,
        0.6334635416666666,
        0.6360677083333335,
        0.6436631944444444,
        0.6412760416666667,
        0.6458333333333333,
        0.650390625,
        0.6514756944444444,
        0.6516927083333333,
        0.652560763888889,
        0.6608072916666666,
        0.6623263888888888,
        0.6666666666666666,
        0.6744791666666667,
        0.6720920138888888,
        0.6744791666666667,
        0.6805555555555556,
        0.6809895833333334,
        0.6896701388888888,
        0.69140625,
        0.6918402777777778,
        0.6979166666666666,
        0.6981336805555556,
        0.7000868055555556,
        0.7022569444444445,
        0.7052951388888888,
        0.704861111111111,
        0.7115885416666666,
        0.710720486111111,
        0.71484375,
        0.7170138888888888,
        0.7200520833333334
    ],
    "val_loss": [
        1.3332513459026814,
        1.2772468235343695,
        1.2261695954948664,
        1.1807634690776467,
        1.1477410858497024,
        1.1215143417939544,
        1.1007600259035826,
        1.0838471129536629,
        1.066691000945866,
        1.0541771911084652,
        1.040967408567667,
        1.030849845148623,
        1.020087307319045,
        1.0104254074394703,
        1.0026908554136753,
        0.9952468983829021,
        0.9847781741991639,
        0.9795740302652121,
        0.9724982185289264,
        0.9642439810559154,
        0.9569467697292566,
        0.9525546431541443,
        0.9465497815981507,
        0.9392723608762026,
        0.9335324699059129,
        0.9245125344023108,
        0.9208958949893713,
        0.913349992595613,
        0.9061126066371799,
        0.9008730240166187,
        0.8952326215803623,
        0.8902786932885647,
        0.8817772502079606,
        0.8782712575048208,
        0.8724872265011072,
        0.8674440663307905,
        0.8595857443287969,
        0.8529309201985598,
        0.8470250749960542,
        0.8419777732342482,
        0.8365788739174604,
        0.8326719608157873,
        0.8261797605082393,
        0.8217662405222654,
        0.8172284122556448,
        0.8155529359355569,
        0.8086265055462718,
        0.8059827517718077,
        0.8001356618478894,
        0.7971614953130484
    ],
    "val_acc": [
        0.3980034722222222,
        0.4440104166666667,
        0.4880642361111111,
        0.5138888888888888,
        0.5421006944444444,
        0.5529513888888888,
        0.5625,
        0.5681423611111112,
        0.5861545138888888,
        0.5874565972222222,
        0.5941840277777777,
        0.5983072916666667,
        0.6056857638888888,
        0.6108940972222223,
        0.6165364583333334,
        0.6223958333333334,
        0.6273871527777778,
        0.6302083333333333,
        0.6421440972222222,
        0.640625,
        0.644748263888889,
        0.6493055555555556,
        0.6547309027777777,
        0.6569010416666666,
        0.6605902777777779,
        0.6595052083333334,
        0.6599392361111112,
        0.6677517361111112,
        0.6686197916666667,
        0.6714409722222222,
        0.6759982638888888,
        0.6705729166666667,
        0.6831597222222223,
        0.6890190972222222,
        0.6827256944444444,
        0.697265625,
        0.693359375,
        0.6963975694444444,
        0.7046440972222222,
        0.7059461805555556,
        0.7083333333333334,
        0.7094184027777778,
        0.7115885416666666,
        0.7124565972222221,
        0.7185329861111112,
        0.7133246527777779,
        0.7235243055555556,
        0.7239583333333333,
        0.7228732638888888,
        0.7235243055555556
    ],
    "test_loss": [],
    "test_acc": []
}