{
    "train_loss": [
        2.3637821674346924,
        2.179660201072693,
        2.1320507526397705,
        2.0697872042655945,
        2.0471446216106415,
        2.129984587430954,
        2.0073497593402863,
        2.075941026210785,
        1.9815818965435028,
        2.0390729904174805,
        1.9939644634723663,
        2.0093801617622375,
        2.0092723071575165,
        1.9544183909893036,
        1.9534067809581757,
        1.9747959077358246,
        1.9393021762371063,
        1.939687341451645,
        1.9339784681797028,
        1.9168004393577576,
        1.9055699706077576,
        1.9031135737895966,
        1.9005847871303558,
        1.861253172159195,
        1.8644540309906006,
        1.8840061128139496,
        1.8746609091758728,
        1.8780867457389832,
        1.8919601738452911,
        1.8378180265426636,
        1.8729219138622284,
        1.8582828640937805,
        1.859629511833191,
        1.8614290654659271,
        1.854429304599762,
        1.824282854795456,
        1.8102283775806427,
        1.7931528091430664,
        1.7816974520683289,
        1.8075778186321259,
        1.7982563376426697,
        1.823259949684143,
        1.8100300431251526,
        1.800122320652008,
        1.80425164103508,
        1.817050814628601,
        1.7877094447612762,
        1.7978577613830566,
        1.7789832055568695,
        1.7481764554977417
    ],
    "train_acc": [
        0.47817460317460314,
        0.47470238095238093,
        0.5104166666666666,
        0.5243055555555556,
        0.5461309523809523,
        0.5277777777777778,
        0.5853174603174603,
        0.49156746031746035,
        0.5595238095238095,
        0.49801587301587297,
        0.5486111111111112,
        0.5699404761904762,
        0.5446428571428571,
        0.5555555555555556,
        0.6125992063492064,
        0.5406746031746031,
        0.5768849206349207,
        0.5798611111111112,
        0.6046626984126984,
        0.6051587301587301,
        0.6081349206349207,
        0.6155753968253969,
        0.6299603174603174,
        0.6473214285714286,
        0.6329365079365079,
        0.6220238095238095,
        0.628968253968254,
        0.6393849206349207,
        0.6284722222222222,
        0.6790674603174603,
        0.6071428571428571,
        0.6676587301587301,
        0.6498015873015872,
        0.6498015873015872,
        0.6388888888888888,
        0.6567460317460316,
        0.7033730158730158,
        0.7286706349206349,
        0.6964285714285714,
        0.6706349206349207,
        0.6994047619047619,
        0.6924603174603174,
        0.6780753968253967,
        0.6924603174603174,
        0.6493055555555556,
        0.6919642857142857,
        0.7063492063492064,
        0.720734126984127,
        0.6845238095238095,
        0.6989087301587301
    ],
    "val_loss": [
        2.3060834407806396,
        2.2454259395599365,
        2.217521905899048,
        2.2048110961914062,
        2.194183588027954,
        2.182363510131836,
        2.17684268951416,
        2.1793580055236816,
        2.182440757751465,
        2.1804096698760986,
        2.1741764545440674,
        2.1660523414611816,
        2.158141613006592,
        2.1482415199279785,
        2.1409926414489746,
        2.1335666179656982,
        2.132166624069214,
        2.127687692642212,
        2.120086431503296,
        2.1151862144470215,
        2.110708713531494,
        2.1056454181671143,
        2.101620674133301,
        2.0973851680755615,
        2.094238042831421,
        2.0893449783325195,
        2.0838959217071533,
        2.0799882411956787,
        2.0765669345855713,
        2.0744497776031494,
        2.0717945098876953,
        2.068589687347412,
        2.065011739730835,
        2.060249090194702,
        2.058107376098633,
        2.0568854808807373,
        2.05373477935791,
        2.0506246089935303,
        2.048297882080078,
        2.0461840629577637,
        2.043545722961426,
        2.0417542457580566,
        2.039052963256836,
        2.0378880500793457,
        2.0367605686187744,
        2.034297227859497,
        2.03110408782959,
        2.029003620147705,
        2.0263075828552246,
        2.0264134407043457
    ],
    "val_acc": [
        0.5,
        0.4827586206896552,
        0.4482758620689655,
        0.4482758620689655,
        0.41379310344827586,
        0.3793103448275862,
        0.41379310344827586,
        0.4482758620689655,
        0.4482758620689655,
        0.4482758620689655,
        0.46551724137931033,
        0.46551724137931033,
        0.4482758620689655,
        0.43103448275862066,
        0.43103448275862066,
        0.4482758620689655,
        0.43103448275862066,
        0.43103448275862066,
        0.43103448275862066,
        0.4482758620689655,
        0.4482758620689655,
        0.4482758620689655,
        0.4482758620689655,
        0.4482758620689655,
        0.46551724137931033,
        0.46551724137931033,
        0.4482758620689655,
        0.43103448275862066,
        0.4482758620689655,
        0.4482758620689655,
        0.4482758620689655,
        0.46551724137931033,
        0.4482758620689655,
        0.4827586206896552,
        0.4827586206896552,
        0.5172413793103449,
        0.4827586206896552,
        0.5172413793103449,
        0.5172413793103449,
        0.4827586206896552,
        0.5172413793103449,
        0.5,
        0.5172413793103449,
        0.5,
        0.5,
        0.5,
        0.5517241379310345,
        0.5344827586206896,
        0.5344827586206896,
        0.5517241379310345
    ],
    "test_loss": [],
    "test_acc": []
}