{
    "train_loss": [
        2.0155054330825806,
        2.0340620577335358,
        1.9614725410938263,
        1.9562548100948334,
        1.9609786570072174,
        1.9272012114524841,
        1.9856613874435425,
        1.9362114667892456,
        1.9245861172676086,
        1.9169358909130096,
        1.9106416702270508,
        1.9160181879997253,
        1.8716634511947632,
        1.8915967047214508,
        1.8950429558753967,
        1.8881730437278748,
        1.850411295890808,
        1.8621954917907715,
        1.7934710085391998,
        1.8250354826450348,
        1.8010403513908386,
        1.8181377053260803,
        1.8267338573932648,
        1.8134346902370453,
        1.8244943022727966,
        1.798935741186142,
        1.764874428510666,
        1.7400948703289032,
        1.7817968726158142,
        1.733773946762085,
        1.7598379850387573,
        1.7756775617599487,
        1.7538952231407166,
        1.748194694519043,
        1.774499237537384,
        1.7294473350048065,
        1.7871179282665253,
        1.7438111007213593,
        1.753632366657257,
        1.7023917436599731,
        1.7444323599338531,
        1.6775360107421875,
        1.7061742544174194,
        1.7093652188777924,
        1.7211286425590515,
        1.7129841148853302,
        1.6960174143314362,
        1.695075124502182,
        1.6685120463371277,
        1.6695128381252289
    ],
    "train_acc": [
        0.5381944444444444,
        0.5054563492063492,
        0.5803571428571428,
        0.5659722222222222,
        0.5515873015873015,
        0.6125992063492064,
        0.5907738095238095,
        0.6046626984126984,
        0.623015873015873,
        0.5689484126984127,
        0.5868055555555556,
        0.5907738095238095,
        0.6225198412698413,
        0.5758928571428571,
        0.6081349206349207,
        0.6076388888888888,
        0.6294642857142857,
        0.589781746031746,
        0.6438492063492064,
        0.654265873015873,
        0.6398809523809523,
        0.6294642857142857,
        0.6398809523809524,
        0.6577380952380952,
        0.6041666666666666,
        0.675595238095238,
        0.6433531746031746,
        0.7003968253968254,
        0.6041666666666666,
        0.6934523809523809,
        0.7003968253968255,
        0.6502976190476191,
        0.6755952380952381,
        0.6572420634920635,
        0.6359126984126984,
        0.6681547619047619,
        0.6607142857142857,
        0.6750992063492064,
        0.6532738095238095,
        0.7038690476190476,
        0.6140873015873015,
        0.6641865079365079,
        0.7316468253968255,
        0.6671626984126984,
        0.6706349206349207,
        0.681547619047619,
        0.6959325396825397,
        0.7098214285714286,
        0.6850198412698413,
        0.7098214285714286
    ],
    "val_loss": [
        1.9002962112426758,
        1.8908233642578125,
        1.8870054483413696,
        1.8858661651611328,
        1.8828810453414917,
        1.8787896633148193,
        1.8774349689483643,
        1.8751057386398315,
        1.8730804920196533,
        1.8715780973434448,
        1.8697632551193237,
        1.8681820631027222,
        1.8684195280075073,
        1.8669241666793823,
        1.8657310009002686,
        1.8653563261032104,
        1.8646188974380493,
        1.8635938167572021,
        1.8632938861846924,
        1.8623933792114258,
        1.8627732992172241,
        1.8629944324493408,
        1.8625168800354004,
        1.8606584072113037,
        1.8604321479797363,
        1.8594578504562378,
        1.858215093612671,
        1.8572039604187012,
        1.8570168018341064,
        1.8561468124389648,
        1.8563413619995117,
        1.8553926944732666,
        1.851830244064331,
        1.8501317501068115,
        1.8488545417785645,
        1.8493871688842773,
        1.8498023748397827,
        1.8494242429733276,
        1.8482749462127686,
        1.8483437299728394,
        1.8484045267105103,
        1.84804368019104,
        1.8473546504974365,
        1.8475617170333862,
        1.8470393419265747,
        1.8460056781768799,
        1.846745252609253,
        1.8466691970825195,
        1.847028374671936,
        1.848374366760254
    ],
    "val_acc": [
        0.5862068965517241,
        0.5862068965517241,
        0.5862068965517241,
        0.5862068965517241,
        0.603448275862069,
        0.603448275862069,
        0.6206896551724138,
        0.6379310344827587,
        0.6379310344827587,
        0.6379310344827587,
        0.6379310344827587,
        0.6379310344827587,
        0.6379310344827587,
        0.6206896551724138,
        0.6379310344827587,
        0.6896551724137931,
        0.6724137931034483,
        0.6724137931034483,
        0.6896551724137931,
        0.6724137931034483,
        0.6724137931034483,
        0.7068965517241379,
        0.6896551724137931,
        0.6896551724137931,
        0.6724137931034483,
        0.6724137931034483,
        0.6724137931034483,
        0.6724137931034483,
        0.6724137931034483,
        0.6896551724137931,
        0.6724137931034483,
        0.6896551724137931,
        0.6896551724137931,
        0.6896551724137931,
        0.7068965517241379,
        0.6896551724137931,
        0.7068965517241379,
        0.6896551724137931,
        0.6896551724137931,
        0.7068965517241379,
        0.6724137931034483,
        0.6724137931034483,
        0.6896551724137931,
        0.6896551724137931,
        0.6896551724137931,
        0.6896551724137931,
        0.6896551724137931,
        0.7068965517241379,
        0.7241379310344828,
        0.7241379310344828
    ],
    "test_loss": [],
    "test_acc": []
}