{
    "train_loss": [
        2.4118261709809303,
        2.1665183268487453,
        2.08216854557395,
        2.0279111824929714,
        1.987616317346692,
        1.959019910544157,
        1.9311653822660446,
        1.9145191684365273,
        1.8932086359709501,
        1.8728252463042736,
        1.8568252883851528,
        1.8438677620142698,
        1.830152217298746,
        1.8144258949905634,
        1.8015253636986017,
        1.787714134901762,
        1.7743578385561705,
        1.7653979174792767,
        1.7552313730120659,
        1.744871024042368,
        1.7330428529530764,
        1.7237020693719387,
        1.7159243281930685,
        1.7104896642267704,
        1.6986688859760761,
        1.6894244235008955,
        1.6834180988371372,
        1.6734872553497553,
        1.6665460728108883,
        1.6611475311219692,
        1.6552349869161844,
        1.6470505874603987,
        1.637527957558632,
        1.6309528723359108,
        1.6239978019148111,
        1.6197836063802242,
        1.6132078263908625,
        1.603015311062336,
        1.597178278490901,
        1.5898577254265547,
        1.5788660552352667,
        1.574500510469079,
        1.5690844543278217,
        1.5612596534192562,
        1.5569875817745924,
        1.5509003773331642,
        1.546277467161417,
        1.5378197878599167,
        1.5305241979658604,
        1.52130357734859
    ],
    "train_acc": [
        0.3029513888888889,
        0.4038628472222222,
        0.4637586805555556,
        0.5101996527777778,
        0.537109375,
        0.5594618055555556,
        0.5753038194444444,
        0.5983072916666667,
        0.603515625,
        0.6180555555555556,
        0.6236979166666666,
        0.6334635416666667,
        0.6436631944444444,
        0.6501736111111112,
        0.6614583333333334,
        0.669921875,
        0.6783854166666666,
        0.6820746527777779,
        0.6851128472222222,
        0.697265625,
        0.69921875,
        0.7044270833333334,
        0.7118055555555556,
        0.7098524305555556,
        0.7159288194444444,
        0.7180989583333333,
        0.724609375,
        0.7276475694444444,
        0.7319878472222223,
        0.7371961805555556,
        0.734592013888889,
        0.7374131944444444,
        0.73828125,
        0.7432725694444444,
        0.7452256944444444,
        0.7513020833333333,
        0.7534722222222222,
        0.7534722222222222,
        0.7545572916666667,
        0.757595486111111,
        0.7562934027777778,
        0.7630208333333333,
        0.7565104166666667,
        0.7582465277777778,
        0.7632378472222222,
        0.7651909722222222,
        0.765625,
        0.7608506944444444,
        0.7647569444444444,
        0.7684461805555556
    ],
    "val_loss": [
        2.2140829749405384,
        2.102967072278261,
        2.040876315906644,
        1.9963074065744877,
        1.959701418876648,
        1.9337855447083712,
        1.9080891720950603,
        1.893399776890874,
        1.8771412037312984,
        1.8536177650094032,
        1.8438960555940866,
        1.824333718046546,
        1.8082403559237719,
        1.7955646961927414,
        1.778194572776556,
        1.7751600556075573,
        1.7573335599154234,
        1.7469479124993086,
        1.73656783439219,
        1.7228786461055279,
        1.7171813119202852,
        1.7027697917073965,
        1.7047882974147797,
        1.6886540204286575,
        1.6798490229994059,
        1.6743253245949745,
        1.6618983056396246,
        1.6580370273441076,
        1.6464939415454865,
        1.6447390504181385,
        1.6358118671923876,
        1.6236117631196976,
        1.619728596881032,
        1.6136766783893108,
        1.610199423506856,
        1.602480063214898,
        1.5891258213669062,
        1.5876274425536394,
        1.58949413895607,
        1.5678751971572638,
        1.564037112519145,
        1.5618748739361763,
        1.549379738047719,
        1.5408277474343777,
        1.5309786945581436,
        1.5298220328986645,
        1.5324011910706758,
        1.5248836651444435,
        1.5039626862853765,
        1.5027155596762896
    ],
    "val_acc": [
        0.39236111111111116,
        0.4496527777777778,
        0.4945746527777778,
        0.5401475694444444,
        0.5648871527777778,
        0.5818142361111112,
        0.5978732638888888,
        0.6015625,
        0.6241319444444444,
        0.6317274305555556,
        0.6410590277777778,
        0.6475694444444444,
        0.6590711805555556,
        0.6599392361111112,
        0.6770833333333334,
        0.6786024305555556,
        0.683810763888889,
        0.699435763888889,
        0.693359375,
        0.7109375,
        0.7137586805555556,
        0.7202690972222223,
        0.7198350694444444,
        0.7272135416666666,
        0.736328125,
        0.7306857638888888,
        0.7365451388888888,
        0.7341579861111112,
        0.74609375,
        0.74609375,
        0.7486979166666666,
        0.7530381944444444,
        0.7526041666666667,
        0.7595486111111112,
        0.7573784722222222,
        0.7599826388888888,
        0.7612847222222222,
        0.755859375,
        0.7625868055555556,
        0.7651909722222223,
        0.7682291666666666,
        0.763671875,
        0.7667100694444444,
        0.7732204861111112,
        0.7706163194444444,
        0.7699652777777777,
        0.7719184027777778,
        0.7725694444444444,
        0.7784288194444444,
        0.7797309027777778
    ],
    "test_loss": [],
    "test_acc": []
}