{
    "train_loss": [
        2.4262342117726803,
        2.1586452461779118,
        2.07161957398057,
        2.0131146367639303,
        1.972252706065774,
        1.9425963647663593,
        1.9146534726023674,
        1.8977774530649185,
        1.8766148518770933,
        1.8603498749434948,
        1.843641771003604,
        1.8307164534926414,
        1.816745288670063,
        1.800212712958455,
        1.7880632858723402,
        1.7743708193302155,
        1.7638941779732704,
        1.7536514103412628,
        1.744657190516591,
        1.7346402239054441,
        1.7265060395002365,
        1.7158347591757774,
        1.7085491437464952,
        1.6990069691091776,
        1.6890913434326649,
        1.6827067472040653,
        1.6757721491158009,
        1.6657015681266785,
        1.6585554834455252,
        1.6522499211132526,
        1.6420010291039944,
        1.6354973558336496,
        1.6289207767695189,
        1.6200438998639584,
        1.610846746712923,
        1.6068129409104586,
        1.5980939399451017,
        1.5897660218179226,
        1.5829897616058588,
        1.572288304567337,
        1.5633237641304731,
        1.5600611679255962,
        1.5516390018165112,
        1.5424056965857744,
        1.5356737785041332,
        1.5350735187530518,
        1.52566590718925,
        1.5138521157205105,
        1.506868865340948,
        1.4997057169675827
    ],
    "train_acc": [
        0.3092447916666667,
        0.4292534722222222,
        0.48958333333333337,
        0.5305989583333333,
        0.5653211805555556,
        0.5837673611111112,
        0.6052517361111112,
        0.613498263888889,
        0.6284722222222222,
        0.6384548611111112,
        0.6508246527777777,
        0.6547309027777778,
        0.6610243055555556,
        0.6688368055555556,
        0.6770833333333333,
        0.6920572916666666,
        0.6892361111111112,
        0.6996527777777778,
        0.7029079861111112,
        0.7039930555555556,
        0.7083333333333334,
        0.7135416666666667,
        0.7198350694444444,
        0.7211371527777777,
        0.7198350694444444,
        0.7239583333333333,
        0.7274305555555556,
        0.734375,
        0.732421875,
        0.734375,
        0.7408854166666667,
        0.7358940972222222,
        0.7428385416666666,
        0.7476128472222223,
        0.7497829861111112,
        0.7484809027777778,
        0.753689236111111,
        0.7528211805555556,
        0.7547743055555556,
        0.7534722222222222,
        0.7569444444444444,
        0.7586805555555556,
        0.7569444444444444,
        0.7591145833333334,
        0.7634548611111112,
        0.7645399305555556,
        0.7628038194444444,
        0.763671875,
        0.763671875,
        0.7628038194444444
    ],
    "val_loss": [
        2.2140720188617706,
        2.090661734342575,
        2.026875253766775,
        1.9770168531686068,
        1.9446316715329885,
        1.9185232184827328,
        1.893769048154354,
        1.8755667433142662,
        1.8634204436093569,
        1.839907543733716,
        1.82992360368371,
        1.8079520221799612,
        1.7938073948025703,
        1.7814265582710505,
        1.7690851427614689,
        1.7564781717956066,
        1.7494918648153543,
        1.7330923844128847,
        1.726562449708581,
        1.7105802595615387,
        1.7078449055552483,
        1.6936197467148304,
        1.686386013403535,
        1.6807054374366999,
        1.6769673526287079,
        1.6610895078629255,
        1.6518665254116058,
        1.6483447887003422,
        1.6396851912140846,
        1.629908625036478,
        1.6219580061733723,
        1.611751139163971,
        1.604997856542468,
        1.5982318054884672,
        1.5961448960006237,
        1.5910613127052784,
        1.572801347821951,
        1.5705825611948967,
        1.569584721699357,
        1.5562456641346216,
        1.5529265757650137,
        1.5452665723860264,
        1.5331981405615807,
        1.522424167022109,
        1.5139719620347023,
        1.5074498038738966,
        1.5005398821085691,
        1.4925368577241898,
        1.4824071284383535,
        1.4787759594619274
    ],
    "val_acc": [
        0.412109375,
        0.4691840277777778,
        0.5230034722222221,
        0.564453125,
        0.58203125,
        0.6078559027777777,
        0.6180555555555556,
        0.6217447916666666,
        0.6388888888888888,
        0.6527777777777778,
        0.6610243055555556,
        0.6655815972222222,
        0.6751302083333334,
        0.6814236111111112,
        0.6890190972222223,
        0.6987847222222223,
        0.6953125,
        0.707248263888889,
        0.7044270833333334,
        0.7157118055555556,
        0.7178819444444444,
        0.7250434027777777,
        0.7220052083333333,
        0.7306857638888888,
        0.7369791666666666,
        0.7404513888888888,
        0.7408854166666667,
        0.738064236111111,
        0.744140625,
        0.7445746527777777,
        0.7478298611111112,
        0.7506510416666667,
        0.7543402777777778,
        0.755859375,
        0.7528211805555556,
        0.7625868055555556,
        0.7604166666666666,
        0.7547743055555556,
        0.759765625,
        0.7641059027777778,
        0.7625868055555556,
        0.7586805555555556,
        0.7686631944444444,
        0.771484375,
        0.7717013888888888,
        0.7721354166666667,
        0.7703993055555556,
        0.7710503472222222,
        0.7701822916666667,
        0.7766927083333334
    ],
    "test_loss": [],
    "test_acc": []
}