{
    "train_loss": [
        1.0679681897163391,
        1.0583640933036804,
        1.121481478214264,
        1.0833480954170227,
        1.0748684704303741,
        1.0036498606204987,
        1.0209965407848358,
        1.0367282181978226,
        1.0835876017808914,
        1.0177927613258362,
        1.0164674669504166,
        0.9869307428598404,
        0.9785038083791733,
        1.0096715241670609,
        0.983087807893753,
        1.023665577173233,
        0.9424028098583221,
        0.9673348814249039,
        0.9739477187395096,
        0.9848263561725616,
        0.9839820116758347,
        0.9996192753314972,
        1.0089890509843826,
        0.9540972262620926,
        0.9808889031410217,
        0.9284351766109467,
        0.9958100020885468,
        0.9697454273700714,
        0.9681253433227539,
        0.92963907122612,
        0.9115278273820877,
        0.9739927053451538,
        0.8850263208150864,
        0.8849279582500458,
        0.9585510194301605,
        0.9125922322273254,
        0.8899426162242889,
        1.0070496648550034,
        0.9470332711935043,
        0.8970009386539459,
        0.9399484843015671,
        0.8544678688049316,
        0.8743967264890671,
        0.9344798177480698,
        0.897703617811203,
        0.9118802398443222,
        0.8716308027505875,
        0.9008219242095947,
        0.9190074950456619,
        0.8692579120397568
    ],
    "train_acc": [
        0.5530753968253969,
        0.5168650793650793,
        0.4846230158730158,
        0.5595238095238095,
        0.5987103174603174,
        0.595734126984127,
        0.5451388888888888,
        0.5520833333333333,
        0.5411706349206349,
        0.5629960317460316,
        0.6021825396825397,
        0.6056547619047619,
        0.5987103174603174,
        0.5982142857142857,
        0.5699404761904762,
        0.5446428571428571,
        0.6235119047619048,
        0.5838293650793651,
        0.6125992063492064,
        0.5873015873015872,
        0.6195436507936508,
        0.6016865079365079,
        0.5907738095238095,
        0.619047619047619,
        0.5942460317460316,
        0.6374007936507936,
        0.59375,
        0.6046626984126984,
        0.6225198412698413,
        0.6403769841269842,
        0.6329365079365079,
        0.6006944444444444,
        0.6617063492063492,
        0.6686507936507936,
        0.654265873015873,
        0.6329365079365079,
        0.6577380952380952,
        0.5858134920634921,
        0.6324404761904763,
        0.668154761904762,
        0.6215277777777778,
        0.7078373015873016,
        0.6716269841269842,
        0.6215277777777778,
        0.6468253968253969,
        0.6428571428571428,
        0.6825396825396826,
        0.6463293650793651,
        0.6284722222222222,
        0.6716269841269842
    ],
    "val_loss": [
        1.0149201154708862,
        1.0071152448654175,
        1.0029547214508057,
        1.0003962516784668,
        0.9965353608131409,
        0.9945238828659058,
        0.9917444586753845,
        0.9886060357093811,
        0.9862579703330994,
        0.9847596287727356,
        0.9823555946350098,
        0.9794096946716309,
        0.9780964255332947,
        0.9746712446212769,
        0.9731404781341553,
        0.9712741374969482,
        0.9676451683044434,
        0.9653700590133667,
        0.9634132385253906,
        0.9625921845436096,
        0.9611700177192688,
        0.9594020843505859,
        0.9560611844062805,
        0.9563487768173218,
        0.9552265405654907,
        0.9530593752861023,
        0.9516112804412842,
        0.9501273036003113,
        0.9481111168861389,
        0.9464322924613953,
        0.9441646337509155,
        0.9435837864875793,
        0.9413220882415771,
        0.940223217010498,
        0.9392024874687195,
        0.9392939209938049,
        0.936819851398468,
        0.9348435997962952,
        0.9333966970443726,
        0.9320096373558044,
        0.9302125573158264,
        0.929811954498291,
        0.9292603731155396,
        0.9269747734069824,
        0.9263119101524353,
        0.9254581332206726,
        0.9245477914810181,
        0.9235743880271912,
        0.9217808842658997,
        0.9214228987693787
    ],
    "val_acc": [
        0.5689655172413793,
        0.5689655172413793,
        0.5689655172413793,
        0.5689655172413793,
        0.5862068965517241,
        0.5689655172413793,
        0.5862068965517241,
        0.603448275862069,
        0.5862068965517241,
        0.5862068965517241,
        0.6206896551724138,
        0.6206896551724138,
        0.6206896551724138,
        0.6206896551724138,
        0.603448275862069,
        0.6551724137931034,
        0.6551724137931034,
        0.6551724137931034,
        0.6551724137931034,
        0.6551724137931034,
        0.6551724137931034,
        0.6724137931034483,
        0.6724137931034483,
        0.6724137931034483,
        0.6724137931034483,
        0.6724137931034483,
        0.6724137931034483,
        0.6724137931034483,
        0.6724137931034483,
        0.6724137931034483,
        0.6724137931034483,
        0.6724137931034483,
        0.6724137931034483,
        0.6724137931034483,
        0.6724137931034483,
        0.6724137931034483,
        0.6724137931034483,
        0.6724137931034483,
        0.6724137931034483,
        0.6724137931034483,
        0.6724137931034483,
        0.6724137931034483,
        0.6724137931034483,
        0.6724137931034483,
        0.6724137931034483,
        0.6724137931034483,
        0.6724137931034483,
        0.6724137931034483,
        0.6724137931034483,
        0.6724137931034483
    ],
    "test_loss": [],
    "test_acc": []
}