{
    "train_loss": [
        1.0556087046861649,
        1.0271676182746887,
        0.9949958920478821,
        1.0180655717849731,
        0.9814341515302658,
        1.0479336231946945,
        0.9484078884124756,
        1.0299387723207474,
        1.0398614257574081,
        0.9880641996860504,
        1.0198210924863815,
        0.9619574695825577,
        0.995385006070137,
        0.964127391576767,
        0.9068218916654587,
        0.9614030718803406,
        0.9320145100355148,
        0.934804692864418,
        0.9423969984054565,
        0.9390490353107452,
        0.9279456585645676,
        0.9233850836753845,
        0.9618582427501678,
        0.909781813621521,
        0.9738474637269974,
        0.9272949397563934,
        0.9217731803655624,
        0.8753208070993423,
        0.9340686202049255,
        0.8480080664157867,
        0.8722134679555893,
        0.9024078696966171,
        0.9122939258813858,
        0.8667101114988327,
        0.8570223599672318,
        0.9111099988222122,
        0.8534649759531021,
        0.859955370426178,
        0.8432531356811523,
        0.8940177410840988,
        0.877558171749115,
        0.821977287530899,
        0.8505532890558243,
        0.8491676151752472,
        0.8637894541025162,
        0.8540511727333069,
        0.9002390056848526,
        0.8328303247690201,
        0.8609564751386642,
        0.8244758546352386
    ],
    "train_acc": [
        0.5560515873015873,
        0.5451388888888888,
        0.5987103174603176,
        0.5808531746031745,
        0.5987103174603174,
        0.5267857142857143,
        0.6096230158730159,
        0.5768849206349207,
        0.5515873015873016,
        0.5625,
        0.5481150793650793,
        0.5838293650793651,
        0.6011904761904763,
        0.6086309523809524,
        0.6304563492063492,
        0.6086309523809524,
        0.6116071428571428,
        0.6150793650793651,
        0.6046626984126984,
        0.6225198412698413,
        0.6150793650793651,
        0.6398809523809523,
        0.5788690476190476,
        0.6076388888888888,
        0.6364087301587301,
        0.6507936507936508,
        0.6076388888888888,
        0.6790674603174602,
        0.6036706349206349,
        0.6934523809523809,
        0.6254960317460317,
        0.6502976190476191,
        0.6463293650793651,
        0.6681547619047619,
        0.6502976190476191,
        0.6641865079365079,
        0.6676587301587301,
        0.6860119047619048,
        0.6676587301587301,
        0.6532738095238095,
        0.6780753968253969,
        0.7142857142857143,
        0.7103174603174603,
        0.6711309523809523,
        0.6671626984126984,
        0.6671626984126984,
        0.6349206349206349,
        0.706845238095238,
        0.6884920634920635,
        0.7137896825396826
    ],
    "val_loss": [
        0.9565962553024292,
        0.9554774761199951,
        0.9572934508323669,
        0.9585232734680176,
        0.9578259587287903,
        0.9585424661636353,
        0.9574967622756958,
        0.9562399387359619,
        0.9546107053756714,
        0.9510281085968018,
        0.9497513771057129,
        0.9471591711044312,
        0.9463165402412415,
        0.943875253200531,
        0.9412070512771606,
        0.940297544002533,
        0.939208447933197,
        0.9374508261680603,
        0.9363629817962646,
        0.9338729381561279,
        0.932303786277771,
        0.9307646155357361,
        0.9293220639228821,
        0.9269937872886658,
        0.9264699816703796,
        0.9227436780929565,
        0.9219528436660767,
        0.9204517602920532,
        0.9190625548362732,
        0.9174758791923523,
        0.9157080054283142,
        0.913622260093689,
        0.9109639525413513,
        0.909485399723053,
        0.9096326231956482,
        0.9091194272041321,
        0.9063423275947571,
        0.9057547450065613,
        0.9044744968414307,
        0.9028497338294983,
        0.901971161365509,
        0.9001246094703674,
        0.8980275392532349,
        0.8972890377044678,
        0.8963354229927063,
        0.8949113488197327,
        0.8935501575469971,
        0.8930617570877075,
        0.8922562599182129,
        0.8904696702957153
    ],
    "val_acc": [
        0.603448275862069,
        0.5689655172413793,
        0.5517241379310345,
        0.5517241379310345,
        0.5344827586206896,
        0.5344827586206896,
        0.5344827586206896,
        0.5344827586206896,
        0.5344827586206896,
        0.5344827586206896,
        0.5344827586206896,
        0.5517241379310345,
        0.5517241379310345,
        0.5517241379310345,
        0.5862068965517241,
        0.5689655172413793,
        0.5862068965517241,
        0.5689655172413793,
        0.5689655172413793,
        0.5689655172413793,
        0.5862068965517241,
        0.603448275862069,
        0.603448275862069,
        0.6206896551724138,
        0.6379310344827587,
        0.6379310344827587,
        0.6206896551724138,
        0.6379310344827587,
        0.6551724137931034,
        0.6724137931034483,
        0.6724137931034483,
        0.6551724137931034,
        0.6724137931034483,
        0.6724137931034483,
        0.6724137931034483,
        0.6724137931034483,
        0.6724137931034483,
        0.6724137931034483,
        0.6724137931034483,
        0.6724137931034483,
        0.6724137931034483,
        0.7068965517241379,
        0.6896551724137931,
        0.6896551724137931,
        0.6724137931034483,
        0.6724137931034483,
        0.6896551724137931,
        0.6896551724137931,
        0.6896551724137931,
        0.7068965517241379
    ],
    "test_loss": [],
    "test_acc": []
}