{
    "train_loss": [
        2.1087775006890297,
        2.040920104831457,
        2.0079708117991686,
        1.9815110974013805,
        1.9632615614682436,
        1.9467521253973246,
        1.9297830313444138,
        1.9160677418112755,
        1.902892030775547,
        1.892826795578003,
        1.8804257046431303,
        1.8668169677257538,
        1.8574283253401518,
        1.847716797143221,
        1.8397014904767275,
        1.8238595053553581,
        1.8129871189594269,
        1.8043947648257017,
        1.7920937910676003,
        1.7812753282487392,
        1.7711806390434504,
        1.7612782251089811,
        1.7480550836771727,
        1.7375813629478216,
        1.7291217241436243,
        1.7179477866739035,
        1.7059113327413797,
        1.6983462534844875,
        1.691025773063302,
        1.6815162748098373,
        1.668897408992052,
        1.6621883865445852,
        1.652745833620429,
        1.6443826537579298,
        1.6370530389249325,
        1.6238729245960712,
        1.6124236714094877,
        1.6077552568167448,
        1.5926666762679815,
        1.5835433471947908,
        1.5778962075710297,
        1.56611786223948,
        1.5593754891306162,
        1.545192375779152,
        1.5356692802160978,
        1.5308681670576334,
        1.5187972784042358,
        1.5085567235946655,
        1.499444941058755,
        1.4861779659986496
    ],
    "train_acc": [
        0.29817708333333337,
        0.4032118055555556,
        0.43793402777777773,
        0.47200520833333326,
        0.49609375,
        0.5201822916666667,
        0.5327690972222222,
        0.5464409722222222,
        0.5551215277777777,
        0.5757378472222222,
        0.5796440972222222,
        0.59765625,
        0.603298611111111,
        0.613498263888889,
        0.6195746527777778,
        0.6325954861111112,
        0.6371527777777779,
        0.6456163194444444,
        0.6473524305555556,
        0.6616753472222223,
        0.6675347222222222,
        0.6773003472222222,
        0.6792534722222222,
        0.69140625,
        0.6935763888888888,
        0.6907552083333334,
        0.7016059027777778,
        0.705078125,
        0.7105034722222221,
        0.7094184027777778,
        0.7144097222222222,
        0.7220052083333334,
        0.7215711805555555,
        0.7209201388888888,
        0.7256944444444444,
        0.7309027777777778,
        0.7259114583333333,
        0.7309027777777777,
        0.7326388888888888,
        0.7369791666666666,
        0.7348090277777779,
        0.7369791666666667,
        0.736328125,
        0.7413194444444444,
        0.7417534722222222,
        0.7424045138888888,
        0.7510850694444444,
        0.7456597222222222,
        0.7454427083333333,
        0.7443576388888888
    ],
    "val_loss": [
        2.046059610322118,
        2.01389592140913,
        1.9817285537719727,
        1.9579642564058304,
        1.941070320084691,
        1.922714015468955,
        1.909972531720996,
        1.8961046487092972,
        1.8830870930105448,
        1.8710018899291754,
        1.8602265808731318,
        1.8499853666871786,
        1.8385525289922953,
        1.8297782726585865,
        1.8138340879231691,
        1.8057054076343775,
        1.7903467807918787,
        1.7844457384198904,
        1.7732649501413107,
        1.7648037318140268,
        1.764531096443534,
        1.737155208364129,
        1.7243778854608536,
        1.720893369987607,
        1.7074291184544563,
        1.6952011231333017,
        1.6844076048582792,
        1.6816432680934668,
        1.6695582289248705,
        1.657943380996585,
        1.6520225666463375,
        1.6440311577171087,
        1.6261776871979237,
        1.6189823001623154,
        1.6063784696161747,
        1.5995200518518686,
        1.5894720908254385,
        1.5799904745072126,
        1.5683504436165094,
        1.5549990255385637,
        1.5554338414222002,
        1.539067279547453,
        1.5360288694500923,
        1.5281925778836012,
        1.5104506351053715,
        1.5044575650244951,
        1.4979055970907211,
        1.4874489847570658,
        1.4684109687805176,
        1.4635132048279047
    ],
    "val_acc": [
        0.3882378472222222,
        0.4301215277777778,
        0.478515625,
        0.5004340277777778,
        0.525173611111111,
        0.5444878472222222,
        0.5588107638888888,
        0.5670572916666666,
        0.5809461805555556,
        0.591579861111111,
        0.6108940972222222,
        0.6145833333333333,
        0.6165364583333334,
        0.6315104166666667,
        0.6391059027777778,
        0.6495225694444444,
        0.6508246527777779,
        0.6603732638888888,
        0.6688368055555556,
        0.6731770833333334,
        0.6892361111111112,
        0.693359375,
        0.7009548611111112,
        0.7126736111111112,
        0.7078993055555556,
        0.7161458333333334,
        0.7200520833333333,
        0.7202690972222222,
        0.7278645833333334,
        0.73046875,
        0.7350260416666667,
        0.7389322916666667,
        0.73046875,
        0.73828125,
        0.740234375,
        0.7398003472222222,
        0.7450086805555556,
        0.7432725694444444,
        0.7504340277777779,
        0.7452256944444444,
        0.7463107638888888,
        0.7510850694444444,
        0.7515190972222222,
        0.7437065972222222,
        0.7532552083333334,
        0.7534722222222223,
        0.7623697916666666,
        0.7573784722222222,
        0.7619357638888888,
        0.7606336805555556
    ],
    "test_loss": [],
    "test_acc": []
}