{
    "train_loss": [
        2.3313625156879425,
        2.1630812287330627,
        2.042998194694519,
        1.9962418973445892,
        1.9867771863937378,
        1.9782751202583313,
        1.89200097322464,
        1.9545017778873444,
        1.9478186964988708,
        1.9170804619789124,
        1.9151719808578491,
        1.8927400410175323,
        1.8619972169399261,
        1.8744643032550812,
        1.8675235509872437,
        1.860609620809555,
        1.8270943760871887,
        1.8306284546852112,
        1.815085083246231,
        1.8185157775878906,
        1.8215062618255615,
        1.7678352296352386,
        1.8147046267986298,
        1.7683419585227966,
        1.7540359497070312,
        1.779376357793808,
        1.7698627710342407,
        1.7478387951850891,
        1.7566669881343842,
        1.7592511475086212,
        1.7185395061969757,
        1.6793307065963745,
        1.720265954732895,
        1.718975692987442,
        1.7131515145301819,
        1.6500744819641113,
        1.665006309747696,
        1.6891491115093231,
        1.679101675748825,
        1.6871943175792694,
        1.7013850212097168,
        1.6798261106014252,
        1.6810715198516846,
        1.7069195806980133,
        1.678376466035843,
        1.6357385218143463,
        1.6471863985061646,
        1.6244301199913025,
        1.6287420690059662,
        1.6469963490962982
    ],
    "train_acc": [
        0.6150793650793651,
        0.6865079365079365,
        0.632440476190476,
        0.6180555555555556,
        0.6468253968253969,
        0.668154761904762,
        0.6929563492063492,
        0.685515873015873,
        0.663690476190476,
        0.7068452380952381,
        0.6815476190476191,
        0.7172619047619047,
        0.699404761904762,
        0.7132936507936508,
        0.7455357142857143,
        0.7276785714285714,
        0.738095238095238,
        0.7237103174603176,
        0.7271825396825398,
        0.7450396825396824,
        0.7524801587301587,
        0.7594246031746033,
        0.7375992063492064,
        0.7842261904761905,
        0.7485119047619047,
        0.722718253968254,
        0.7906746031746031,
        0.7123015873015872,
        0.7048611111111112,
        0.7331349206349205,
        0.8045634920634921,
        0.8333333333333333,
        0.7797619047619047,
        0.7544642857142857,
        0.779265873015873,
        0.8293650793650793,
        0.8368055555555556,
        0.8258928571428572,
        0.7896825396825398,
        0.818452380952381,
        0.793154761904762,
        0.839781746031746,
        0.8184523809523809,
        0.800595238095238,
        0.8075396825396826,
        0.8110119047619048,
        0.8040674603174603,
        0.8219246031746031,
        0.839781746031746,
        0.8323412698412699
    ],
    "val_loss": [
        2.06257700920105,
        1.9591883420944214,
        1.9196312427520752,
        1.9144223928451538,
        1.9194746017456055,
        1.9240975379943848,
        1.9186758995056152,
        1.9053490161895752,
        1.8925073146820068,
        1.8832969665527344,
        1.8743199110031128,
        1.8689152002334595,
        1.8648788928985596,
        1.8608458042144775,
        1.8594809770584106,
        1.8569953441619873,
        1.8565179109573364,
        1.8540360927581787,
        1.8500229120254517,
        1.8485662937164307,
        1.8447141647338867,
        1.8430883884429932,
        1.8408820629119873,
        1.838524341583252,
        1.8378502130508423,
        1.8370258808135986,
        1.835253119468689,
        1.8359711170196533,
        1.8341681957244873,
        1.8321049213409424,
        1.8301043510437012,
        1.8280876874923706,
        1.825567364692688,
        1.8223868608474731,
        1.8219084739685059,
        1.8211946487426758,
        1.8193341493606567,
        1.8177095651626587,
        1.8174569606781006,
        1.8156936168670654,
        1.8133548498153687,
        1.8111753463745117,
        1.8100216388702393,
        1.8091984987258911,
        1.8121124505996704,
        1.8105378150939941,
        1.808170199394226,
        1.8069065809249878,
        1.808426022529602,
        1.8041822910308838
    ],
    "val_acc": [
        0.6379310344827587,
        0.6206896551724138,
        0.6206896551724138,
        0.6206896551724138,
        0.6206896551724138,
        0.6206896551724138,
        0.6206896551724138,
        0.6206896551724138,
        0.6206896551724138,
        0.6206896551724138,
        0.6379310344827587,
        0.6379310344827587,
        0.6206896551724138,
        0.6379310344827587,
        0.6206896551724138,
        0.6206896551724138,
        0.6206896551724138,
        0.6379310344827587,
        0.6379310344827587,
        0.6206896551724138,
        0.6379310344827587,
        0.6379310344827587,
        0.6379310344827587,
        0.6379310344827587,
        0.6379310344827587,
        0.6379310344827587,
        0.6379310344827587,
        0.6551724137931034,
        0.6724137931034483,
        0.6896551724137931,
        0.6896551724137931,
        0.6896551724137931,
        0.6896551724137931,
        0.6896551724137931,
        0.6896551724137931,
        0.6896551724137931,
        0.7068965517241379,
        0.7068965517241379,
        0.7068965517241379,
        0.7068965517241379,
        0.7068965517241379,
        0.7068965517241379,
        0.7068965517241379,
        0.7241379310344828,
        0.7241379310344828,
        0.7241379310344828,
        0.7241379310344828,
        0.7241379310344828,
        0.7241379310344828,
        0.7241379310344828
    ],
    "test_loss": [],
    "test_acc": []
}