{
    "train_loss": [
        1.3648625165224075,
        1.3073424585163593,
        1.2571767885237932,
        1.2092104386538267,
        1.169697280973196,
        1.138116667047143,
        1.1152445524930954,
        1.0952505515888333,
        1.0796992322430015,
        1.0659372610971332,
        1.0545868184417486,
        1.0434053633362055,
        1.032314688898623,
        1.0222558062523603,
        1.0109885456040502,
        1.0023112194612622,
        0.9940691972151399,
        0.9859567582607269,
        0.9763771500438452,
        0.9672804903239012,
        0.9587762467563152,
        0.9491268862038851,
        0.940950121730566,
        0.9314576704055071,
        0.9211699040606618,
        0.9120694426819682,
        0.903997452929616,
        0.8952876217663288,
        0.887462061829865,
        0.8793862843886018,
        0.8713289005681872,
        0.8660717476159334,
        0.8587648253887892,
        0.8537306357175112,
        0.8466587802395225,
        0.8427607864141464,
        0.8363737957552075,
        0.8302013417705894,
        0.8258990086615086,
        0.8217665366828442,
        0.8161728484556079,
        0.8118535345420241,
        0.8065089043229818,
        0.8012725543230772,
        0.8000541860237718,
        0.7944479221478105,
        0.7896405225619674,
        0.7865856280550361,
        0.7832413660362363,
        0.7798863323405385
    ],
    "train_acc": [
        0.3213975694444444,
        0.4131944444444444,
        0.45290798611111116,
        0.4952256944444444,
        0.5193142361111112,
        0.5421006944444444,
        0.556640625,
        0.5653211805555556,
        0.5733506944444444,
        0.577907986111111,
        0.5828993055555555,
        0.5913628472222221,
        0.6009114583333333,
        0.6015625,
        0.6111111111111112,
        0.6130642361111112,
        0.6202256944444444,
        0.6280381944444444,
        0.6310763888888888,
        0.6375868055555556,
        0.6399739583333334,
        0.6427951388888888,
        0.6475694444444444,
        0.65625,
        0.6608072916666667,
        0.6677517361111112,
        0.6710069444444444,
        0.671875,
        0.6773003472222223,
        0.683376736111111,
        0.68359375,
        0.6888020833333335,
        0.6896701388888888,
        0.6924913194444444,
        0.701171875,
        0.6981336805555556,
        0.701171875,
        0.7024739583333334,
        0.7074652777777777,
        0.7098524305555556,
        0.7074652777777778,
        0.7105034722222222,
        0.7211371527777778,
        0.7176649305555556,
        0.7204861111111112,
        0.7256944444444444,
        0.7213541666666667,
        0.7233072916666666,
        0.7289496527777777,
        0.7261284722222222
    ],
    "val_loss": [
        1.3300624322146177,
        1.2747449073940516,
        1.2268475722521544,
        1.1804067473858595,
        1.1448671659454703,
        1.117959857918322,
        1.098654055967927,
        1.080848672427237,
        1.0649328231811523,
        1.0525378193706274,
        1.0401486493647099,
        1.0287310313433409,
        1.0188266523182392,
        1.0079195676371455,
        0.9998880373314023,
        0.9914312902837992,
        0.9803518857806921,
        0.97236408572644,
        0.9636390935629606,
        0.954568806104362,
        0.9465480865910649,
        0.9378007911145687,
        0.928249491378665,
        0.9200620399788022,
        0.9096172545105219,
        0.8977490374818444,
        0.8899562368169427,
        0.8829970341175795,
        0.8718665232881904,
        0.8641085559502244,
        0.859154955483973,
        0.8506991397589445,
        0.8460202272981405,
        0.8406915590167046,
        0.8351176511496305,
        0.832011547870934,
        0.8237894047051668,
        0.8153159134089947,
        0.8116378486156464,
        0.8070430364459753,
        0.8032976919785142,
        0.7992447325959802,
        0.7957012746483088,
        0.7890632450580597,
        0.7854186994954944,
        0.7828228855505586,
        0.7784817479550838,
        0.7752663977444172,
        0.7713595386594534,
        0.7682481547817588
    ],
    "val_acc": [
        0.3921440972222222,
        0.4416232638888889,
        0.4826388888888889,
        0.5123697916666666,
        0.5377604166666666,
        0.5570746527777778,
        0.5661892361111112,
        0.5687934027777778,
        0.5828993055555556,
        0.5865885416666666,
        0.5959201388888888,
        0.6000434027777777,
        0.6052517361111112,
        0.6137152777777777,
        0.6171875,
        0.6241319444444444,
        0.6282552083333334,
        0.6325954861111112,
        0.6421440972222223,
        0.6443142361111112,
        0.6410590277777778,
        0.6551649305555556,
        0.6629774305555556,
        0.6636284722222223,
        0.6733940972222223,
        0.6744791666666666,
        0.6831597222222221,
        0.6883680555555556,
        0.6840277777777778,
        0.6929253472222223,
        0.6944444444444444,
        0.6942274305555556,
        0.701171875,
        0.6998697916666666,
        0.7007378472222223,
        0.7105034722222223,
        0.7113715277777777,
        0.713107638888889,
        0.7161458333333334,
        0.7180989583333334,
        0.7196180555555557,
        0.7217881944444444,
        0.722439236111111,
        0.7282986111111112,
        0.7311197916666667,
        0.7280815972222222,
        0.7345920138888888,
        0.7358940972222222,
        0.7367621527777778,
        0.7365451388888888
    ],
    "test_loss": [],
    "test_acc": []
}