{
    "train_loss": [
        1.3656106926500797,
        1.3119633067399263,
        1.2676695920526981,
        1.2220678329467773,
        1.1826731096953154,
        1.1502222809940577,
        1.123950244858861,
        1.1038586050271988,
        1.085529850795865,
        1.0687015987932682,
        1.0557684395462275,
        1.043541413731873,
        1.0328212957829237,
        1.0235496293753386,
        1.015933120623231,
        1.0075029842555523,
        1.000274982303381,
        0.992754740640521,
        0.9858438475057483,
        0.9794800188392401,
        0.9709351221099496,
        0.9626881219446659,
        0.9564020605757833,
        0.9502401174977422,
        0.9421574808657169,
        0.936936404556036,
        0.9278842071071267,
        0.9212994892150164,
        0.9175420254468918,
        0.9097226029261947,
        0.9012705953791738,
        0.8987465165555477,
        0.8900482626631856,
        0.886289075948298,
        0.8806481985375285,
        0.875003102235496,
        0.868898737244308,
        0.8655643993988633,
        0.8613420901820064,
        0.8539947224780917,
        0.8498097201809287,
        0.8483622316271067,
        0.8427268341183662,
        0.838993969373405,
        0.8335954509675503,
        0.8283330639824271,
        0.8244539378210902,
        0.8191861258819699,
        0.8163630412891507,
        0.8131022788584232
    ],
    "train_acc": [
        0.3090277777777778,
        0.4077690972222222,
        0.45247395833333337,
        0.4852430555555556,
        0.509765625,
        0.5340711805555556,
        0.5509982638888888,
        0.5618489583333333,
        0.5731336805555556,
        0.5707465277777777,
        0.5861545138888888,
        0.5889756944444444,
        0.5952690972222223,
        0.6039496527777778,
        0.6013454861111112,
        0.6091579861111112,
        0.6167534722222223,
        0.6273871527777777,
        0.626953125,
        0.6297743055555556,
        0.6334635416666667,
        0.6375868055555556,
        0.6449652777777777,
        0.65234375,
        0.6560329861111112,
        0.6573350694444444,
        0.6631944444444444,
        0.666015625,
        0.6664496527777778,
        0.6764322916666666,
        0.6799045138888888,
        0.6794704861111112,
        0.6831597222222222,
        0.6805555555555556,
        0.6883680555555556,
        0.6922743055555556,
        0.6931423611111112,
        0.6929253472222222,
        0.6976996527777778,
        0.6983506944444444,
        0.7052951388888888,
        0.7035590277777777,
        0.7118055555555556,
        0.7042100694444444,
        0.7096354166666666,
        0.7109375,
        0.7146267361111112,
        0.7139756944444444,
        0.7237413194444444,
        0.71875
    ],
    "val_loss": [
        1.3285632487386465,
        1.281960753723979,
        1.2345031052827835,
        1.1923849824815989,
        1.1548035396263003,
        1.1256715999916196,
        1.1039217952638865,
        1.0806602127850056,
        1.0662232479080558,
        1.0508548952639103,
        1.0388197861611843,
        1.027299528941512,
        1.0156569266691804,
        1.0076107336208224,
        0.9995970986783504,
        0.9914385555312037,
        0.9839272191748023,
        0.9772850396111608,
        0.9715826706960797,
        0.9638674855232239,
        0.9559130948036909,
        0.951136989519,
        0.9417834375053644,
        0.9333547335118055,
        0.9265736127272248,
        0.920741374604404,
        0.9127186695113778,
        0.9072524504736066,
        0.9008912006393075,
        0.8912327298894525,
        0.8900985484942794,
        0.8828040231019258,
        0.8776894630864263,
        0.8739216532558203,
        0.8650520807132125,
        0.858889302238822,
        0.8574268976226449,
        0.8528684745542705,
        0.847484378144145,
        0.8421110482886434,
        0.8380855387076735,
        0.8294501104392111,
        0.8295922167599201,
        0.8214927059598267,
        0.8160170284099877,
        0.814172969199717,
        0.8113775858655572,
        0.8044261978939176,
        0.800922007765621,
        0.7993115331046283
    ],
    "val_acc": [
        0.40169270833333337,
        0.443359375,
        0.4798177083333333,
        0.5121527777777777,
        0.5323350694444444,
        0.5553385416666666,
        0.5687934027777778,
        0.5737847222222221,
        0.5842013888888888,
        0.5907118055555556,
        0.5980902777777778,
        0.6065538194444444,
        0.6111111111111112,
        0.6117621527777778,
        0.6184895833333333,
        0.6245659722222223,
        0.6354166666666666,
        0.6338975694444444,
        0.6410590277777778,
        0.6404079861111112,
        0.6490885416666667,
        0.6536458333333334,
        0.6631944444444444,
        0.6634114583333333,
        0.6690538194444444,
        0.6751302083333333,
        0.6779513888888888,
        0.6749131944444444,
        0.6859809027777777,
        0.6844618055555556,
        0.6918402777777779,
        0.689453125,
        0.6948784722222223,
        0.6957465277777778,
        0.6979166666666666,
        0.7013888888888888,
        0.7085503472222223,
        0.705078125,
        0.7068142361111112,
        0.7133246527777778,
        0.7113715277777778,
        0.7144097222222222,
        0.7146267361111112,
        0.7200520833333333,
        0.7233072916666666,
        0.7254774305555555,
        0.7256944444444444,
        0.7239583333333333,
        0.7330729166666667,
        0.7374131944444444
    ],
    "test_loss": [],
    "test_acc": []
}