{
    "train_loss": [
        2.178377777338028,
        2.1236989498138428,
        2.0204500555992126,
        1.956009417772293,
        1.9582400023937225,
        1.9671965837478638,
        1.921668380498886,
        1.9755025207996368,
        1.9001134037971497,
        1.916637659072876,
        1.901585727930069,
        1.9165132939815521,
        1.9353652596473694,
        1.9076083898544312,
        1.8655697703361511,
        1.8536811172962189,
        1.8978813886642456,
        1.8702341318130493,
        1.832270473241806,
        1.9205524027347565,
        1.8201133012771606,
        1.8387999534606934,
        1.8517564237117767,
        1.807231843471527,
        1.8203678131103516,
        1.8714665472507477,
        1.8589596152305603,
        1.829919695854187,
        1.8073146641254425,
        1.7802600860595703,
        1.793465405702591,
        1.7754428088665009,
        1.7869210243225098,
        1.7879504561424255,
        1.7947695553302765,
        1.737772822380066,
        1.734193593263626,
        1.793550819158554,
        1.7677495181560516,
        1.7344612777233124,
        1.760233759880066,
        1.7040284276008606,
        1.7247158586978912,
        1.7277296781539917,
        1.6681348085403442,
        1.7735750675201416,
        1.7109242677688599,
        1.692502200603485,
        1.6913435757160187,
        1.726867914199829
    ],
    "train_acc": [
        0.6339285714285714,
        0.6016865079365079,
        0.6587301587301587,
        0.6299603174603176,
        0.6264880952380953,
        0.6259920634920635,
        0.6870039682539683,
        0.628968253968254,
        0.6651785714285714,
        0.6180555555555556,
        0.6577380952380952,
        0.6750992063492064,
        0.6284722222222222,
        0.6572420634920635,
        0.6676587301587301,
        0.6641865079365079,
        0.6820436507936508,
        0.7137896825396824,
        0.6999007936507937,
        0.5922619047619048,
        0.706845238095238,
        0.6636904761904763,
        0.6597222222222222,
        0.6989087301587301,
        0.7172619047619047,
        0.6954365079365079,
        0.6701388888888888,
        0.7023809523809524,
        0.7132936507936508,
        0.7380952380952381,
        0.7237103174603174,
        0.7237103174603174,
        0.7485119047619048,
        0.7485119047619048,
        0.7053571428571428,
        0.777281746031746,
        0.777281746031746,
        0.7306547619047619,
        0.751984126984127,
        0.7445436507936508,
        0.7410714285714286,
        0.7375992063492064,
        0.7698412698412699,
        0.7410714285714286,
        0.7767857142857143,
        0.7118055555555556,
        0.7981150793650793,
        0.7549603174603174,
        0.7872023809523809,
        0.787202380952381
    ],
    "val_loss": [
        2.0175113677978516,
        1.9679324626922607,
        1.9384140968322754,
        1.92448890209198,
        1.9216679334640503,
        1.9245988130569458,
        1.9288181066513062,
        1.9292845726013184,
        1.9272723197937012,
        1.9235913753509521,
        1.9205117225646973,
        1.9185112714767456,
        1.9161343574523926,
        1.9152348041534424,
        1.913450002670288,
        1.9129700660705566,
        1.914125680923462,
        1.913366675376892,
        1.912839412689209,
        1.9113636016845703,
        1.9099934101104736,
        1.9085654020309448,
        1.9074153900146484,
        1.9070253372192383,
        1.905933141708374,
        1.9057655334472656,
        1.905885934829712,
        1.9063990116119385,
        1.9049144983291626,
        1.902688980102539,
        1.899392008781433,
        1.898948073387146,
        1.8986923694610596,
        1.8988615274429321,
        1.8981596231460571,
        1.8978540897369385,
        1.8969409465789795,
        1.8955833911895752,
        1.8960795402526855,
        1.894389271736145,
        1.893454670906067,
        1.8918710947036743,
        1.891492486000061,
        1.888664722442627,
        1.887699842453003,
        1.8857420682907104,
        1.8838446140289307,
        1.8831353187561035,
        1.8823866844177246,
        1.8824114799499512
    ],
    "val_acc": [
        0.6896551724137931,
        0.6724137931034483,
        0.7068965517241379,
        0.7068965517241379,
        0.7241379310344828,
        0.7241379310344828,
        0.7241379310344828,
        0.7241379310344828,
        0.7241379310344828,
        0.7241379310344828,
        0.7241379310344828,
        0.7241379310344828,
        0.7586206896551724,
        0.7586206896551724,
        0.7413793103448276,
        0.7758620689655172,
        0.7758620689655172,
        0.7758620689655172,
        0.7586206896551724,
        0.7586206896551724,
        0.7413793103448276,
        0.7586206896551724,
        0.7586206896551724,
        0.7586206896551724,
        0.7413793103448276,
        0.7413793103448276,
        0.7586206896551724,
        0.7586206896551724,
        0.7758620689655172,
        0.7758620689655172,
        0.7758620689655172,
        0.7758620689655172,
        0.7758620689655172,
        0.7586206896551724,
        0.7758620689655172,
        0.7758620689655172,
        0.7931034482758621,
        0.7931034482758621,
        0.7931034482758621,
        0.7931034482758621,
        0.7931034482758621,
        0.7931034482758621,
        0.7931034482758621,
        0.7931034482758621,
        0.7931034482758621,
        0.7931034482758621,
        0.7931034482758621,
        0.7931034482758621,
        0.7931034482758621,
        0.7931034482758621
    ],
    "test_loss": [],
    "test_acc": []
}