{
    "train_loss": [
        0.9482947587966919,
        0.9293494522571564,
        0.9529475718736649,
        0.8594340831041336,
        0.8644396811723709,
        0.9248171597719193,
        0.8801422417163849,
        0.9165156930685043,
        0.9379826039075851,
        0.8548220843076706,
        0.8801373243331909,
        0.9016653150320053,
        0.8742658346891403,
        0.8230612874031067,
        0.8613541275262833,
        0.8818549513816833,
        0.8385728150606155,
        0.8522001355886459,
        0.8410179615020752,
        0.8385135233402252,
        0.8077600747346878,
        0.8111905008554459,
        0.878442794084549,
        0.7711980789899826,
        0.7815943658351898,
        0.7601772099733353,
        0.7844247370958328,
        0.7805283516645432,
        0.8415862321853638,
        0.7842848598957062,
        0.7652319669723511,
        0.8122321367263794,
        0.7782902717590332,
        0.7560006976127625,
        0.7413065731525421,
        0.772862046957016,
        0.730639323592186,
        0.7723351418972015,
        0.7735438495874405,
        0.7964559644460678,
        0.7966047525405884,
        0.7376853674650192,
        0.7625331431627274,
        0.7637277096509933,
        0.7939569652080536,
        0.752479150891304,
        0.7260230034589767,
        0.7165280431509018,
        0.8160649240016937,
        0.7276066690683365
    ],
    "train_acc": [
        0.6011904761904763,
        0.6369047619047619,
        0.6150793650793651,
        0.658234126984127,
        0.6790674603174603,
        0.650297619047619,
        0.6785714285714286,
        0.6463293650793651,
        0.638888888888889,
        0.6999007936507936,
        0.6641865079365079,
        0.6567460317460316,
        0.6924603174603174,
        0.7212301587301587,
        0.6706349206349205,
        0.681547619047619,
        0.663690476190476,
        0.6850198412698413,
        0.6919642857142857,
        0.7098214285714286,
        0.7420634920634921,
        0.7098214285714286,
        0.6879960317460316,
        0.7455357142857143,
        0.7916666666666666,
        0.7842261904761905,
        0.7053571428571428,
        0.7658730158730158,
        0.7301587301587301,
        0.7485119047619048,
        0.7415674603174603,
        0.7371031746031745,
        0.7981150793650793,
        0.7911706349206349,
        0.805059523809524,
        0.7405753968253969,
        0.787202380952381,
        0.7941468253968255,
        0.7728174603174602,
        0.7797619047619048,
        0.783234126984127,
        0.7797619047619048,
        0.783234126984127,
        0.783234126984127,
        0.7544642857142857,
        0.7971230158730158,
        0.7723214285714286,
        0.8045634920634921,
        0.7326388888888888,
        0.7867063492063492
    ],
    "val_loss": [
        0.9257563948631287,
        0.9148831963539124,
        0.9058747291564941,
        0.8981775045394897,
        0.8927093148231506,
        0.8882133364677429,
        0.8832961916923523,
        0.8783766031265259,
        0.8750603199005127,
        0.8717295527458191,
        0.8684239387512207,
        0.8644977807998657,
        0.8609912991523743,
        0.8580467700958252,
        0.8553830981254578,
        0.8528798818588257,
        0.8493876457214355,
        0.845951497554779,
        0.8447685241699219,
        0.8427635431289673,
        0.8405617475509644,
        0.8383485674858093,
        0.8366100788116455,
        0.8340976238250732,
        0.832696795463562,
        0.8315348029136658,
        0.8299644589424133,
        0.829160749912262,
        0.8265227675437927,
        0.8255289196968079,
        0.8249263167381287,
        0.8238784670829773,
        0.8229914307594299,
        0.8211243152618408,
        0.8191743493080139,
        0.8177510499954224,
        0.817546010017395,
        0.8157344460487366,
        0.8130531311035156,
        0.812325119972229,
        0.8101425170898438,
        0.8090320825576782,
        0.8071682453155518,
        0.8060933351516724,
        0.80635666847229,
        0.8049860596656799,
        0.8043613433837891,
        0.8021726012229919,
        0.8027262091636658,
        0.8045724630355835
    ],
    "val_acc": [
        0.6551724137931034,
        0.6724137931034483,
        0.6724137931034483,
        0.7068965517241379,
        0.7068965517241379,
        0.7068965517241379,
        0.7068965517241379,
        0.7068965517241379,
        0.7413793103448276,
        0.7413793103448276,
        0.7413793103448276,
        0.7586206896551724,
        0.7931034482758621,
        0.7931034482758621,
        0.7931034482758621,
        0.7931034482758621,
        0.7931034482758621,
        0.7931034482758621,
        0.7931034482758621,
        0.7931034482758621,
        0.7931034482758621,
        0.7931034482758621,
        0.7931034482758621,
        0.8103448275862069,
        0.8103448275862069,
        0.8103448275862069,
        0.8103448275862069,
        0.8103448275862069,
        0.8103448275862069,
        0.8103448275862069,
        0.8103448275862069,
        0.8103448275862069,
        0.8103448275862069,
        0.8103448275862069,
        0.8103448275862069,
        0.8103448275862069,
        0.8103448275862069,
        0.8103448275862069,
        0.8103448275862069,
        0.8103448275862069,
        0.8103448275862069,
        0.7931034482758621,
        0.7931034482758621,
        0.7931034482758621,
        0.7931034482758621,
        0.7931034482758621,
        0.7931034482758621,
        0.7931034482758621,
        0.7931034482758621,
        0.7931034482758621
    ],
    "test_loss": [],
    "test_acc": []
}