{
    "train_loss": [
        1.0969627797603607,
        1.09609954059124,
        1.0444229394197464,
        1.0843338668346405,
        1.0859457552433014,
        1.0486662089824677,
        1.0110112726688385,
        1.0072700828313828,
        1.0581424534320831,
        1.0134268999099731,
        0.9761755168437958,
        1.0830969512462616,
        1.05346018075943,
        0.9951981157064438,
        1.0332525968551636,
        1.052929237484932,
        0.9951693117618561,
        1.0008737742900848,
        0.9856082946062088,
        0.9917649775743484,
        0.9877768158912659,
        0.9634017050266266,
        0.965862587094307,
        0.9735182970762253,
        0.9656016230583191,
        0.980328157544136,
        0.9606177657842636,
        0.9544826298952103,
        0.9998464733362198,
        0.9293088614940643,
        0.9559444487094879,
        0.9319802969694138,
        0.9178112596273422,
        0.9255152195692062,
        0.9692044407129288,
        0.9915727227926254,
        0.9189617484807968,
        0.9125499427318573,
        0.9526959210634232,
        0.9358769506216049,
        0.8933556824922562,
        0.9259908646345139,
        0.9787018299102783,
        0.8932810425758362,
        0.8509366065263748,
        0.8922366201877594,
        0.8481080234050751,
        0.9102500677108765,
        0.8612538129091263,
        0.890264555811882
    ],
    "train_acc": [
        0.5282738095238095,
        0.5317460317460319,
        0.5634920634920635,
        0.5238095238095238,
        0.5411706349206349,
        0.5808531746031746,
        0.5952380952380952,
        0.6165674603174603,
        0.5699404761904763,
        0.5843253968253969,
        0.6200396825396826,
        0.5411706349206349,
        0.5768849206349206,
        0.5947420634920635,
        0.5838293650793651,
        0.5372023809523809,
        0.5515873015873015,
        0.5803571428571428,
        0.6125992063492064,
        0.5694444444444444,
        0.5873015873015873,
        0.5838293650793651,
        0.5694444444444444,
        0.5942460317460317,
        0.597718253968254,
        0.6046626984126984,
        0.6046626984126984,
        0.5902777777777778,
        0.5615079365079365,
        0.6121031746031746,
        0.6225198412698413,
        0.6294642857142857,
        0.636904761904762,
        0.6577380952380953,
        0.5897817460317459,
        0.5828373015873015,
        0.6760912698412698,
        0.6507936507936508,
        0.6254960317460319,
        0.6254960317460317,
        0.6755952380952381,
        0.5932539682539683,
        0.6071428571428571,
        0.654265873015873,
        0.6899801587301587,
        0.6468253968253969,
        0.6899801587301587,
        0.6537698412698413,
        0.6750992063492064,
        0.625
    ],
    "val_loss": [
        1.0241460800170898,
        1.0156629085540771,
        1.0086464881896973,
        1.0038931369781494,
        1.0004866123199463,
        0.9975820779800415,
        0.9959648847579956,
        0.9933714866638184,
        0.9900862574577332,
        0.9870196580886841,
        0.9856333136558533,
        0.9838060140609741,
        0.9805958867073059,
        0.978020966053009,
        0.9765133857727051,
        0.9745301008224487,
        0.9720083475112915,
        0.9688243269920349,
        0.9678196310997009,
        0.9661152362823486,
        0.9659403562545776,
        0.9646468162536621,
        0.9617422223091125,
        0.9607847929000854,
        0.9574378728866577,
        0.9549461603164673,
        0.9532027244567871,
        0.9516388177871704,
        0.9488580822944641,
        0.9477382898330688,
        0.9459866881370544,
        0.943674623966217,
        0.9411889314651489,
        0.9403107166290283,
        0.9386245012283325,
        0.9378541707992554,
        0.9359090328216553,
        0.9357390999794006,
        0.9329780340194702,
        0.9313308596611023,
        0.9319655299186707,
        0.9304543137550354,
        0.9281360507011414,
        0.9278339743614197,
        0.9251379370689392,
        0.925097644329071,
        0.9244185090065002,
        0.9244424104690552,
        0.9235791563987732,
        0.9224359393119812
    ],
    "val_acc": [
        0.5862068965517241,
        0.5862068965517241,
        0.6206896551724138,
        0.6206896551724138,
        0.6379310344827587,
        0.6379310344827587,
        0.6379310344827587,
        0.6379310344827587,
        0.6551724137931034,
        0.6551724137931034,
        0.6724137931034483,
        0.6551724137931034,
        0.6551724137931034,
        0.6379310344827587,
        0.6551724137931034,
        0.6551724137931034,
        0.6551724137931034,
        0.6551724137931034,
        0.6551724137931034,
        0.6551724137931034,
        0.6724137931034483,
        0.6724137931034483,
        0.6724137931034483,
        0.6724137931034483,
        0.6724137931034483,
        0.6724137931034483,
        0.6724137931034483,
        0.6724137931034483,
        0.6724137931034483,
        0.6724137931034483,
        0.6724137931034483,
        0.6896551724137931,
        0.6896551724137931,
        0.6896551724137931,
        0.6896551724137931,
        0.6896551724137931,
        0.6896551724137931,
        0.6896551724137931,
        0.6896551724137931,
        0.6896551724137931,
        0.6896551724137931,
        0.6896551724137931,
        0.6896551724137931,
        0.6896551724137931,
        0.6724137931034483,
        0.6724137931034483,
        0.6896551724137931,
        0.6896551724137931,
        0.6896551724137931,
        0.6896551724137931
    ],
    "test_loss": [],
    "test_acc": []
}