{
    "train_loss": [
        1.9735057950019836,
        1.9106070697307587,
        1.9513434171676636,
        1.9768844544887543,
        1.8327404856681824,
        1.8735089004039764,
        1.9168927073478699,
        1.9011605381965637,
        1.8630156517028809,
        1.8152459859848022,
        1.8793216049671173,
        1.8635487854480743,
        1.7864380180835724,
        1.7862704992294312,
        1.7753181457519531,
        1.7806125581264496,
        1.8087309300899506,
        1.7205738425254822,
        1.7228224277496338,
        1.752301573753357,
        1.7744126915931702,
        1.7355561256408691,
        1.7455387115478516,
        1.6596729159355164,
        1.6535195112228394,
        1.6442345976829529,
        1.6993438005447388,
        1.6189497113227844,
        1.7071155905723572,
        1.6428548693656921,
        1.700840950012207,
        1.6882658004760742,
        1.681063324213028,
        1.640522539615631,
        1.590802788734436,
        1.634758859872818,
        1.5804560482501984,
        1.5781027376651764,
        1.555992603302002,
        1.5595504343509674,
        1.5806507170200348,
        1.5736953020095825,
        1.5997469425201416,
        1.5516959428787231,
        1.5873515009880066,
        1.5765548050403595,
        1.6228878796100616,
        1.610841453075409,
        1.5742124319076538,
        1.564991444349289
    ],
    "train_acc": [
        0.5386904761904763,
        0.5600198412698413,
        0.5277777777777777,
        0.5451388888888888,
        0.5600198412698413,
        0.5456349206349206,
        0.5416666666666666,
        0.5411706349206349,
        0.545138888888889,
        0.5843253968253969,
        0.5233134920634921,
        0.5124007936507936,
        0.5699404761904763,
        0.5625,
        0.5838293650793651,
        0.5659722222222222,
        0.5302579365079365,
        0.579861111111111,
        0.5982142857142857,
        0.6086309523809523,
        0.5833333333333334,
        0.5868055555555556,
        0.5763888888888888,
        0.6225198412698413,
        0.6225198412698413,
        0.6512896825396826,
        0.6473214285714286,
        0.6617063492063492,
        0.5868055555555556,
        0.6116071428571428,
        0.6006944444444444,
        0.6006944444444444,
        0.5724206349206349,
        0.6150793650793651,
        0.6225198412698413,
        0.6329365079365079,
        0.6686507936507936,
        0.6537698412698413,
        0.6790674603174602,
        0.6721230158730158,
        0.654265873015873,
        0.6507936507936508,
        0.6180555555555556,
        0.6681547619047619,
        0.6750992063492064,
        0.6398809523809523,
        0.6463293650793651,
        0.6463293650793651,
        0.6071428571428571,
        0.632440476190476
    ],
    "val_loss": [
        1.7995078563690186,
        1.795663595199585,
        1.7957947254180908,
        1.7987301349639893,
        1.800943374633789,
        1.8003818988800049,
        1.7972030639648438,
        1.7943305969238281,
        1.7907931804656982,
        1.7875243425369263,
        1.7841248512268066,
        1.7794950008392334,
        1.776862382888794,
        1.7745826244354248,
        1.7737616300582886,
        1.7711827754974365,
        1.767733097076416,
        1.7626785039901733,
        1.7588763236999512,
        1.7559092044830322,
        1.75404953956604,
        1.7516818046569824,
        1.7492756843566895,
        1.7467234134674072,
        1.7455694675445557,
        1.74513840675354,
        1.7437388896942139,
        1.7439992427825928,
        1.7442538738250732,
        1.7440909147262573,
        1.7445868253707886,
        1.7440084218978882,
        1.7448866367340088,
        1.744127869606018,
        1.7436655759811401,
        1.7434931993484497,
        1.7423152923583984,
        1.7426249980926514,
        1.743363857269287,
        1.7414100170135498,
        1.7416291236877441,
        1.7423114776611328,
        1.7400765419006348,
        1.7405054569244385,
        1.7410917282104492,
        1.7412903308868408,
        1.7413920164108276,
        1.739757776260376,
        1.7393540143966675,
        1.738552451133728
    ],
    "val_acc": [
        0.5344827586206896,
        0.5517241379310345,
        0.5517241379310345,
        0.5517241379310345,
        0.5172413793103449,
        0.5344827586206896,
        0.5344827586206896,
        0.5344827586206896,
        0.5517241379310345,
        0.5517241379310345,
        0.5517241379310345,
        0.5517241379310345,
        0.5862068965517241,
        0.5689655172413793,
        0.5689655172413793,
        0.5517241379310345,
        0.5689655172413793,
        0.603448275862069,
        0.5862068965517241,
        0.603448275862069,
        0.603448275862069,
        0.5862068965517241,
        0.5862068965517241,
        0.603448275862069,
        0.603448275862069,
        0.603448275862069,
        0.603448275862069,
        0.603448275862069,
        0.603448275862069,
        0.603448275862069,
        0.603448275862069,
        0.603448275862069,
        0.603448275862069,
        0.603448275862069,
        0.603448275862069,
        0.603448275862069,
        0.603448275862069,
        0.603448275862069,
        0.603448275862069,
        0.6206896551724138,
        0.6206896551724138,
        0.6206896551724138,
        0.6206896551724138,
        0.6206896551724138,
        0.6206896551724138,
        0.6206896551724138,
        0.6206896551724138,
        0.6206896551724138,
        0.6206896551724138,
        0.6206896551724138
    ],
    "test_loss": [],
    "test_acc": []
}