{
    "train_loss": [
        2.188396092504263,
        2.043490158393979,
        1.9552811868488789,
        1.88293900154531,
        1.8294553626328707,
        1.789352998137474,
        1.754524065181613,
        1.7336454652249813,
        1.704882649704814,
        1.6857820469886065,
        1.6693594045937061,
        1.655049815773964,
        1.6367491576820612,
        1.6213242579251528,
        1.6063159182667732,
        1.591438403353095,
        1.5782651100307703,
        1.5679297018796206,
        1.559536810964346,
        1.5405901446938515,
        1.5301876794546843,
        1.514143019914627,
        1.5075875837355852,
        1.4936752486974,
        1.4759300909936428,
        1.4645520579069853,
        1.452919626608491,
        1.4443032033741474,
        1.4289548639208078,
        1.4150062464177608,
        1.4078677743673325,
        1.392817521467805,
        1.3800419718027115,
        1.3725891467183828,
        1.357191201299429,
        1.3426497764885426,
        1.3382301200181246,
        1.319821896031499,
        1.3093494605273008,
        1.29496705904603,
        1.2850177381187677,
        1.2817110251635313,
        1.2649901323020458,
        1.250864576548338,
        1.2411614023149014,
        1.2341750282794237,
        1.2237944453954697,
        1.2161018196493387,
        1.1987405717372894,
        1.1887236405164003
    ],
    "train_acc": [
        0.3190104166666667,
        0.421875,
        0.4748263888888889,
        0.513888888888889,
        0.5377604166666666,
        0.5559895833333333,
        0.5709635416666666,
        0.5785590277777778,
        0.5889756944444444,
        0.5983072916666667,
        0.6026475694444444,
        0.6104600694444444,
        0.6161024305555556,
        0.6208767361111112,
        0.6304253472222222,
        0.6304253472222222,
        0.6388888888888888,
        0.6373697916666666,
        0.642578125,
        0.6427951388888888,
        0.6506076388888888,
        0.6510416666666666,
        0.6590711805555556,
        0.6605902777777778,
        0.6634114583333333,
        0.6655815972222222,
        0.6697048611111112,
        0.6742621527777778,
        0.6746961805555556,
        0.677517361111111,
        0.683376736111111,
        0.6833767361111112,
        0.6888020833333333,
        0.6940104166666667,
        0.6944444444444445,
        0.6959635416666667,
        0.7029079861111112,
        0.7033420138888888,
        0.7013888888888888,
        0.708984375,
        0.7094184027777779,
        0.712890625,
        0.716796875,
        0.71484375,
        0.7194010416666666,
        0.7256944444444444,
        0.7215711805555556,
        0.7228732638888888,
        0.728515625,
        0.7269965277777777
    ],
    "val_loss": [
        2.0778221152722836,
        1.9836363941431046,
        1.9043855834752321,
        1.8370321299880743,
        1.7948100343346596,
        1.7574078626930714,
        1.7269152104854584,
        1.7001793086528778,
        1.68010182864964,
        1.6743030156940222,
        1.645181754603982,
        1.6259878613054752,
        1.6130538564175367,
        1.59930588491261,
        1.5902472864836454,
        1.5684364810585976,
        1.5626609027385712,
        1.545242428779602,
        1.530507043004036,
        1.5217093527317047,
        1.5066074300557375,
        1.4986125361174345,
        1.4858099427074194,
        1.4672704190015793,
        1.4575327914208174,
        1.4390271753072739,
        1.4313736893236637,
        1.4259505551308393,
        1.4036440812051296,
        1.401125531643629,
        1.382554780691862,
        1.3643592353910208,
        1.3542339224368334,
        1.3416061736643314,
        1.3300849609076977,
        1.33002251945436,
        1.3181910067796707,
        1.29494534060359,
        1.2863611932843924,
        1.2722624279558659,
        1.2670876756310463,
        1.245035607367754,
        1.242962284013629,
        1.2307066870853305,
        1.2170244297012687,
        1.2085820687934756,
        1.2014768067747355,
        1.186743420548737,
        1.1671250620856881,
        1.17295235209167
    ],
    "val_acc": [
        0.40690104166666663,
        0.46354166666666663,
        0.5026041666666666,
        0.5364583333333335,
        0.5546875,
        0.5690104166666666,
        0.5844184027777779,
        0.5920138888888888,
        0.6011284722222222,
        0.609375,
        0.6108940972222223,
        0.6148003472222222,
        0.6258680555555556,
        0.6299913194444444,
        0.6332465277777777,
        0.6408420138888888,
        0.6421440972222222,
        0.6458333333333334,
        0.6495225694444444,
        0.6525607638888888,
        0.6605902777777778,
        0.6623263888888888,
        0.6644965277777778,
        0.6690538194444444,
        0.673828125,
        0.6751302083333333,
        0.6799045138888888,
        0.6812065972222222,
        0.6855468749999999,
        0.6827256944444444,
        0.6927083333333334,
        0.69140625,
        0.6942274305555556,
        0.7018229166666666,
        0.7024739583333334,
        0.7081163194444444,
        0.7100694444444444,
        0.7113715277777778,
        0.7139756944444444,
        0.7139756944444444,
        0.7202690972222222,
        0.7170138888888888,
        0.7228732638888888,
        0.7243923611111112,
        0.7250434027777777,
        0.7267795138888888,
        0.7296006944444444,
        0.7358940972222222,
        0.7380642361111112,
        0.7358940972222223
    ],
    "test_loss": [],
    "test_acc": []
}