{
    "train_loss": [
        2.2462055683135986,
        2.276098668575287,
        2.1744654178619385,
        2.182547628879547,
        2.1945778131484985,
        2.0844091176986694,
        2.1215633749961853,
        2.075053870677948,
        2.103794515132904,
        2.0447362065315247,
        2.015312433242798,
        2.1366525292396545,
        2.053726077079773,
        2.040872246026993,
        1.9996787905693054,
        2.0190187096595764,
        2.045726925134659,
        2.021724224090576,
        1.97605761885643,
        1.9471315443515778,
        2.0234047174453735,
        1.9516974091529846,
        1.9647435545921326,
        1.984709084033966,
        1.9514106512069702,
        1.9531643688678741,
        1.9398645162582397,
        1.9216348230838776,
        1.95968359708786,
        1.8841979503631592,
        1.8777800500392914,
        1.9582123160362244,
        1.9315325319766998,
        1.92709481716156,
        1.8683653771877289,
        1.8848721086978912,
        1.909640908241272,
        1.8896505236625671,
        1.875806450843811,
        1.8977116644382477,
        1.8665498793125153,
        1.8919306695461273,
        1.8756643235683441,
        1.8371288478374481,
        1.869765818119049,
        1.8197890222072601,
        1.8669449388980865,
        1.8648740947246552,
        1.7971180081367493,
        1.8523840010166168
    ],
    "train_acc": [
        0.37301587301587297,
        0.37996031746031744,
        0.4017857142857143,
        0.394345238095238,
        0.4444444444444444,
        0.4375,
        0.4409722222222222,
        0.5049603174603174,
        0.5014880952380952,
        0.5014880952380952,
        0.5014880952380952,
        0.4151785714285714,
        0.4796626984126984,
        0.5044642857142857,
        0.45783730158730157,
        0.4722222222222222,
        0.4930555555555556,
        0.4573412698412698,
        0.503968253968254,
        0.5252976190476191,
        0.4712301587301587,
        0.5109126984126984,
        0.5461309523809523,
        0.5386904761904763,
        0.5317460317460317,
        0.5496031746031745,
        0.5386904761904762,
        0.5535714285714286,
        0.5386904761904763,
        0.5565476190476191,
        0.5848214285714286,
        0.5376984126984127,
        0.5163690476190477,
        0.5699404761904762,
        0.5773809523809523,
        0.5307539682539683,
        0.5625,
        0.5590277777777778,
        0.5590277777777778,
        0.6051587301587301,
        0.5768849206349207,
        0.5625,
        0.5763888888888888,
        0.6235119047619048,
        0.6016865079365079,
        0.6264880952380952,
        0.5902777777777778,
        0.6116071428571428,
        0.6374007936507937,
        0.597718253968254
    ],
    "val_loss": [
        1.9972336292266846,
        1.9987943172454834,
        2.0057082176208496,
        2.0152249336242676,
        2.0204384326934814,
        2.0258708000183105,
        2.023094892501831,
        2.0246849060058594,
        2.024677038192749,
        2.022801637649536,
        2.017752170562744,
        2.0189387798309326,
        2.0166029930114746,
        2.0203640460968018,
        2.01690936088562,
        2.012655735015869,
        2.009669303894043,
        2.004361391067505,
        2.00156307220459,
        2.000174045562744,
        1.9962139129638672,
        1.9931142330169678,
        1.993206262588501,
        1.9911961555480957,
        1.9910098314285278,
        1.989928960800171,
        1.9910595417022705,
        1.991344690322876,
        1.989150881767273,
        1.9877617359161377,
        1.9833866357803345,
        1.9800777435302734,
        1.9802438020706177,
        1.9759185314178467,
        1.9727520942687988,
        1.9708963632583618,
        1.971447467803955,
        1.9680078029632568,
        1.96786630153656,
        1.965785026550293,
        1.9614038467407227,
        1.9586176872253418,
        1.9573266506195068,
        1.9555494785308838,
        1.95371675491333,
        1.954236388206482,
        1.9523544311523438,
        1.9525138139724731,
        1.9512677192687988,
        1.9508111476898193
    ],
    "val_acc": [
        0.5517241379310345,
        0.5,
        0.5172413793103449,
        0.5,
        0.5172413793103449,
        0.5344827586206896,
        0.5344827586206896,
        0.5344827586206896,
        0.5344827586206896,
        0.5344827586206896,
        0.5344827586206896,
        0.5344827586206896,
        0.5344827586206896,
        0.5344827586206896,
        0.5344827586206896,
        0.5344827586206896,
        0.5172413793103449,
        0.5172413793103449,
        0.5344827586206896,
        0.5172413793103449,
        0.5172413793103449,
        0.5344827586206896,
        0.5344827586206896,
        0.5344827586206896,
        0.5344827586206896,
        0.5344827586206896,
        0.5344827586206896,
        0.5517241379310345,
        0.5517241379310345,
        0.5517241379310345,
        0.5517241379310345,
        0.5517241379310345,
        0.5517241379310345,
        0.5517241379310345,
        0.5517241379310345,
        0.5517241379310345,
        0.5517241379310345,
        0.5517241379310345,
        0.5517241379310345,
        0.5517241379310345,
        0.5517241379310345,
        0.5517241379310345,
        0.5517241379310345,
        0.5517241379310345,
        0.5689655172413793,
        0.5689655172413793,
        0.5689655172413793,
        0.5689655172413793,
        0.5689655172413793,
        0.5862068965517241
    ],
    "test_loss": [],
    "test_acc": []
}