{
    "train_loss": [
        2.45174852386117,
        2.1714524663984776,
        2.0784788355231285,
        2.021715870127082,
        1.9783060494810343,
        1.947027862071991,
        1.9196893703192472,
        1.9026053212583065,
        1.881091071292758,
        1.8641770761460066,
        1.848298592492938,
        1.8303670026361942,
        1.8197102341800928,
        1.8042035419493914,
        1.7920054364949465,
        1.7774237338453531,
        1.7678120229393244,
        1.7565457168966532,
        1.7465699966996908,
        1.7367518041282892,
        1.7262514159083366,
        1.7167856730520725,
        1.7096145302057266,
        1.7010165844112635,
        1.696856489405036,
        1.6888149864971638,
        1.676455458626151,
        1.674364848062396,
        1.6623456329107285,
        1.6569073908030987,
        1.6488282103091478,
        1.6426246594637632,
        1.6332123279571533,
        1.6256436258554459,
        1.6194597966969013,
        1.608596807345748,
        1.6040603928267956,
        1.5955386068671942,
        1.586650364100933,
        1.5796988178044558,
        1.5722724441438913,
        1.5644482169300318,
        1.555896919220686,
        1.5501937866210938,
        1.5467155072838068,
        1.5349613036960363,
        1.5250487960875034,
        1.5234983414411545,
        1.5147410221397877,
        1.50559495203197
    ],
    "train_acc": [
        0.314453125,
        0.42795138888888884,
        0.4874131944444444,
        0.5303819444444444,
        0.5631510416666666,
        0.5846354166666667,
        0.6009114583333333,
        0.6202256944444444,
        0.628689236111111,
        0.6325954861111112,
        0.6427951388888888,
        0.6545138888888888,
        0.6647135416666667,
        0.6723090277777777,
        0.6790364583333333,
        0.6857638888888888,
        0.6885850694444444,
        0.6970486111111112,
        0.7024739583333333,
        0.7081163194444444,
        0.7098524305555556,
        0.711154513888889,
        0.7135416666666667,
        0.7213541666666667,
        0.7215711805555556,
        0.7280815972222223,
        0.7291666666666667,
        0.7337239583333333,
        0.7322048611111112,
        0.7387152777777777,
        0.7367621527777777,
        0.7391493055555555,
        0.743923611111111,
        0.745876736111111,
        0.7467447916666665,
        0.7504340277777778,
        0.7521701388888888,
        0.7552083333333333,
        0.7517361111111112,
        0.7547743055555556,
        0.7547743055555556,
        0.7560763888888888,
        0.7610677083333333,
        0.7638888888888888,
        0.7619357638888888,
        0.7641059027777778,
        0.7664930555555556,
        0.7662760416666666,
        0.7667100694444444,
        0.7697482638888888
    ],
    "val_loss": [
        2.2343698032200336,
        2.1054933685809374,
        2.0353762675076723,
        1.9893694426864386,
        1.944676361978054,
        1.919467255473137,
        1.8963714689016342,
        1.8776089772582054,
        1.8597254287451506,
        1.846640421077609,
        1.8278298489749432,
        1.8106345124542713,
        1.7968913037329912,
        1.7838268242776394,
        1.7764361519366503,
        1.7642325051128864,
        1.7458050027489662,
        1.740316303446889,
        1.7281578090041876,
        1.7175855860114098,
        1.707931399345398,
        1.6943079978227615,
        1.6977702341973782,
        1.6940717957913876,
        1.6741532236337662,
        1.6734411679208279,
        1.6579606421291828,
        1.6513286996632814,
        1.6433885991573334,
        1.6360463555902243,
        1.6267387010157108,
        1.6211873162537813,
        1.6108793951570988,
        1.602608110755682,
        1.5980641935020685,
        1.5939945988357067,
        1.5837750285863876,
        1.5848030876368284,
        1.5706287454813719,
        1.5581909399479628,
        1.5522124748677015,
        1.54250324703753,
        1.5439410414546728,
        1.5301211718469858,
        1.520966237410903,
        1.5100147891789675,
        1.5078972429037094,
        1.5051467679440975,
        1.4916177447885275,
        1.4833436459302902
    ],
    "val_acc": [
        0.3993055555555555,
        0.4555121527777778,
        0.5180121527777778,
        0.5622829861111112,
        0.5828993055555555,
        0.5989583333333333,
        0.6158854166666667,
        0.6206597222222223,
        0.6380208333333333,
        0.6477864583333333,
        0.6595052083333333,
        0.669921875,
        0.6766493055555556,
        0.6796875,
        0.6944444444444444,
        0.6944444444444444,
        0.7000868055555556,
        0.7085503472222223,
        0.7107204861111112,
        0.7191840277777778,
        0.7180989583333333,
        0.726345486111111,
        0.7235243055555556,
        0.7326388888888888,
        0.7332899305555556,
        0.7352430555555556,
        0.7356770833333334,
        0.7439236111111112,
        0.744140625,
        0.740017361111111,
        0.7482638888888888,
        0.7486979166666666,
        0.7513020833333334,
        0.759548611111111,
        0.7549913194444444,
        0.7582465277777777,
        0.7612847222222221,
        0.763888888888889,
        0.7658420138888888,
        0.7562934027777778,
        0.7654079861111112,
        0.767795138888889,
        0.7699652777777778,
        0.7725694444444444,
        0.7688802083333333,
        0.7710503472222223,
        0.7710503472222223,
        0.775173611111111,
        0.7745225694444444,
        0.7743055555555556
    ],
    "test_loss": [],
    "test_acc": []
}