{
    "train_loss": [
        1.1541111469268799,
        1.0795600712299347,
        1.0975185185670853,
        1.0995346009731293,
        1.2080220878124237,
        1.099535033106804,
        1.1202646493911743,
        1.0733279585838318,
        1.0775224566459656,
        1.036367654800415,
        1.0724310278892517,
        1.0724959671497345,
        1.0419082045555115,
        1.0802773833274841,
        1.078132450580597,
        0.9895204454660416,
        0.9981476366519928,
        1.0750567764043808,
        1.0693661868572235,
        1.0294966250658035,
        0.9948858022689819,
        0.9749509543180466,
        0.9593837410211563,
        0.9365115314722061,
        1.0267455726861954,
        0.9954937696456909,
        1.0060150772333145,
        0.9508705288171768,
        0.9725647121667862,
        0.8988010138273239,
        0.9587017297744751,
        0.9706522226333618,
        0.9444397389888763,
        0.9655157923698425,
        0.9332084804773331,
        0.9466904103755951,
        0.8888762891292572,
        0.9249005913734436,
        0.89298877120018,
        0.9321747720241547,
        0.9414202570915222,
        0.9347269833087921,
        0.8738045990467072,
        0.9349656701087952,
        0.8941935300827026,
        0.8673450201749802,
        0.8977789729833603,
        0.9370974451303482,
        0.8849512785673141,
        0.9337066560983658
    ],
    "train_acc": [
        0.48164682539682535,
        0.5248015873015872,
        0.5248015873015872,
        0.5277777777777778,
        0.4776785714285714,
        0.5208333333333333,
        0.5099206349206349,
        0.5634920634920635,
        0.4990079365079365,
        0.5848214285714286,
        0.5669642857142857,
        0.5376984126984126,
        0.5848214285714286,
        0.5376984126984127,
        0.5233134920634921,
        0.5882936507936508,
        0.5873015873015873,
        0.5302579365079365,
        0.5515873015873015,
        0.5550595238095237,
        0.623015873015873,
        0.6121031746031745,
        0.644345238095238,
        0.6478174603174603,
        0.5972222222222222,
        0.636904761904762,
        0.529265873015873,
        0.6225198412698413,
        0.6220238095238095,
        0.658234126984127,
        0.6150793650793651,
        0.6403769841269842,
        0.6155753968253969,
        0.6006944444444444,
        0.6398809523809524,
        0.6041666666666666,
        0.6686507936507936,
        0.6433531746031746,
        0.675595238095238,
        0.6324404761904763,
        0.6428571428571428,
        0.6433531746031745,
        0.6721230158730158,
        0.6612103174603174,
        0.6755952380952381,
        0.7003968253968255,
        0.6646825396825398,
        0.6468253968253969,
        0.6825396825396826,
        0.6359126984126984
    ],
    "val_loss": [
        1.0800803899765015,
        1.0859421491622925,
        1.0931013822555542,
        1.0982204675674438,
        1.1026164293289185,
        1.1029778718948364,
        1.102513074874878,
        1.1018986701965332,
        1.0984776020050049,
        1.097370982170105,
        1.0963249206542969,
        1.0918580293655396,
        1.0892201662063599,
        1.0888246297836304,
        1.0851330757141113,
        1.082645058631897,
        1.0797266960144043,
        1.0767488479614258,
        1.0754947662353516,
        1.074395775794983,
        1.072601556777954,
        1.0712194442749023,
        1.070623517036438,
        1.0687289237976074,
        1.0679597854614258,
        1.0661966800689697,
        1.0627843141555786,
        1.0626558065414429,
        1.06088387966156,
        1.0601357221603394,
        1.0577045679092407,
        1.057681918144226,
        1.0565214157104492,
        1.0564924478530884,
        1.0557059049606323,
        1.054370641708374,
        1.05412757396698,
        1.0549849271774292,
        1.0533802509307861,
        1.05117666721344,
        1.0504285097122192,
        1.0505647659301758,
        1.050673007965088,
        1.0493574142456055,
        1.048526406288147,
        1.0488723516464233,
        1.0476582050323486,
        1.0461848974227905,
        1.0458272695541382,
        1.0446674823760986
    ],
    "val_acc": [
        0.5172413793103449,
        0.5172413793103449,
        0.5172413793103449,
        0.5172413793103449,
        0.5172413793103449,
        0.5,
        0.5172413793103449,
        0.5172413793103449,
        0.5344827586206896,
        0.5344827586206896,
        0.5344827586206896,
        0.5344827586206896,
        0.5517241379310345,
        0.5689655172413793,
        0.5862068965517241,
        0.5862068965517241,
        0.5862068965517241,
        0.5862068965517241,
        0.5862068965517241,
        0.603448275862069,
        0.603448275862069,
        0.603448275862069,
        0.603448275862069,
        0.603448275862069,
        0.6206896551724138,
        0.6206896551724138,
        0.6206896551724138,
        0.6206896551724138,
        0.6379310344827587,
        0.6379310344827587,
        0.6379310344827587,
        0.6379310344827587,
        0.6379310344827587,
        0.6379310344827587,
        0.6379310344827587,
        0.6379310344827587,
        0.6379310344827587,
        0.6379310344827587,
        0.6379310344827587,
        0.6379310344827587,
        0.6379310344827587,
        0.6379310344827587,
        0.6379310344827587,
        0.6379310344827587,
        0.6379310344827587,
        0.6551724137931034,
        0.6551724137931034,
        0.6551724137931034,
        0.6551724137931034,
        0.6551724137931034
    ],
    "test_loss": [],
    "test_acc": []
}