{
    "train_loss": [
        1.0335711538791656,
        1.0386535674333572,
        0.9998722523450851,
        0.9958321899175644,
        1.0593322664499283,
        0.967606857419014,
        1.0482761710882187,
        0.9378626197576523,
        0.9657502472400665,
        1.0458869934082031,
        0.9947192370891571,
        0.9793336242437363,
        0.9695287644863129,
        0.9584713876247406,
        0.9932035356760025,
        0.9370971024036407,
        0.9461450427770615,
        0.9501999318599701,
        0.9216551929712296,
        0.9133736938238144,
        0.9170177429914474,
        0.932112991809845,
        0.8808031380176544,
        0.9300798326730728,
        0.9279012382030487,
        0.9395734518766403,
        0.9207412302494049,
        0.8660599142313004,
        0.8982905000448227,
        0.8604790717363358,
        0.8909481167793274,
        0.9023202657699585,
        0.9095084369182587,
        0.8785698711872101,
        0.8928061425685883,
        0.8873834908008575,
        0.8746621310710907,
        0.8706318587064743,
        0.8698556870222092,
        0.8585544973611832,
        0.8250406086444855,
        0.8748525381088257,
        0.8783679008483887,
        0.8689073473215103,
        0.8124252408742905,
        0.850154235959053,
        0.8553976267576218,
        0.8306946754455566,
        0.8413475006818771,
        0.8237511515617371
    ],
    "train_acc": [
        0.5739087301587301,
        0.5560515873015872,
        0.5451388888888888,
        0.605654761904762,
        0.5376984126984127,
        0.6091269841269842,
        0.5550595238095238,
        0.6195436507936508,
        0.6195436507936508,
        0.5907738095238095,
        0.5873015873015872,
        0.6046626984126984,
        0.5902777777777778,
        0.6190476190476191,
        0.5401785714285714,
        0.6438492063492064,
        0.6116071428571428,
        0.6294642857142857,
        0.6577380952380952,
        0.654265873015873,
        0.6220238095238095,
        0.6324404761904762,
        0.6790674603174603,
        0.668154761904762,
        0.6790674603174602,
        0.6428571428571428,
        0.6428571428571428,
        0.7108134920634921,
        0.6676587301587301,
        0.7073412698412699,
        0.6785714285714286,
        0.6711309523809523,
        0.6210317460317459,
        0.6999007936507936,
        0.685515873015873,
        0.660218253968254,
        0.706845238095238,
        0.7033730158730158,
        0.685515873015873,
        0.6959325396825398,
        0.7033730158730158,
        0.6671626984126984,
        0.6775793650793651,
        0.6994047619047619,
        0.724702380952381,
        0.7063492063492064,
        0.7172619047619048,
        0.7137896825396826,
        0.6775793650793651,
        0.7346230158730158
    ],
    "val_loss": [
        1.229567527770996,
        1.2295141220092773,
        1.2305611371994019,
        1.2336574792861938,
        1.2374377250671387,
        1.2375613451004028,
        1.2371408939361572,
        1.2360402345657349,
        1.233413815498352,
        1.2328436374664307,
        1.230791449546814,
        1.2284355163574219,
        1.2250126600265503,
        1.2244800329208374,
        1.2235867977142334,
        1.2186695337295532,
        1.2165405750274658,
        1.214667558670044,
        1.2121834754943848,
        1.2081023454666138,
        1.207292079925537,
        1.2044774293899536,
        1.2015275955200195,
        1.2009814977645874,
        1.196624994277954,
        1.1952255964279175,
        1.1923742294311523,
        1.1896018981933594,
        1.1870005130767822,
        1.1859667301177979,
        1.182473063468933,
        1.1788904666900635,
        1.177997350692749,
        1.1753041744232178,
        1.1733167171478271,
        1.1712019443511963,
        1.1690058708190918,
        1.1671195030212402,
        1.1637334823608398,
        1.1648039817810059,
        1.1598961353302002,
        1.1571621894836426,
        1.155096411705017,
        1.1543910503387451,
        1.1537790298461914,
        1.1519941091537476,
        1.1510076522827148,
        1.1486499309539795,
        1.1469776630401611,
        1.1468429565429688
    ],
    "val_acc": [
        0.39655172413793105,
        0.3793103448275862,
        0.41379310344827586,
        0.39655172413793105,
        0.39655172413793105,
        0.41379310344827586,
        0.41379310344827586,
        0.43103448275862066,
        0.43103448275862066,
        0.43103448275862066,
        0.43103448275862066,
        0.43103448275862066,
        0.43103448275862066,
        0.4482758620689655,
        0.4482758620689655,
        0.43103448275862066,
        0.46551724137931033,
        0.46551724137931033,
        0.4827586206896552,
        0.4482758620689655,
        0.4827586206896552,
        0.46551724137931033,
        0.46551724137931033,
        0.4827586206896552,
        0.46551724137931033,
        0.4827586206896552,
        0.4827586206896552,
        0.4827586206896552,
        0.4827586206896552,
        0.4827586206896552,
        0.5,
        0.5,
        0.5,
        0.5,
        0.5,
        0.5,
        0.5,
        0.5,
        0.5,
        0.5,
        0.5,
        0.5,
        0.5,
        0.5,
        0.5172413793103449,
        0.5,
        0.5,
        0.5,
        0.5,
        0.5
    ],
    "test_loss": [],
    "test_acc": []
}