{
    "train_loss": [
        2.1563764214515686,
        2.191075563430786,
        2.0553081929683685,
        2.079344093799591,
        2.0656620860099792,
        1.9866796135902405,
        1.9723727107048035,
        1.9395533502101898,
        1.980492740869522,
        1.9443887770175934,
        1.8767625391483307,
        2.024090498685837,
        1.9279688596725464,
        1.903123825788498,
        1.8518401682376862,
        1.8519009947776794,
        1.8967815041542053,
        1.8927151262760162,
        1.8252378702163696,
        1.794506162405014,
        1.8959503769874573,
        1.8145875334739685,
        1.8202027380466461,
        1.8065681755542755,
        1.7738439738750458,
        1.8051837086677551,
        1.781164288520813,
        1.756032645702362,
        1.803146481513977,
        1.7130083441734314,
        1.6779192090034485,
        1.847311407327652,
        1.752943903207779,
        1.7570589184761047,
        1.7132868766784668,
        1.7313510477542877,
        1.7553714215755463,
        1.7157235443592072,
        1.7078497409820557,
        1.7447860538959503,
        1.717911183834076,
        1.7091846764087677,
        1.6870662868022919,
        1.6852408647537231,
        1.6783822774887085,
        1.6206981241703033,
        1.7029730379581451,
        1.631684124469757,
        1.6300427913665771,
        1.702250450849533
    ],
    "train_acc": [
        0.3804563492063492,
        0.36607142857142855,
        0.41617063492063494,
        0.42311507936507936,
        0.3839285714285714,
        0.44146825396825395,
        0.4375,
        0.4697420634920635,
        0.4340277777777778,
        0.45882936507936506,
        0.4409722222222222,
        0.4156746031746032,
        0.4652777777777778,
        0.4910714285714286,
        0.5084325396825397,
        0.48660714285714285,
        0.44742063492063494,
        0.45783730158730157,
        0.5004960317460316,
        0.5223214285714286,
        0.42162698412698413,
        0.4895833333333333,
        0.5426587301587301,
        0.5109126984126984,
        0.5287698412698413,
        0.5213293650793651,
        0.5243055555555556,
        0.5714285714285714,
        0.5143849206349207,
        0.5500992063492063,
        0.5535714285714286,
        0.5064484126984127,
        0.5317460317460317,
        0.5029761904761905,
        0.5282738095238095,
        0.5203373015873015,
        0.5565476190476191,
        0.5238095238095238,
        0.5739087301587301,
        0.5347222222222222,
        0.5451388888888888,
        0.566468253968254,
        0.5342261904761905,
        0.6016865079365079,
        0.5803571428571428,
        0.5555555555555556,
        0.5302579365079365,
        0.5515873015873016,
        0.601686507936508,
        0.5376984126984127
    ],
    "val_loss": [
        1.8947710990905762,
        1.9027239084243774,
        1.9133257865905762,
        1.9240517616271973,
        1.93351411819458,
        1.9413785934448242,
        1.942345142364502,
        1.9434696435928345,
        1.943764328956604,
        1.9417505264282227,
        1.9386495351791382,
        1.9396655559539795,
        1.9353811740875244,
        1.935910940170288,
        1.9351025819778442,
        1.9340929985046387,
        1.933184266090393,
        1.9260528087615967,
        1.9216742515563965,
        1.9179763793945312,
        1.9124109745025635,
        1.9065091609954834,
        1.9058055877685547,
        1.903977870941162,
        1.904425859451294,
        1.9043068885803223,
        1.9020652770996094,
        1.8988256454467773,
        1.893437385559082,
        1.8899991512298584,
        1.8861010074615479,
        1.883082389831543,
        1.8820617198944092,
        1.8778022527694702,
        1.8758046627044678,
        1.8735755681991577,
        1.8739275932312012,
        1.8699183464050293,
        1.868955135345459,
        1.8649266958236694,
        1.8623430728912354,
        1.8593966960906982,
        1.8571841716766357,
        1.8531451225280762,
        1.8505654335021973,
        1.848722219467163,
        1.8469736576080322,
        1.8463690280914307,
        1.8437824249267578,
        1.8408328294754028
    ],
    "val_acc": [
        0.5689655172413793,
        0.5517241379310345,
        0.5,
        0.5,
        0.5,
        0.5,
        0.5,
        0.5,
        0.5172413793103449,
        0.5172413793103449,
        0.5,
        0.5344827586206896,
        0.5172413793103449,
        0.5344827586206896,
        0.5344827586206896,
        0.5344827586206896,
        0.5517241379310345,
        0.5689655172413793,
        0.5517241379310345,
        0.5689655172413793,
        0.5517241379310345,
        0.5344827586206896,
        0.5344827586206896,
        0.5344827586206896,
        0.5517241379310345,
        0.5344827586206896,
        0.5344827586206896,
        0.5344827586206896,
        0.5344827586206896,
        0.5344827586206896,
        0.5344827586206896,
        0.5344827586206896,
        0.5517241379310345,
        0.5517241379310345,
        0.5517241379310345,
        0.5517241379310345,
        0.5517241379310345,
        0.5517241379310345,
        0.5517241379310345,
        0.5517241379310345,
        0.5517241379310345,
        0.5517241379310345,
        0.5517241379310345,
        0.5517241379310345,
        0.5517241379310345,
        0.5689655172413793,
        0.5689655172413793,
        0.5689655172413793,
        0.5689655172413793,
        0.5689655172413793
    ],
    "test_loss": [],
    "test_acc": []
}