{
    "train_loss": [
        2.423722021281719,
        2.1638877168297768,
        2.074126921594143,
        2.0157974027097225,
        1.975467411801219,
        1.9474932439625263,
        1.9226173181086779,
        1.903212083503604,
        1.8874909486621618,
        1.8726622704416513,
        1.8574840538203716,
        1.8465112932026386,
        1.8340004738420248,
        1.8211209829896688,
        1.8110484331846237,
        1.7995697613805532,
        1.7897540144622326,
        1.7784027718007565,
        1.7677314039319754,
        1.757037429139018,
        1.7455368898808956,
        1.7384525835514069,
        1.7280553635209799,
        1.7199872434139252,
        1.7129624709486961,
        1.7044814582914114,
        1.6944925710558891,
        1.6877714470028877,
        1.6789177116006613,
        1.6690931618213654,
        1.6658823285251856,
        1.6579280849546194,
        1.6477887816727161,
        1.6421323288232088,
        1.6338151544332504,
        1.626992603763938,
        1.6201490797102451,
        1.6110645085573196,
        1.6068442557007074,
        1.5970876049250364,
        1.5884740315377712,
        1.5819264445453882,
        1.5759174413979053,
        1.5655874945223331,
        1.5613200012594461,
        1.5543068032711744,
        1.5430227015167475,
        1.538584528490901,
        1.5342422183603048,
        1.523512789979577
    ],
    "train_acc": [
        0.3122829861111111,
        0.4220920138888889,
        0.48828124999999994,
        0.5243055555555556,
        0.5651041666666666,
        0.5740017361111112,
        0.5920138888888888,
        0.6085069444444444,
        0.6189236111111112,
        0.623046875,
        0.6365017361111112,
        0.640407986111111,
        0.6473524305555556,
        0.6564670138888888,
        0.6608072916666667,
        0.6612413194444444,
        0.6681857638888888,
        0.6723090277777778,
        0.6812065972222222,
        0.6844618055555556,
        0.6903211805555555,
        0.6942274305555556,
        0.6974826388888888,
        0.7029079861111112,
        0.7048611111111112,
        0.712890625,
        0.7180989583333333,
        0.7180989583333333,
        0.7248263888888888,
        0.7248263888888888,
        0.7254774305555556,
        0.7293836805555556,
        0.7395833333333333,
        0.7317708333333333,
        0.740017361111111,
        0.7384982638888888,
        0.7417534722222222,
        0.73828125,
        0.7380642361111112,
        0.744140625,
        0.7489149305555556,
        0.751953125,
        0.7528211805555556,
        0.7484809027777777,
        0.751736111111111,
        0.7523871527777778,
        0.7541232638888888,
        0.7549913194444444,
        0.7478298611111112,
        0.7541232638888888
    ],
    "val_loss": [
        2.222909167408943,
        2.1020019091665745,
        2.0329307429492474,
        1.9770977087318897,
        1.9457216784358025,
        1.933334605768323,
        1.8968826849013567,
        1.8798708077520132,
        1.867713499814272,
        1.8617468178272247,
        1.8440624475479126,
        1.83020593598485,
        1.8156468253582716,
        1.8045681975781918,
        1.7978173606097698,
        1.7958012390881777,
        1.7688674479722977,
        1.7607048191130161,
        1.750295715406537,
        1.735406804829836,
        1.7245220355689526,
        1.7183438129723072,
        1.7078769858926535,
        1.7096866928040981,
        1.6923127118498087,
        1.689843786880374,
        1.6761145200580359,
        1.6672062277793884,
        1.663441751152277,
        1.6577058713883162,
        1.6439518313854933,
        1.6351715344935656,
        1.6275988034904003,
        1.6207097973674536,
        1.6192631777375937,
        1.6163740567862988,
        1.5967349484562874,
        1.5903140809386969,
        1.5902160219848156,
        1.5757627729326487,
        1.5689104329794645,
        1.5598646011203527,
        1.559138534590602,
        1.5420554876327515,
        1.5345260184258223,
        1.5346059929579496,
        1.532778164371848,
        1.5270772371441126,
        1.5078106708824635,
        1.5038740821182728
    ],
    "val_acc": [
        0.3956163194444445,
        0.4581163194444444,
        0.5160590277777778,
        0.5575086805555556,
        0.5763888888888888,
        0.5894097222222222,
        0.6041666666666666,
        0.6193576388888888,
        0.6297743055555556,
        0.636501736111111,
        0.646484375,
        0.6480034722222223,
        0.662109375,
        0.6644965277777777,
        0.6710069444444444,
        0.6753472222222223,
        0.6807725694444444,
        0.6846788194444444,
        0.6888020833333334,
        0.6953125,
        0.7024739583333334,
        0.7072482638888888,
        0.7076822916666666,
        0.7105034722222223,
        0.7222222222222223,
        0.7196180555555556,
        0.7280815972222223,
        0.7319878472222222,
        0.7298177083333333,
        0.7391493055555556,
        0.7413194444444444,
        0.7419704861111112,
        0.7356770833333333,
        0.74609375,
        0.743923611111111,
        0.7471788194444444,
        0.7465277777777779,
        0.7469618055555556,
        0.75390625,
        0.7560763888888888,
        0.7549913194444444,
        0.7575954861111112,
        0.7591145833333333,
        0.76171875,
        0.7625868055555556,
        0.7601996527777778,
        0.7619357638888888,
        0.7573784722222221,
        0.7669270833333333,
        0.7680121527777778
    ],
    "test_loss": [],
    "test_acc": []
}