{
    "train_loss": [
        1.7902597784996033,
        1.752327173948288,
        1.7744452953338623,
        1.7334540486335754,
        1.714684247970581,
        1.7216885089874268,
        1.7239965796470642,
        1.7429176568984985,
        1.5995014905929565,
        1.666993886232376,
        1.6245163083076477,
        1.6240102052688599,
        1.6793380975723267,
        1.5971587300300598,
        1.5788643956184387,
        1.5872991979122162,
        1.6049413681030273,
        1.5565619468688965,
        1.5770995318889618,
        1.60671865940094,
        1.5582311749458313,
        1.532671868801117,
        1.5747372210025787,
        1.5002491772174835,
        1.5397036969661713,
        1.5183828175067902,
        1.5082248747348785,
        1.4489768743515015,
        1.4738086760044098,
        1.4821200668811798,
        1.4530863165855408,
        1.5105880796909332,
        1.4701773524284363,
        1.5145339369773865,
        1.4638878405094147,
        1.4262186586856842,
        1.4051101505756378,
        1.5051406621932983,
        1.4368602633476257,
        1.4758289456367493,
        1.4515946507453918,
        1.4467922747135162,
        1.4657360017299652,
        1.4505382776260376,
        1.481588214635849,
        1.4527792036533356,
        1.423843264579773,
        1.3698719441890717,
        1.4728174209594727,
        1.4374155402183533
    ],
    "train_acc": [
        0.6755952380952381,
        0.6651785714285714,
        0.6393849206349207,
        0.6537698412698413,
        0.650297619047619,
        0.6359126984126984,
        0.6502976190476191,
        0.6572420634920635,
        0.7038690476190476,
        0.6711309523809523,
        0.6820436507936509,
        0.6929563492063492,
        0.6101190476190477,
        0.7534722222222222,
        0.742559523809524,
        0.7390873015873016,
        0.6775793650793651,
        0.7098214285714286,
        0.6884920634920635,
        0.6845238095238095,
        0.7098214285714286,
        0.7028769841269842,
        0.7023809523809524,
        0.742063492063492,
        0.7242063492063492,
        0.7490079365079365,
        0.7346230158730158,
        0.7420634920634921,
        0.7633928571428572,
        0.6989087301587301,
        0.7276785714285714,
        0.7237103174603174,
        0.7311507936507936,
        0.7093253968253969,
        0.7093253968253969,
        0.7271825396825398,
        0.7202380952380952,
        0.6626984126984127,
        0.7093253968253969,
        0.7093253968253969,
        0.7271825396825398,
        0.7375992063492064,
        0.6587301587301587,
        0.6875,
        0.7202380952380953,
        0.7162698412698413,
        0.7485119047619048,
        0.7485119047619047,
        0.6840277777777778,
        0.7341269841269842
    ],
    "val_loss": [
        1.8909209966659546,
        1.830467700958252,
        1.7899154424667358,
        1.762110710144043,
        1.7476863861083984,
        1.7368608713150024,
        1.7296935319900513,
        1.724489450454712,
        1.7195675373077393,
        1.715362787246704,
        1.7105821371078491,
        1.7069332599639893,
        1.7043497562408447,
        1.7020113468170166,
        1.7005987167358398,
        1.6938661336898804,
        1.6900067329406738,
        1.6852519512176514,
        1.680769443511963,
        1.6756737232208252,
        1.6712672710418701,
        1.6675281524658203,
        1.6683295965194702,
        1.6664044857025146,
        1.663723349571228,
        1.6608922481536865,
        1.6587586402893066,
        1.6564385890960693,
        1.654504418373108,
        1.6535427570343018,
        1.652547836303711,
        1.6509356498718262,
        1.6478177309036255,
        1.6451247930526733,
        1.643108606338501,
        1.640751600265503,
        1.6418503522872925,
        1.640835165977478,
        1.6427993774414062,
        1.6430754661560059,
        1.6422775983810425,
        1.6427608728408813,
        1.6417982578277588,
        1.6425790786743164,
        1.6409868001937866,
        1.6413772106170654,
        1.6387732028961182,
        1.6381030082702637,
        1.636423110961914,
        1.6337125301361084
    ],
    "val_acc": [
        0.5517241379310345,
        0.603448275862069,
        0.6206896551724138,
        0.6206896551724138,
        0.603448275862069,
        0.603448275862069,
        0.6206896551724138,
        0.6379310344827587,
        0.6379310344827587,
        0.6379310344827587,
        0.6379310344827587,
        0.6379310344827587,
        0.6379310344827587,
        0.6379310344827587,
        0.6379310344827587,
        0.6379310344827587,
        0.6379310344827587,
        0.6379310344827587,
        0.6379310344827587,
        0.6379310344827587,
        0.6379310344827587,
        0.6379310344827587,
        0.6379310344827587,
        0.6379310344827587,
        0.6551724137931034,
        0.6551724137931034,
        0.6551724137931034,
        0.6551724137931034,
        0.6551724137931034,
        0.6551724137931034,
        0.6551724137931034,
        0.6551724137931034,
        0.6551724137931034,
        0.6551724137931034,
        0.6551724137931034,
        0.6551724137931034,
        0.6551724137931034,
        0.6551724137931034,
        0.6551724137931034,
        0.6551724137931034,
        0.6551724137931034,
        0.6551724137931034,
        0.6379310344827587,
        0.6379310344827587,
        0.6551724137931034,
        0.6551724137931034,
        0.6379310344827587,
        0.6724137931034483,
        0.6896551724137931,
        0.6724137931034483
    ],
    "test_loss": [],
    "test_acc": []
}