{
    "train_loss": [
        2.4313911013305187,
        2.164861187338829,
        2.0740884263068438,
        2.0151089504361153,
        1.972942417487502,
        1.9424281101673841,
        1.9163542352616787,
        1.8984821010380983,
        1.8778210580348969,
        1.8603879567235708,
        1.8465083930641413,
        1.8307562544941902,
        1.820351280272007,
        1.8058998100459576,
        1.793268345296383,
        1.7783395424485207,
        1.766179122030735,
        1.7572979796677828,
        1.7472112067043781,
        1.7379908673465252,
        1.7245711870491505,
        1.7169249840080738,
        1.7060869447886944,
        1.6980720162391663,
        1.6931770537048578,
        1.6868895702064037,
        1.673877390101552,
        1.6645100750029087,
        1.6547826882451773,
        1.6478837672621012,
        1.6398264560848475,
        1.6306877098977566,
        1.6221549175679684,
        1.617402721196413,
        1.612289685755968,
        1.5971428751945496,
        1.5895809084177017,
        1.5832029730081558,
        1.5725308321416378,
        1.5638914685696363,
        1.558170385658741,
        1.5486827939748764,
        1.5415766015648842,
        1.5334570799022913,
        1.5304840356111526,
        1.5164511781185865,
        1.507072614505887,
        1.5010496024042368,
        1.496586674824357,
        1.4843503925949335
    ],
    "train_acc": [
        0.3185763888888889,
        0.42057291666666663,
        0.4874131944444445,
        0.5299479166666666,
        0.5668402777777778,
        0.5831163194444444,
        0.599392361111111,
        0.6072048611111112,
        0.6302083333333334,
        0.63671875,
        0.6427951388888888,
        0.650173611111111,
        0.6558159722222222,
        0.6577690972222222,
        0.669921875,
        0.6746961805555556,
        0.681640625,
        0.693359375,
        0.695095486111111,
        0.6976996527777778,
        0.7065972222222223,
        0.705078125,
        0.7150607638888888,
        0.7170138888888888,
        0.7189670138888888,
        0.720703125,
        0.7302517361111112,
        0.7322048611111112,
        0.7361111111111112,
        0.736328125,
        0.742404513888889,
        0.7408854166666667,
        0.7408854166666666,
        0.75,
        0.7428385416666666,
        0.7510850694444444,
        0.7541232638888888,
        0.7554253472222222,
        0.7554253472222222,
        0.7586805555555556,
        0.7608506944444444,
        0.7617187499999999,
        0.7630208333333334,
        0.765625,
        0.7662760416666666,
        0.7697482638888888,
        0.7747395833333333,
        0.7723524305555556,
        0.7760416666666667,
        0.7723524305555556
    ],
    "val_loss": [
        2.224705785512924,
        2.1017874851822853,
        2.027909269556403,
        1.9824276510626078,
        1.9415865559130907,
        1.9149142876267433,
        1.8972983695566654,
        1.8744699209928513,
        1.8574518896639347,
        1.8427620381116867,
        1.8257867638021708,
        1.808726092800498,
        1.7974342200905085,
        1.7821932323276997,
        1.7775676678866148,
        1.757731594145298,
        1.7458185385912657,
        1.7417462579905987,
        1.7310855705291033,
        1.7175819594413042,
        1.710120102390647,
        1.6950175035744905,
        1.6880284752696753,
        1.6833258904516697,
        1.673588389530778,
        1.6721976567059755,
        1.6556947827339172,
        1.6453090403228998,
        1.6432632021605968,
        1.6270496491342783,
        1.6174664478749037,
        1.6091824546456337,
        1.603051833808422,
        1.5997638925909996,
        1.5882814936339855,
        1.5799505710601807,
        1.582319900393486,
        1.5669642817229033,
        1.5554284360259771,
        1.545342968776822,
        1.5454023629426956,
        1.5305247008800507,
        1.5326029639691114,
        1.5163129772990942,
        1.5004088878631592,
        1.4940955452620983,
        1.488041177392006,
        1.478456575423479,
        1.4745618123561144,
        1.4659431967884302
    ],
    "val_acc": [
        0.39518229166666663,
        0.4611545138888889,
        0.5208333333333334,
        0.5651041666666667,
        0.5802951388888888,
        0.5998263888888888,
        0.6165364583333334,
        0.623046875,
        0.6393229166666667,
        0.6443142361111112,
        0.6560329861111112,
        0.6629774305555556,
        0.6694878472222222,
        0.674045138888889,
        0.6779513888888888,
        0.6892361111111112,
        0.6929253472222222,
        0.703125,
        0.7059461805555556,
        0.7152777777777778,
        0.7139756944444444,
        0.71875,
        0.7259114583333334,
        0.7239583333333334,
        0.7328559027777777,
        0.7395833333333334,
        0.7358940972222221,
        0.7439236111111112,
        0.7478298611111112,
        0.7456597222222223,
        0.7532552083333334,
        0.7486979166666667,
        0.7526041666666667,
        0.7541232638888888,
        0.7554253472222222,
        0.7595486111111112,
        0.7610677083333334,
        0.7623697916666666,
        0.7686631944444444,
        0.7599826388888888,
        0.7686631944444444,
        0.7686631944444444,
        0.7740885416666667,
        0.7717013888888888,
        0.7788628472222222,
        0.77734375,
        0.7749565972222223,
        0.7819010416666666,
        0.7819010416666666,
        0.783203125
    ],
    "test_loss": [],
    "test_acc": []
}