{
    "train_loss": [
        1.9846976399421692,
        1.9352719485759735,
        1.9008328318595886,
        1.8777227997779846,
        1.8923473358154297,
        1.9027332067489624,
        1.8373621106147766,
        1.8448858261108398,
        1.8436416983604431,
        1.8511715233325958,
        1.7973002791404724,
        1.8138055801391602,
        1.7807425260543823,
        1.8259077966213226,
        1.7617257833480835,
        1.78765207529068,
        1.8282425105571747,
        1.7876214385032654,
        1.808471828699112,
        1.7666422128677368,
        1.784104585647583,
        1.7563373744487762,
        1.7223540246486664,
        1.7020972073078156,
        1.7577265799045563,
        1.717455267906189,
        1.6835601925849915,
        1.7639600336551666,
        1.6909259855747223,
        1.6808657348155975,
        1.7231497764587402,
        1.6909316182136536,
        1.7032436430454254,
        1.7066644430160522,
        1.6893810629844666,
        1.7191639840602875,
        1.6874353885650635,
        1.6437509655952454,
        1.6815157234668732,
        1.666564166545868,
        1.621780663728714,
        1.6525885164737701,
        1.6520273089408875,
        1.6959218382835388,
        1.6072960793972015,
        1.6401467621326447,
        1.6420250236988068,
        1.6422335505485535,
        1.6643246114253998,
        1.6024830341339111
    ],
    "train_acc": [
        0.65625,
        0.6423611111111112,
        0.6850198412698413,
        0.6919642857142857,
        0.7023809523809524,
        0.6810515873015874,
        0.7132936507936509,
        0.7346230158730158,
        0.6736111111111112,
        0.7202380952380952,
        0.7490079365079365,
        0.738095238095238,
        0.7524801587301587,
        0.7346230158730158,
        0.7346230158730158,
        0.7058531746031745,
        0.7202380952380952,
        0.751984126984127,
        0.7018849206349207,
        0.7341269841269841,
        0.755952380952381,
        0.7589285714285714,
        0.7698412698412699,
        0.777281746031746,
        0.7053571428571428,
        0.7842261904761905,
        0.7628968253968254,
        0.7445436507936508,
        0.7911706349206349,
        0.7589285714285714,
        0.7589285714285714,
        0.7658730158730158,
        0.71875,
        0.7728174603174603,
        0.7906746031746031,
        0.726190476190476,
        0.7733134920634921,
        0.7906746031746031,
        0.7872023809523809,
        0.7405753968253969,
        0.8229166666666666,
        0.7509920634920635,
        0.7544642857142857,
        0.7256944444444444,
        0.7906746031746031,
        0.7901785714285714,
        0.7544642857142857,
        0.783234126984127,
        0.7579365079365079,
        0.7971230158730158
    ],
    "val_loss": [
        2.0021941661834717,
        1.9869670867919922,
        1.9800626039505005,
        1.9753717184066772,
        1.9712212085723877,
        1.9660149812698364,
        1.961925983428955,
        1.9585407972335815,
        1.9552148580551147,
        1.9520485401153564,
        1.9478105306625366,
        1.9432698488235474,
        1.9381768703460693,
        1.933952808380127,
        1.9287080764770508,
        1.9238601922988892,
        1.9188079833984375,
        1.912959337234497,
        1.908328652381897,
        1.9047836065292358,
        1.9007019996643066,
        1.896682858467102,
        1.8924401998519897,
        1.8894492387771606,
        1.8870104551315308,
        1.8847367763519287,
        1.8815099000930786,
        1.8784366846084595,
        1.8732974529266357,
        1.8700175285339355,
        1.8671256303787231,
        1.8640068769454956,
        1.8610832691192627,
        1.857898235321045,
        1.8565092086791992,
        1.8564988374710083,
        1.8569763898849487,
        1.8552546501159668,
        1.8512691259384155,
        1.8475903272628784,
        1.8449331521987915,
        1.8430715799331665,
        1.8413571119308472,
        1.8389869928359985,
        1.8383584022521973,
        1.838141918182373,
        1.8370282649993896,
        1.8366997241973877,
        1.8336811065673828,
        1.8326739072799683
    ],
    "val_acc": [
        0.5689655172413793,
        0.5517241379310345,
        0.5689655172413793,
        0.5689655172413793,
        0.5689655172413793,
        0.5862068965517241,
        0.603448275862069,
        0.6206896551724138,
        0.6379310344827587,
        0.6551724137931034,
        0.6379310344827587,
        0.6551724137931034,
        0.6724137931034483,
        0.6724137931034483,
        0.6724137931034483,
        0.6724137931034483,
        0.6724137931034483,
        0.6724137931034483,
        0.6724137931034483,
        0.6724137931034483,
        0.6724137931034483,
        0.6724137931034483,
        0.6896551724137931,
        0.6896551724137931,
        0.6896551724137931,
        0.6896551724137931,
        0.6896551724137931,
        0.6896551724137931,
        0.6896551724137931,
        0.7068965517241379,
        0.7068965517241379,
        0.7068965517241379,
        0.7068965517241379,
        0.7068965517241379,
        0.7068965517241379,
        0.6896551724137931,
        0.6896551724137931,
        0.6896551724137931,
        0.6896551724137931,
        0.6896551724137931,
        0.6896551724137931,
        0.6896551724137931,
        0.6896551724137931,
        0.6896551724137931,
        0.6724137931034483,
        0.6896551724137931,
        0.7068965517241379,
        0.7068965517241379,
        0.7068965517241379,
        0.7068965517241379
    ],
    "test_loss": [],
    "test_acc": []
}