{
    "train_loss": [
        2.4432306177914143,
        2.175498243421316,
        2.0891197957098484,
        2.031291589140892,
        1.9917427264153957,
        1.9632438961416483,
        1.9354060534387827,
        1.915132263675332,
        1.89552615955472,
        1.8769611902534962,
        1.8630625363439322,
        1.8511789217591286,
        1.8377830907702446,
        1.8244258109480143,
        1.8137561231851578,
        1.8009195383638144,
        1.7908567879348993,
        1.7827207781374454,
        1.771916115656495,
        1.7615212257951498,
        1.7511461824178696,
        1.7418985329568386,
        1.7323537431657314,
        1.7245796229690313,
        1.7149008326232433,
        1.7051369845867157,
        1.6960151232779026,
        1.6870403103530407,
        1.6802389193326235,
        1.6696392111480236,
        1.666644960641861,
        1.65673391148448,
        1.6462334468960762,
        1.6395255625247955,
        1.6297008153051138,
        1.625950675457716,
        1.6161762457340956,
        1.6078596208244562,
        1.6032058745622635,
        1.59323625639081,
        1.5826059337705374,
        1.5793674569576979,
        1.571223583072424,
        1.5626760628074408,
        1.5561510119587183,
        1.5502927973866463,
        1.5411875117570162,
        1.5360537711530924,
        1.5279655698686838,
        1.5182623118162155
    ],
    "train_acc": [
        0.3055555555555556,
        0.4051649305555556,
        0.46419270833333337,
        0.509765625,
        0.5405815972222222,
        0.5514322916666667,
        0.5772569444444444,
        0.5883246527777778,
        0.6052517361111112,
        0.61328125,
        0.6234809027777777,
        0.630859375,
        0.6421440972222221,
        0.6488715277777778,
        0.6527777777777778,
        0.6610243055555556,
        0.6618923611111112,
        0.6725260416666667,
        0.6755642361111112,
        0.6786024305555556,
        0.6879340277777777,
        0.6911892361111112,
        0.7009548611111112,
        0.701171875,
        0.7055121527777777,
        0.7057291666666667,
        0.7118055555555556,
        0.7194010416666667,
        0.7215711805555556,
        0.7259114583333334,
        0.7259114583333333,
        0.7265625,
        0.7341579861111112,
        0.7367621527777778,
        0.7384982638888888,
        0.7408854166666667,
        0.7428385416666667,
        0.742404513888889,
        0.7530381944444444,
        0.7526041666666667,
        0.7506510416666666,
        0.756076388888889,
        0.7567274305555556,
        0.7591145833333334,
        0.7526041666666667,
        0.7588975694444444,
        0.7586805555555556,
        0.7634548611111112,
        0.7630208333333333,
        0.7593315972222222
    ],
    "val_loss": [
        2.232677586376667,
        2.112997245043516,
        2.0454593151807785,
        1.996704414486885,
        1.9610289819538593,
        1.9430355317890644,
        1.909218043088913,
        1.8902492262423038,
        1.8775273114442825,
        1.8625927474349737,
        1.8535855039954185,
        1.83007369376719,
        1.8198410272598267,
        1.8124539945274591,
        1.800658380612731,
        1.7903799023479223,
        1.7732171975076199,
        1.7638779561966658,
        1.7521294075995684,
        1.7420814651995897,
        1.7309218607842922,
        1.7197046596556902,
        1.7152852583676577,
        1.7067927736788988,
        1.6920060347765684,
        1.6884021572768688,
        1.673258075490594,
        1.6685824058949947,
        1.6588485967367887,
        1.6521068420261145,
        1.6430310886353254,
        1.635577391833067,
        1.6248185690492392,
        1.6192809902131557,
        1.6093336679041386,
        1.6098942514508963,
        1.5976825635880232,
        1.5873799379915,
        1.5917001571506262,
        1.5774103477597237,
        1.5659926943480968,
        1.5558493603020906,
        1.5566987879574299,
        1.5386927966028452,
        1.5364538375288248,
        1.5263051521033049,
        1.5204842202365398,
        1.5183102265000343,
        1.5019864458590746,
        1.4966284278780222
    ],
    "val_acc": [
        0.3878038194444444,
        0.4503038194444444,
        0.4958767361111111,
        0.5269097222222222,
        0.5631510416666666,
        0.578125,
        0.593967013888889,
        0.6022135416666666,
        0.6208767361111112,
        0.6315104166666667,
        0.6378038194444444,
        0.640842013888889,
        0.6566840277777778,
        0.658203125,
        0.6640625,
        0.6703559027777778,
        0.67578125,
        0.6879340277777777,
        0.683810763888889,
        0.6924913194444444,
        0.7005208333333333,
        0.7057291666666666,
        0.7068142361111112,
        0.7115885416666665,
        0.7161458333333333,
        0.7180989583333334,
        0.7300347222222221,
        0.72265625,
        0.7293836805555556,
        0.7311197916666666,
        0.740234375,
        0.7400173611111112,
        0.740017361111111,
        0.7450086805555556,
        0.7428385416666665,
        0.7541232638888888,
        0.748046875,
        0.7543402777777777,
        0.7569444444444444,
        0.7608506944444444,
        0.7612847222222223,
        0.7647569444444444,
        0.7651909722222222,
        0.7658420138888888,
        0.7721354166666667,
        0.7662760416666667,
        0.767578125,
        0.7673611111111112,
        0.7743055555555556,
        0.7721354166666666
    ],
    "test_loss": [],
    "test_acc": []
}