{
    "train_loss": [
        2.1938924230635166,
        2.0459483228623867,
        1.9576207883656025,
        1.8860411867499352,
        1.8308137096464634,
        1.7958088498562574,
        1.7642647195607424,
        1.738410335034132,
        1.7141616865992546,
        1.6983991246670485,
        1.6798897311091423,
        1.6652718763798475,
        1.6477532368153334,
        1.6386454477906227,
        1.6230746861547232,
        1.6129148695617914,
        1.6030086521059275,
        1.5920899640768766,
        1.5822303146123886,
        1.5702289380133152,
        1.5587432589381933,
        1.5472707822918892,
        1.542078323662281,
        1.5318690314888954,
        1.5200659092515707,
        1.5087966192513704,
        1.4989550709724426,
        1.4929623994976282,
        1.4811750948429108,
        1.46454225666821,
        1.4576565586030483,
        1.4474266208708286,
        1.4360307566821575,
        1.4257709011435509,
        1.4149723649024963,
        1.402850391343236,
        1.3995861168950796,
        1.3781778272241354,
        1.3709277585148811,
        1.355833513662219,
        1.3454598486423492,
        1.3372158072888851,
        1.3237286526709795,
        1.3093834333121777,
        1.298450144007802,
        1.2921062391251326,
        1.2757206354290247,
        1.2659984547644854,
        1.2529666386544704,
        1.242198484018445
    ],
    "train_acc": [
        0.3213975694444444,
        0.4301215277777778,
        0.4806857638888889,
        0.5141059027777779,
        0.5416666666666667,
        0.5533854166666667,
        0.56640625,
        0.5798611111111112,
        0.5874565972222221,
        0.5915798611111112,
        0.6019965277777778,
        0.6063368055555556,
        0.6030815972222222,
        0.6134982638888888,
        0.6165364583333333,
        0.6163194444444444,
        0.6169704861111112,
        0.6265190972222222,
        0.6315104166666666,
        0.6321614583333333,
        0.6334635416666667,
        0.6373697916666667,
        0.6419270833333334,
        0.6451822916666667,
        0.6451822916666667,
        0.6508246527777777,
        0.6536458333333333,
        0.6551649305555556,
        0.6551649305555556,
        0.6603732638888888,
        0.6644965277777778,
        0.6655815972222222,
        0.6675347222222223,
        0.6686197916666667,
        0.6725260416666667,
        0.6775173611111112,
        0.6744791666666667,
        0.6707899305555556,
        0.679904513888889,
        0.6818576388888888,
        0.6829427083333333,
        0.6859809027777778,
        0.6905381944444444,
        0.6935763888888888,
        0.6907552083333333,
        0.6931423611111112,
        0.697265625,
        0.6959635416666667,
        0.7020399305555556,
        0.7003038194444444
    ],
    "val_loss": [
        2.0820784494280815,
        1.9862420503050089,
        1.918027587234974,
        1.8425942584872246,
        1.8000512048602104,
        1.771637974306941,
        1.7347871325910091,
        1.7100591901689768,
        1.688997434452176,
        1.6782273817807436,
        1.6609231624752283,
        1.6412877272814512,
        1.6315419226884842,
        1.6183150950819254,
        1.6041206251829863,
        1.5921949334442616,
        1.5984596945345402,
        1.5685255359858274,
        1.5590864643454552,
        1.558781860396266,
        1.540132923051715,
        1.5306408256292343,
        1.5201245713979006,
        1.5154107064008713,
        1.4982099924236536,
        1.4874458443373442,
        1.4789646062999964,
        1.4741324223577976,
        1.457700688391924,
        1.4500690903514624,
        1.4312209486961365,
        1.4210750609636307,
        1.4140094202011824,
        1.4070553202182055,
        1.3972709327936172,
        1.3899895027279854,
        1.3709265142679214,
        1.3613334987312555,
        1.3505892716348171,
        1.3329187743365765,
        1.3215684704482555,
        1.3087926991283894,
        1.2967456467449665,
        1.2895101979374886,
        1.2723680697381496,
        1.2712901141494513,
        1.2489296346902847,
        1.2443728875368834,
        1.2256125649437308,
        1.2230222234502435
    ],
    "val_acc": [
        0.41276041666666663,
        0.4559461805555556,
        0.5028211805555556,
        0.5301649305555556,
        0.5529513888888888,
        0.5670572916666667,
        0.5787760416666667,
        0.5852864583333334,
        0.5939670138888888,
        0.6000434027777777,
        0.609375,
        0.6102430555555556,
        0.6126302083333333,
        0.6193576388888888,
        0.6239149305555556,
        0.6234809027777777,
        0.6256510416666666,
        0.6317274305555555,
        0.634765625,
        0.6391059027777778,
        0.6438802083333333,
        0.6477864583333333,
        0.6497395833333334,
        0.6527777777777778,
        0.6558159722222221,
        0.6547309027777777,
        0.6597222222222222,
        0.6647135416666667,
        0.6629774305555556,
        0.6649305555555556,
        0.6723090277777777,
        0.6703559027777778,
        0.6694878472222222,
        0.6759982638888888,
        0.6759982638888888,
        0.6814236111111112,
        0.681640625,
        0.6820746527777778,
        0.6875,
        0.6920572916666666,
        0.6907552083333333,
        0.6970486111111112,
        0.6987847222222222,
        0.6987847222222223,
        0.703125,
        0.7020399305555555,
        0.7046440972222222,
        0.7044270833333334,
        0.7133246527777778,
        0.7087673611111112
    ],
    "test_loss": [],
    "test_acc": []
}