{
    "train_loss": [
        2.201371192932129,
        2.1453747153282166,
        2.057121843099594,
        1.9670296907424927,
        2.0056614577770233,
        1.9893100559711456,
        1.9574862122535706,
        2.0192319452762604,
        2.0562117099761963,
        1.957993984222412,
        1.9156867265701294,
        1.9165734648704529,
        1.985214501619339,
        1.9026595950126648,
        1.9973236620426178,
        1.8970760703086853,
        1.887341469526291,
        1.8361895680427551,
        1.8339959383010864,
        1.842617154121399,
        1.871222585439682,
        1.8468119204044342,
        1.8784755170345306,
        1.8570868372917175,
        1.7839169204235077,
        1.793071687221527,
        1.861022561788559,
        1.7417672872543335,
        1.7647736370563507,
        1.7546905279159546,
        1.7516763508319855,
        1.7337751984596252,
        1.7645140886306763,
        1.7268856465816498,
        1.7215347588062286,
        1.6901483833789825,
        1.762542337179184,
        1.7005670666694641,
        1.709166020154953,
        1.741416335105896,
        1.7055111825466156,
        1.6700862050056458,
        1.7179961800575256,
        1.6264727115631104,
        1.6621091663837433,
        1.6948500573635101,
        1.6458675861358643,
        1.6545880436897278,
        1.6031810343265533,
        1.6200478971004486
    ],
    "train_acc": [
        0.408234126984127,
        0.45436507936507936,
        0.5079365079365079,
        0.49057539682539686,
        0.4756944444444444,
        0.47519841269841273,
        0.4930555555555556,
        0.49355158730158727,
        0.46081349206349204,
        0.5287698412698413,
        0.5218253968253969,
        0.5034722222222222,
        0.4816468253968254,
        0.5213293650793651,
        0.4851190476190476,
        0.5104166666666666,
        0.5357142857142857,
        0.5208333333333333,
        0.5634920634920635,
        0.5128968253968254,
        0.5491071428571428,
        0.5277777777777778,
        0.5128968253968254,
        0.5094246031746031,
        0.5739087301587301,
        0.5381944444444444,
        0.5094246031746031,
        0.6021825396825397,
        0.5773809523809523,
        0.5734126984126984,
        0.5629960317460317,
        0.566468253968254,
        0.5481150793650793,
        0.5877976190476191,
        0.6195436507936508,
        0.5768849206349206,
        0.5515873015873015,
        0.5838293650793651,
        0.5803571428571428,
        0.5515873015873016,
        0.5476190476190477,
        0.6051587301587301,
        0.5729166666666666,
        0.6517857142857143,
        0.6443452380952381,
        0.5620039682539683,
        0.6299603174603174,
        0.6264880952380952,
        0.6443452380952381,
        0.6155753968253969
    ],
    "val_loss": [
        2.352910280227661,
        2.240779399871826,
        2.167478561401367,
        2.1225759983062744,
        2.100403308868408,
        2.089648962020874,
        2.0811588764190674,
        2.0759968757629395,
        2.073615312576294,
        2.0697455406188965,
        2.0637471675872803,
        2.0598368644714355,
        2.057478189468384,
        2.0534045696258545,
        2.0499706268310547,
        2.049213171005249,
        2.0428080558776855,
        2.038398504257202,
        2.0358595848083496,
        2.0313403606414795,
        2.027698516845703,
        2.0229086875915527,
        2.018772840499878,
        2.0134072303771973,
        2.0101547241210938,
        2.0020008087158203,
        1.9990752935409546,
        1.9989408254623413,
        1.9974637031555176,
        1.9947822093963623,
        1.9925167560577393,
        1.9898144006729126,
        1.9889546632766724,
        1.9834046363830566,
        1.9809463024139404,
        1.9784338474273682,
        1.9723892211914062,
        1.9684607982635498,
        1.9653701782226562,
        1.9634959697723389,
        1.959446907043457,
        1.9581754207611084,
        1.9572744369506836,
        1.9540307521820068,
        1.9516184329986572,
        1.9487974643707275,
        1.943807601928711,
        1.9419481754302979,
        1.9417160749435425,
        1.9416401386260986
    ],
    "val_acc": [
        0.5,
        0.5,
        0.5517241379310345,
        0.5862068965517241,
        0.5344827586206896,
        0.5344827586206896,
        0.5172413793103449,
        0.5344827586206896,
        0.5344827586206896,
        0.5344827586206896,
        0.5344827586206896,
        0.5517241379310345,
        0.5517241379310345,
        0.5517241379310345,
        0.5517241379310345,
        0.5517241379310345,
        0.5172413793103449,
        0.5172413793103449,
        0.5172413793103449,
        0.5172413793103449,
        0.5172413793103449,
        0.5172413793103449,
        0.5172413793103449,
        0.5172413793103449,
        0.5172413793103449,
        0.5172413793103449,
        0.5172413793103449,
        0.5172413793103449,
        0.5172413793103449,
        0.5172413793103449,
        0.5172413793103449,
        0.5172413793103449,
        0.5172413793103449,
        0.5172413793103449,
        0.5172413793103449,
        0.5172413793103449,
        0.5172413793103449,
        0.5172413793103449,
        0.5172413793103449,
        0.5172413793103449,
        0.5172413793103449,
        0.5172413793103449,
        0.5172413793103449,
        0.5172413793103449,
        0.5172413793103449,
        0.5172413793103449,
        0.5344827586206896,
        0.5172413793103449,
        0.5172413793103449,
        0.5172413793103449
    ],
    "test_loss": [],
    "test_acc": []
}