{
    "train_loss": [
        2.200510587543249,
        2.0539963394403458,
        1.974046828225255,
        1.9056001026183367,
        1.8551218509674072,
        1.8127986304461956,
        1.780473705381155,
        1.7564350981265306,
        1.731952965259552,
        1.71494809538126,
        1.695322161540389,
        1.6803602017462254,
        1.6681309808045626,
        1.650809369981289,
        1.6369720306247473,
        1.623176146298647,
        1.608513381332159,
        1.5981060024350882,
        1.589426714926958,
        1.5780667923390865,
        1.5704191625118256,
        1.5523499194532633,
        1.5442391633987427,
        1.534529097378254,
        1.51894292794168,
        1.5101872105151415,
        1.4982402175664902,
        1.494821785017848,
        1.4762291200459003,
        1.4645658861845732,
        1.452660059556365,
        1.4447891619056463,
        1.4307705760002136,
        1.4217721726745367,
        1.4081798885017633,
        1.3989912681281567,
        1.3892957363277674,
        1.374068733304739,
        1.3639199547469616,
        1.34979747235775,
        1.3390796296298504,
        1.3355672154575586,
        1.322925003245473,
        1.311948586255312,
        1.3006496001034975,
        1.2899454589933157,
        1.2838133499026299,
        1.2713763322681189,
        1.2590914834290743,
        1.249604471027851
    ],
    "train_acc": [
        0.30794270833333337,
        0.4153645833333333,
        0.46549479166666663,
        0.5010850694444444,
        0.5249565972222222,
        0.541015625,
        0.556640625,
        0.5640190972222223,
        0.5753038194444444,
        0.5831163194444444,
        0.5894097222222223,
        0.597439236111111,
        0.603515625,
        0.6050347222222222,
        0.611111111111111,
        0.6176215277777777,
        0.6202256944444444,
        0.6252170138888888,
        0.6317274305555556,
        0.6362847222222222,
        0.6399739583333334,
        0.634548611111111,
        0.6434461805555555,
        0.6493055555555556,
        0.6519097222222222,
        0.6547309027777778,
        0.6573350694444444,
        0.6534288194444444,
        0.6625434027777778,
        0.6612413194444444,
        0.6694878472222223,
        0.6733940972222223,
        0.6705729166666667,
        0.6775173611111112,
        0.677517361111111,
        0.6801215277777778,
        0.6786024305555556,
        0.6888020833333333,
        0.6868489583333333,
        0.6911892361111112,
        0.6937934027777778,
        0.6974826388888888,
        0.6961805555555556,
        0.6979166666666667,
        0.7033420138888888,
        0.703125,
        0.7020399305555556,
        0.705078125,
        0.7100694444444444,
        0.7100694444444445
    ],
    "val_loss": [
        2.0850289445370436,
        2.003407208248973,
        1.919776789844036,
        1.8623729832470417,
        1.818934815004468,
        1.780269244685769,
        1.7521653752774,
        1.7274170648306608,
        1.7070362456142902,
        1.6989818420261145,
        1.6704184710979462,
        1.6542463693767786,
        1.639712132513523,
        1.6238620430231094,
        1.624277524650097,
        1.599076209589839,
        1.5938492231070995,
        1.5757681746035814,
        1.5637715756893158,
        1.5576903894543648,
        1.5388679299503565,
        1.5363531243056059,
        1.5232442561537027,
        1.5188306793570518,
        1.501167956739664,
        1.483167102560401,
        1.4748203996568918,
        1.4750224817544222,
        1.448815057054162,
        1.4435567874461412,
        1.4346781522035599,
        1.4197110757231712,
        1.4106987696141005,
        1.4007485341280699,
        1.3860097285360098,
        1.3757760915905237,
        1.3647859673947096,
        1.3538274727761745,
        1.3472261186689138,
        1.3242802768945694,
        1.3232634831219912,
        1.3073181826621294,
        1.296847129240632,
        1.2876292243599892,
        1.2760427622124553,
        1.264825294725597,
        1.2575269639492035,
        1.2548282956704497,
        1.232410952448845,
        1.2252917271107435
    ],
    "val_acc": [
        0.39474826388888884,
        0.4444444444444445,
        0.48828125,
        0.5212673611111112,
        0.5421006944444444,
        0.5592447916666666,
        0.5681423611111112,
        0.5818142361111112,
        0.5863715277777778,
        0.5961371527777778,
        0.5987413194444444,
        0.6052517361111112,
        0.6124131944444444,
        0.615234375,
        0.6226128472222222,
        0.6260850694444444,
        0.6286892361111112,
        0.6315104166666667,
        0.6397569444444444,
        0.6458333333333333,
        0.6456163194444444,
        0.6482204861111112,
        0.6488715277777777,
        0.654079861111111,
        0.6571180555555555,
        0.6603732638888888,
        0.6618923611111112,
        0.6638454861111112,
        0.6740451388888888,
        0.6662326388888888,
        0.6768663194444444,
        0.6762152777777778,
        0.6781684027777778,
        0.6868489583333333,
        0.681640625,
        0.6868489583333333,
        0.6905381944444445,
        0.6957465277777778,
        0.6927083333333334,
        0.6966145833333333,
        0.7009548611111112,
        0.705295138888889,
        0.7065972222222222,
        0.7098524305555556,
        0.7115885416666667,
        0.7107204861111112,
        0.7159288194444444,
        0.715060763888889,
        0.7176649305555556,
        0.7198350694444444
    ],
    "test_loss": [],
    "test_acc": []
}