{
    "train_loss": [
        1.3646616898477077,
        1.2981026992201805,
        1.2349687274545431,
        1.1797554213553667,
        1.1390588749200106,
        1.1085403440520167,
        1.0869009224697948,
        1.0681508434936404,
        1.053365527652204,
        1.0402081226930022,
        1.0295426929369569,
        1.0217397902160883,
        1.0112973218783736,
        1.0036429893225431,
        0.9975622473284602,
        0.9903291324153543,
        0.984895178116858,
        0.9791420307010412,
        0.9756175614893436,
        0.9689941667020321,
        0.9646537806838751,
        0.9588640043511987,
        0.9556891759857535,
        0.9500902984291315,
        0.9465878438204527,
        0.941500848159194,
        0.9375515412539244,
        0.9336411729454994,
        0.9284745352342725,
        0.9233753029257059,
        0.918366719968617,
        0.913592136465013,
        0.9084451654925942,
        0.9018768751993775,
        0.895711469464004,
        0.8900041962042451,
        0.8826906103640795,
        0.8777905683964491,
        0.8713196460157633,
        0.8655153196305037,
        0.8595267757773399,
        0.85529531724751,
        0.8500145431607962,
        0.8454308789223433,
        0.8411671482026577,
        0.8360631363466382,
        0.832426693290472,
        0.8282689675688744,
        0.82425382360816,
        0.820902886800468
    ],
    "train_acc": [
        0.32291666666666663,
        0.4227430555555556,
        0.47395833333333326,
        0.5145399305555556,
        0.5358072916666666,
        0.5529513888888888,
        0.5655381944444444,
        0.5844184027777778,
        0.5855034722222222,
        0.5978732638888888,
        0.6002604166666666,
        0.6015625,
        0.6089409722222221,
        0.6095920138888888,
        0.6165364583333333,
        0.6167534722222222,
        0.6245659722222222,
        0.6234809027777778,
        0.626953125,
        0.6334635416666667,
        0.6371527777777778,
        0.6395399305555556,
        0.6432291666666667,
        0.6451822916666666,
        0.6432291666666666,
        0.6488715277777779,
        0.652126736111111,
        0.6551649305555556,
        0.6612413194444444,
        0.6597222222222222,
        0.6651475694444444,
        0.6697048611111112,
        0.6694878472222221,
        0.6742621527777779,
        0.6794704861111112,
        0.6740451388888888,
        0.6818576388888888,
        0.6820746527777778,
        0.6866319444444444,
        0.6855468749999999,
        0.69140625,
        0.6957465277777778,
        0.6953125,
        0.6950954861111112,
        0.6944444444444444,
        0.7020399305555556,
        0.7059461805555556,
        0.7048611111111112,
        0.7105034722222222,
        0.7092013888888888
    ],
    "val_loss": [
        1.3260207660496235,
        1.2586526107043028,
        1.1978195197880268,
        1.1495768502354622,
        1.115346378646791,
        1.0906472709029913,
        1.070478182286024,
        1.0538333300501108,
        1.0386973060667515,
        1.0274294698610902,
        1.016393754631281,
        1.0084844073280692,
        1.0002334462478757,
        0.9923155233263969,
        0.9854680933058262,
        0.9804338635876775,
        0.9742159210145473,
        0.9700074531137943,
        0.9653800427913666,
        0.9594726208597422,
        0.9550551977008581,
        0.9511787202209234,
        0.9481060830876231,
        0.9422160713002086,
        0.939175627194345,
        0.9321767156943679,
        0.9284698385745287,
        0.9229062339290977,
        0.919361962005496,
        0.9133293200284243,
        0.9088351270183921,
        0.9032167429104447,
        0.8971832003444433,
        0.8924777647480369,
        0.8850639164447784,
        0.8811065107584,
        0.8712344663217664,
        0.8649650057777762,
        0.8580998368561268,
        0.8544961893931031,
        0.8484651446342468,
        0.8435456892475486,
        0.8386004939675331,
        0.8335233805701137,
        0.8289396036416292,
        0.8271306604146957,
        0.8213465642184019,
        0.8186888378113508,
        0.8134384220466018,
        0.8084468971937895
    ],
    "val_acc": [
        0.4053819444444444,
        0.462890625,
        0.5069444444444445,
        0.5297309027777777,
        0.556640625,
        0.5651041666666666,
        0.5828993055555556,
        0.5846354166666667,
        0.5987413194444444,
        0.6026475694444444,
        0.609375,
        0.6121961805555556,
        0.6156684027777778,
        0.6184895833333333,
        0.6223958333333333,
        0.62890625,
        0.6273871527777778,
        0.6319444444444444,
        0.6401909722222222,
        0.640625,
        0.6399739583333335,
        0.6469184027777778,
        0.6499565972222222,
        0.6512586805555556,
        0.6551649305555555,
        0.6566840277777777,
        0.6614583333333334,
        0.6636284722222222,
        0.6666666666666667,
        0.6710069444444444,
        0.6716579861111112,
        0.6729600694444444,
        0.6783854166666667,
        0.6792534722222223,
        0.679904513888889,
        0.6864149305555556,
        0.6857638888888888,
        0.6864149305555556,
        0.6920572916666667,
        0.7003038194444444,
        0.7005208333333333,
        0.7005208333333333,
        0.7059461805555556,
        0.7033420138888888,
        0.708984375,
        0.7074652777777778,
        0.7100694444444444,
        0.7159288194444444,
        0.7165798611111112,
        0.7165798611111112
    ],
    "test_loss": [],
    "test_acc": []
}