{
    "train_loss": [
        2.0738103687763214,
        1.9223603010177612,
        2.0002952814102173,
        1.9336451292037964,
        1.8763737082481384,
        1.8752776384353638,
        1.87746062874794,
        1.830766201019287,
        1.8352277278900146,
        1.8462627530097961,
        1.7788967490196228,
        1.8393941223621368,
        1.8013446033000946,
        1.7462772130966187,
        1.7295848727226257,
        1.7910995483398438,
        1.7673085927963257,
        1.7484720647335052,
        1.7643980383872986,
        1.7579492628574371,
        1.7598382532596588,
        1.7538320422172546,
        1.6605623960494995,
        1.7087875306606293,
        1.6846303045749664,
        1.6815183460712433,
        1.6805654466152191,
        1.660722404718399,
        1.6686969995498657,
        1.658843219280243,
        1.645690381526947,
        1.6922647655010223,
        1.6597359776496887,
        1.6208687722682953,
        1.6565082371234894,
        1.6627008318901062,
        1.6107106804847717,
        1.64624485373497,
        1.6443876922130585,
        1.6042236983776093,
        1.598143309354782,
        1.5994035005569458,
        1.5742267072200775,
        1.5769731998443604,
        1.5904615819454193,
        1.5849861800670624,
        1.5666538178920746,
        1.5792571008205414,
        1.5532894134521484,
        1.568880945444107
    ],
    "train_acc": [
        0.6294642857142857,
        0.6190476190476191,
        0.5684523809523809,
        0.6721230158730158,
        0.654265873015873,
        0.632936507936508,
        0.6180555555555556,
        0.689484126984127,
        0.6785714285714286,
        0.6750992063492064,
        0.7038690476190477,
        0.6349206349206349,
        0.6245039682539683,
        0.7276785714285714,
        0.7673611111111112,
        0.6879960317460316,
        0.6989087301587301,
        0.7271825396825398,
        0.7053571428571428,
        0.6949404761904763,
        0.6944444444444444,
        0.6765873015873015,
        0.773809523809524,
        0.7048611111111112,
        0.7837301587301587,
        0.7514880952380952,
        0.769345238095238,
        0.7624007936507936,
        0.8229166666666666,
        0.7693452380952381,
        0.7762896825396824,
        0.7549603174603176,
        0.8015873015873016,
        0.7619047619047619,
        0.7619047619047619,
        0.7509920634920635,
        0.7797619047619047,
        0.7688492063492064,
        0.7867063492063492,
        0.7867063492063492,
        0.7470238095238095,
        0.7827380952380953,
        0.8298611111111112,
        0.8045634920634921,
        0.7827380952380953,
        0.8005952380952381,
        0.8115079365079365,
        0.800595238095238,
        0.7896825396825397,
        0.8253968253968255
    ],
    "val_loss": [
        2.007086753845215,
        1.9864330291748047,
        1.9786909818649292,
        1.9667655229568481,
        1.9554826021194458,
        1.9459201097488403,
        1.9400442838668823,
        1.9348692893981934,
        1.9293959140777588,
        1.925001859664917,
        1.9214860200881958,
        1.9181078672409058,
        1.9160990715026855,
        1.9138407707214355,
        1.913154125213623,
        1.9131771326065063,
        1.9121122360229492,
        1.910810112953186,
        1.9094443321228027,
        1.9070429801940918,
        1.9050854444503784,
        1.9019864797592163,
        1.9002705812454224,
        1.8984904289245605,
        1.896179437637329,
        1.8930169343948364,
        1.8900160789489746,
        1.8875454664230347,
        1.885385513305664,
        1.883893609046936,
        1.8845982551574707,
        1.8841913938522339,
        1.881096363067627,
        1.8784042596817017,
        1.8766603469848633,
        1.8762755393981934,
        1.8752844333648682,
        1.8737337589263916,
        1.8721730709075928,
        1.8718496561050415,
        1.8716286420822144,
        1.8709032535552979,
        1.86813223361969,
        1.8664103746414185,
        1.8651410341262817,
        1.8655472993850708,
        1.8661463260650635,
        1.8679125308990479,
        1.8687888383865356,
        1.8671483993530273
    ],
    "val_acc": [
        0.603448275862069,
        0.6206896551724138,
        0.6206896551724138,
        0.603448275862069,
        0.5689655172413793,
        0.5517241379310345,
        0.5689655172413793,
        0.5689655172413793,
        0.5862068965517241,
        0.5862068965517241,
        0.5862068965517241,
        0.5862068965517241,
        0.5862068965517241,
        0.603448275862069,
        0.603448275862069,
        0.6206896551724138,
        0.6206896551724138,
        0.6206896551724138,
        0.6206896551724138,
        0.6206896551724138,
        0.6206896551724138,
        0.6206896551724138,
        0.6206896551724138,
        0.6206896551724138,
        0.6206896551724138,
        0.6551724137931034,
        0.6551724137931034,
        0.6551724137931034,
        0.6551724137931034,
        0.6551724137931034,
        0.6551724137931034,
        0.6551724137931034,
        0.6551724137931034,
        0.6379310344827587,
        0.6551724137931034,
        0.6551724137931034,
        0.6551724137931034,
        0.6379310344827587,
        0.6551724137931034,
        0.6551724137931034,
        0.6551724137931034,
        0.6551724137931034,
        0.6724137931034483,
        0.6724137931034483,
        0.6896551724137931,
        0.6896551724137931,
        0.6896551724137931,
        0.6896551724137931,
        0.7068965517241379,
        0.7068965517241379
    ],
    "test_loss": [],
    "test_acc": []
}