{
    "train_loss": [
        1.3646958880126476,
        1.2977171707898378,
        1.2330848202109337,
        1.1778659746050835,
        1.1366944778710604,
        1.105087824165821,
        1.0811788765713573,
        1.0624605370685458,
        1.047023231163621,
        1.034241977147758,
        1.0229488844051957,
        1.0125509165227413,
        1.0029401993378997,
        0.9927899595350027,
        0.9838293548673391,
        0.9758516615256667,
        0.9681551838293672,
        0.9599059326574206,
        0.9539185399189591,
        0.9456492997705936,
        0.9381062695756555,
        0.9309084862470627,
        0.9244241947308183,
        0.9168928349390626,
        0.9093076260760427,
        0.9015444573014975,
        0.8946128906682134,
        0.8866254882887006,
        0.8800061102956533,
        0.8726187916472554,
        0.8677231334149837,
        0.8617893550544977,
        0.8536360282450914,
        0.8479113765060902,
        0.8411787180230021,
        0.8365333890542388,
        0.8293049819767475,
        0.8250050218775868,
        0.8196928100660443,
        0.8154761167243123,
        0.8100524609908462,
        0.8042433196678758,
        0.8018451575189829,
        0.7967795422300696,
        0.7933130171149969,
        0.7894781371578574,
        0.7852382129058242,
        0.7799534136429429,
        0.7779697310179472,
        0.7737624021247029
    ],
    "train_acc": [
        0.3207465277777778,
        0.4253472222222222,
        0.4791666666666667,
        0.5125868055555556,
        0.5373263888888888,
        0.55859375,
        0.5711805555555556,
        0.5763888888888888,
        0.58984375,
        0.59765625,
        0.6052517361111112,
        0.6106770833333333,
        0.6137152777777779,
        0.6187065972222222,
        0.6319444444444444,
        0.629123263888889,
        0.6395399305555555,
        0.6430121527777778,
        0.6447482638888888,
        0.6456163194444445,
        0.6525607638888888,
        0.6558159722222223,
        0.6579861111111112,
        0.6595052083333334,
        0.66015625,
        0.6688368055555556,
        0.6723090277777778,
        0.6710069444444444,
        0.677951388888889,
        0.6794704861111112,
        0.6829427083333333,
        0.691623263888889,
        0.695095486111111,
        0.6946614583333333,
        0.701171875,
        0.7005208333333334,
        0.705078125,
        0.7107204861111112,
        0.70703125,
        0.7113715277777777,
        0.7183159722222222,
        0.7172309027777778,
        0.7183159722222222,
        0.71875,
        0.7174479166666667,
        0.7211371527777778,
        0.7241753472222223,
        0.7269965277777778,
        0.7261284722222222,
        0.7300347222222223
    ],
    "val_loss": [
        1.3266187589615583,
        1.2575520519167185,
        1.197787333279848,
        1.148949540220201,
        1.1127051636576653,
        1.0840481892228127,
        1.0653246389701962,
        1.0478186560794711,
        1.032779224216938,
        1.021625442430377,
        1.0099022584035993,
        1.0011552842333913,
        0.9894496975466609,
        0.9809923022985458,
        0.9722208948805928,
        0.9661802547052503,
        0.9560812590643764,
        0.950800085440278,
        0.942822027951479,
        0.9345152201130986,
        0.9263684004545212,
        0.9202651139348745,
        0.911909849382937,
        0.9030378153547645,
        0.8958522938191891,
        0.8884840318933129,
        0.8815031507983804,
        0.8762118425220251,
        0.8697721334174275,
        0.861642362549901,
        0.8546375362202525,
        0.8476681420579553,
        0.841537544503808,
        0.8383915117010474,
        0.8294721487909555,
        0.8245615968480706,
        0.81978281121701,
        0.8119479017332196,
        0.8063208181411028,
        0.8026243476197124,
        0.7988708782941103,
        0.794941833242774,
        0.7923847287893295,
        0.7877131178975105,
        0.7824657466262579,
        0.7758326632902026,
        0.7709972523152828,
        0.7686788588762283,
        0.7633847622200847,
        0.7621836587786674
    ],
    "val_acc": [
        0.40842013888888895,
        0.47243923611111105,
        0.5099826388888888,
        0.5368923611111112,
        0.560546875,
        0.5748697916666666,
        0.578125,
        0.5885416666666666,
        0.5993923611111112,
        0.605685763888889,
        0.6148003472222223,
        0.6154513888888888,
        0.6245659722222223,
        0.6332465277777778,
        0.630859375,
        0.6432291666666666,
        0.6436631944444444,
        0.6473524305555556,
        0.6519097222222223,
        0.65625,
        0.6599392361111112,
        0.6590711805555555,
        0.662109375,
        0.6677517361111112,
        0.6733940972222222,
        0.6742621527777777,
        0.6753472222222221,
        0.6790364583333333,
        0.6853298611111112,
        0.6859809027777778,
        0.6927083333333334,
        0.697265625,
        0.701388888888889,
        0.7033420138888888,
        0.7057291666666666,
        0.7105034722222223,
        0.7135416666666666,
        0.7159288194444444,
        0.7180989583333333,
        0.720703125,
        0.7211371527777778,
        0.7209201388888888,
        0.7239583333333334,
        0.7272135416666667,
        0.7311197916666667,
        0.7276475694444444,
        0.7361111111111112,
        0.7348090277777778,
        0.7361111111111112,
        0.7319878472222221
    ],
    "test_loss": [],
    "test_acc": []
}