{
    "train_loss": [
        2.4088555425405502,
        2.155395060777664,
        2.0681817159056664,
        2.0146973859518766,
        1.9724810775369406,
        1.9408275596797466,
        1.9173156674951315,
        1.8963264767080545,
        1.876275124028325,
        1.8593489583581686,
        1.844900630414486,
        1.8309956323355436,
        1.816671835258603,
        1.803825095295906,
        1.7892637178301811,
        1.7784145586192608,
        1.7688297145068645,
        1.757165415212512,
        1.7484416048973799,
        1.7372727580368519,
        1.726108057424426,
        1.7150113750249147,
        1.707562118768692,
        1.700340710580349,
        1.692157331854105,
        1.6872810944914818,
        1.6744012907147408,
        1.6706830319017172,
        1.6618084087967873,
        1.6542202439159155,
        1.6484350431710482,
        1.640901368111372,
        1.629996869713068,
        1.6231417451053858,
        1.6175633016973734,
        1.6094820275902748,
        1.6024268884211779,
        1.5950886700302362,
        1.5880545191466808,
        1.5801990441977978,
        1.5731965024024248,
        1.5644561052322388,
        1.5583829991519451,
        1.5514987409114838,
        1.543637439608574,
        1.533202439546585,
        1.5268674436956644,
        1.520523464307189,
        1.5183785650879145,
        1.5029621366411448
    ],
    "train_acc": [
        0.3107638888888889,
        0.4207899305555556,
        0.49197048611111105,
        0.5266927083333333,
        0.5716145833333333,
        0.5896267361111112,
        0.6041666666666667,
        0.6115451388888888,
        0.6228298611111112,
        0.632595486111111,
        0.6458333333333333,
        0.6519097222222222,
        0.654296875,
        0.6647135416666667,
        0.6714409722222222,
        0.6749131944444444,
        0.6792534722222222,
        0.6879340277777778,
        0.6968315972222222,
        0.6983506944444444,
        0.704861111111111,
        0.7118055555555556,
        0.7165798611111112,
        0.716796875,
        0.7211371527777778,
        0.7296006944444444,
        0.732204861111111,
        0.7309027777777779,
        0.7374131944444444,
        0.7332899305555555,
        0.7443576388888888,
        0.7369791666666667,
        0.7445746527777778,
        0.7454427083333334,
        0.7493489583333334,
        0.7534722222222223,
        0.7484809027777777,
        0.7528211805555556,
        0.7532552083333333,
        0.7562934027777777,
        0.7562934027777778,
        0.7619357638888888,
        0.7634548611111112,
        0.7608506944444444,
        0.7712673611111112,
        0.7654079861111112,
        0.7645399305555556,
        0.7723524305555556,
        0.7730034722222222,
        0.7686631944444444
    ],
    "val_loss": [
        2.2116811834275723,
        2.090307680889964,
        2.0243236124515533,
        1.986529653891921,
        1.9389422293752432,
        1.91475629247725,
        1.8949011415243149,
        1.8728348538279533,
        1.8553418945521116,
        1.8434589952230453,
        1.8260817117989063,
        1.8077298514544964,
        1.7940376829355955,
        1.779820516705513,
        1.773004975169897,
        1.7615041211247444,
        1.7446405366063118,
        1.7432078700512648,
        1.7238079365342855,
        1.716867309063673,
        1.7083084713667631,
        1.694757079705596,
        1.6990256551653147,
        1.692573543637991,
        1.6711937598884106,
        1.670065214857459,
        1.6559695657342672,
        1.6502759400755167,
        1.6416323110461235,
        1.6345134302973747,
        1.6305443905293941,
        1.615386301651597,
        1.6112765278667212,
        1.604353317990899,
        1.5962098091840744,
        1.5932766739279032,
        1.5858570076525211,
        1.5726690720766783,
        1.5734607707709074,
        1.5600715056061745,
        1.5530601162463427,
        1.5440174601972103,
        1.5442587733268738,
        1.528867281973362,
        1.522708086296916,
        1.5090012848377228,
        1.5076652877032757,
        1.4979385882616043,
        1.4956876412034035,
        1.4802306182682514
    ],
    "val_acc": [
        0.39626736111111116,
        0.4557291666666667,
        0.5251736111111112,
        0.5614149305555556,
        0.5911458333333334,
        0.6019965277777778,
        0.6165364583333333,
        0.6202256944444444,
        0.6345486111111112,
        0.6495225694444444,
        0.6584201388888888,
        0.6644965277777778,
        0.6694878472222223,
        0.6751302083333333,
        0.6870659722222223,
        0.6864149305555556,
        0.6907552083333333,
        0.6996527777777778,
        0.7063802083333334,
        0.7100694444444444,
        0.7180989583333333,
        0.7215711805555556,
        0.7241753472222223,
        0.7274305555555556,
        0.7317708333333333,
        0.7380642361111112,
        0.7365451388888888,
        0.7469618055555556,
        0.7424045138888888,
        0.7471788194444444,
        0.7497829861111112,
        0.7508680555555556,
        0.75390625,
        0.7578125,
        0.7584635416666667,
        0.7569444444444444,
        0.7578125,
        0.7651909722222223,
        0.7680121527777778,
        0.7606336805555556,
        0.7723524305555556,
        0.7712673611111112,
        0.7756076388888888,
        0.7725694444444444,
        0.7762586805555556,
        0.7706163194444444,
        0.7719184027777778,
        0.7788628472222222,
        0.7784288194444445,
        0.7766927083333334
    ],
    "test_loss": [],
    "test_acc": []
}