{
    "train_loss": [
        2.1035927683115005,
        2.0298963896930218,
        1.993346868082881,
        1.9658904317766428,
        1.9425950478762388,
        1.9245463237166405,
        1.910584196448326,
        1.889676135033369,
        1.8760962672531605,
        1.865397110581398,
        1.8483042530715466,
        1.8410572037100792,
        1.8229701202362776,
        1.8138170074671507,
        1.8007170781493187,
        1.7873165793716908,
        1.7759937345981598,
        1.767111960798502,
        1.7566306572407484,
        1.7462459318339825,
        1.7351095154881477,
        1.72258055023849,
        1.712532851845026,
        1.7035009544342756,
        1.6981849689036608,
        1.6849853042513132,
        1.6797992140054703,
        1.6689133886247873,
        1.6581520792096853,
        1.6525519713759422,
        1.6427048780024052,
        1.6382360067218542,
        1.6238573268055916,
        1.6181650962680578,
        1.60952409170568,
        1.6017953902482986,
        1.5908732507377863,
        1.5820194259285927,
        1.5766138695180416,
        1.5653889868408442,
        1.5595172066241503,
        1.5474960282444954,
        1.5383084025233984,
        1.5326338112354279,
        1.522767024114728,
        1.5113058034330606,
        1.5070493314415216,
        1.4951087515801191,
        1.4895616360008717,
        1.4796219021081924
    ],
    "train_acc": [
        0.3151041666666667,
        0.4066840277777778,
        0.4552951388888889,
        0.4871961805555556,
        0.5219184027777778,
        0.5347222222222222,
        0.5466579861111112,
        0.5601128472222223,
        0.5759548611111112,
        0.5902777777777777,
        0.6080729166666667,
        0.6202256944444444,
        0.6380208333333334,
        0.6404079861111112,
        0.6506076388888888,
        0.6651475694444444,
        0.6751302083333333,
        0.6755642361111112,
        0.6903211805555556,
        0.6981336805555556,
        0.70703125,
        0.7098524305555556,
        0.7092013888888888,
        0.7115885416666666,
        0.7276475694444444,
        0.7280815972222222,
        0.7315538194444444,
        0.7328559027777777,
        0.736328125,
        0.7411024305555556,
        0.7428385416666666,
        0.7439236111111112,
        0.7476128472222222,
        0.7493489583333333,
        0.7489149305555556,
        0.7545572916666667,
        0.7536892361111112,
        0.7599826388888888,
        0.7569444444444444,
        0.7606336805555556,
        0.7617187500000001,
        0.7669270833333334,
        0.76953125,
        0.7706163194444444,
        0.7628038194444444,
        0.7710503472222223,
        0.7721354166666667,
        0.7717013888888888,
        0.7730034722222222,
        0.7762586805555556
    ],
    "val_loss": [
        2.037354037165642,
        2.0012038461863995,
        1.9675725474953651,
        1.9421192556619644,
        1.923072136938572,
        1.9055992756038904,
        1.8848373629152775,
        1.8699829149991274,
        1.854565866291523,
        1.8449441343545914,
        1.8292337767779827,
        1.8178288526833057,
        1.8067906126379967,
        1.7944560926407576,
        1.7749755922704935,
        1.7706317771226168,
        1.757640341296792,
        1.7456878032535315,
        1.7463542558252811,
        1.7212174106389284,
        1.7126359660178423,
        1.700828317552805,
        1.6891215965151787,
        1.681484429165721,
        1.6711340676993132,
        1.6668222807347775,
        1.6558296643197536,
        1.658190593123436,
        1.6381999533623457,
        1.6318573504686356,
        1.6268020756542683,
        1.6086299549788237,
        1.5983948968350887,
        1.5982257947325706,
        1.5853563994169235,
        1.5725411921739578,
        1.5625562500208616,
        1.5592816453427076,
        1.548782305791974,
        1.5393585730344057,
        1.5347089730203152,
        1.528138641268015,
        1.5117873810231686,
        1.502036640420556,
        1.4990263972431421,
        1.4888707678765059,
        1.4794089160859585,
        1.4783332329243422,
        1.4628610834479332,
        1.4446722120046616
    ],
    "val_acc": [
        0.4016927083333333,
        0.45768229166666663,
        0.4917534722222222,
        0.5232204861111112,
        0.5381944444444444,
        0.5536024305555556,
        0.5731336805555556,
        0.5915798611111112,
        0.60546875,
        0.6213107638888888,
        0.6299913194444444,
        0.6443142361111112,
        0.6440972222222222,
        0.6590711805555556,
        0.6783854166666666,
        0.6829427083333334,
        0.6959635416666667,
        0.6985677083333333,
        0.7035590277777778,
        0.7189670138888888,
        0.7224392361111112,
        0.7213541666666667,
        0.7293836805555556,
        0.7302517361111112,
        0.7350260416666667,
        0.7398003472222223,
        0.7478298611111112,
        0.7456597222222222,
        0.7560763888888888,
        0.7571614583333333,
        0.7591145833333333,
        0.7562934027777777,
        0.7547743055555556,
        0.7608506944444444,
        0.7643229166666667,
        0.7677951388888888,
        0.7738715277777778,
        0.7712673611111112,
        0.773654513888889,
        0.7740885416666667,
        0.7697482638888888,
        0.7788628472222222,
        0.7769097222222222,
        0.7769097222222222,
        0.7808159722222222,
        0.7836371527777778,
        0.7829861111111112,
        0.7821180555555556,
        0.7892795138888888,
        0.7849392361111112
    ],
    "test_loss": [],
    "test_acc": []
}