{
    "train_loss": [
        1.7363410592079163,
        1.8045142889022827,
        1.6218739748001099,
        1.5665603280067444,
        1.5502577126026154,
        1.595589816570282,
        1.5591073036193848,
        1.5670812129974365,
        1.50361567735672,
        1.525696188211441,
        1.5211771428585052,
        1.5014059245586395,
        1.459897130727768,
        1.4923799335956573,
        1.4143146872520447,
        1.484707623720169,
        1.452659159898758,
        1.43695530295372,
        1.401153713464737,
        1.3897231817245483,
        1.408330500125885,
        1.4249499440193176,
        1.3930605053901672,
        1.4314886331558228,
        1.375892162322998,
        1.3782937228679657,
        1.3233201205730438,
        1.3037578761577606,
        1.3331048488616943,
        1.2897037863731384,
        1.3310332298278809,
        1.342303067445755,
        1.2646425068378448,
        1.3102252781391144,
        1.2782142162322998,
        1.3226096630096436,
        1.3106709122657776,
        1.2719926536083221,
        1.2785829305648804,
        1.259708970785141,
        1.2420567870140076,
        1.2540912926197052,
        1.2259653806686401,
        1.2576106786727905,
        1.2254729270935059,
        1.2531189024448395,
        1.2383281588554382,
        1.2061952948570251,
        1.2214539647102356,
        1.2415148317813873
    ],
    "train_acc": [
        0.691468253968254,
        0.6731150793650793,
        0.7663690476190476,
        0.7197420634920635,
        0.7624007936507936,
        0.7514880952380952,
        0.7767857142857143,
        0.7371031746031746,
        0.7514880952380952,
        0.761904761904762,
        0.7733134920634921,
        0.7797619047619047,
        0.7688492063492064,
        0.783234126984127,
        0.8045634920634921,
        0.800595238095238,
        0.7648809523809523,
        0.7971230158730158,
        0.818452380952381,
        0.8258928571428572,
        0.8005952380952381,
        0.7971230158730158,
        0.8179563492063492,
        0.8179563492063492,
        0.8000992063492064,
        0.8219246031746031,
        0.8328373015873016,
        0.8432539682539681,
        0.8214285714285714,
        0.8288690476190476,
        0.8288690476190476,
        0.7896825396825397,
        0.8432539682539681,
        0.8501984126984128,
        0.8179563492063492,
        0.8283730158730158,
        0.8283730158730158,
        0.8536706349206349,
        0.8571428571428572,
        0.8467261904761905,
        0.8000992063492063,
        0.8427579365079365,
        0.8640873015873016,
        0.8854166666666667,
        0.8640873015873016,
        0.845734126984127,
        0.8427579365079365,
        0.8670634920634921,
        0.8526785714285714,
        0.8387896825396826
    ],
    "val_loss": [
        1.7353785037994385,
        1.721562385559082,
        1.71315598487854,
        1.7106051445007324,
        1.7011971473693848,
        1.688319206237793,
        1.6752140522003174,
        1.665640115737915,
        1.6587328910827637,
        1.6556299924850464,
        1.6504268646240234,
        1.6455819606781006,
        1.6464076042175293,
        1.642183542251587,
        1.642047643661499,
        1.6385087966918945,
        1.6331108808517456,
        1.6302379369735718,
        1.6213159561157227,
        1.6190688610076904,
        1.6134417057037354,
        1.6110836267471313,
        1.607552170753479,
        1.6052603721618652,
        1.6025810241699219,
        1.5967010259628296,
        1.593029260635376,
        1.5912305116653442,
        1.592551350593567,
        1.587660789489746,
        1.5846781730651855,
        1.5791231393814087,
        1.573059320449829,
        1.570741057395935,
        1.5681676864624023,
        1.564802885055542,
        1.5630600452423096,
        1.559485912322998,
        1.5560648441314697,
        1.549853801727295,
        1.5436468124389648,
        1.5378899574279785,
        1.5321540832519531,
        1.528122901916504,
        1.5291876792907715,
        1.5284197330474854,
        1.526066541671753,
        1.5219407081604004,
        1.5214594602584839,
        1.5190010070800781
    ],
    "val_acc": [
        0.7586206896551724,
        0.7586206896551724,
        0.7586206896551724,
        0.7586206896551724,
        0.7586206896551724,
        0.7586206896551724,
        0.7586206896551724,
        0.7758620689655172,
        0.7758620689655172,
        0.7586206896551724,
        0.7931034482758621,
        0.7586206896551724,
        0.7586206896551724,
        0.7586206896551724,
        0.7413793103448276,
        0.7413793103448276,
        0.7413793103448276,
        0.7413793103448276,
        0.7586206896551724,
        0.7586206896551724,
        0.7586206896551724,
        0.7586206896551724,
        0.7586206896551724,
        0.7586206896551724,
        0.7586206896551724,
        0.7586206896551724,
        0.7586206896551724,
        0.7586206896551724,
        0.7586206896551724,
        0.7586206896551724,
        0.7586206896551724,
        0.7586206896551724,
        0.7586206896551724,
        0.7586206896551724,
        0.7586206896551724,
        0.7586206896551724,
        0.7586206896551724,
        0.7586206896551724,
        0.7586206896551724,
        0.7586206896551724,
        0.7586206896551724,
        0.7758620689655172,
        0.7586206896551724,
        0.7586206896551724,
        0.7586206896551724,
        0.7586206896551724,
        0.7586206896551724,
        0.7586206896551724,
        0.7586206896551724,
        0.7931034482758621
    ],
    "test_loss": [],
    "test_acc": []
}