{
    "train_loss": [
        2.0415264070034027,
        1.9924727380275726,
        2.0372494757175446,
        1.950936883687973,
        2.031415432691574,
        1.96406689286232,
        1.9894718527793884,
        1.9083793461322784,
        1.9165907800197601,
        1.9054071307182312,
        1.9209037721157074,
        1.9415910243988037,
        1.8835019171237946,
        1.9355491399765015,
        1.9568936228752136,
        1.900010496377945,
        1.918574035167694,
        1.9193953573703766,
        1.8537866175174713,
        1.8709530532360077,
        1.8908082246780396,
        1.8401638269424438,
        1.860267847776413,
        1.9054186046123505,
        1.833090901374817,
        1.8095570802688599,
        1.8243761956691742,
        1.8434523046016693,
        1.8644608557224274,
        1.8306046724319458,
        1.81850066781044,
        1.8185739815235138,
        1.7969499826431274,
        1.8024165332317352,
        1.7792412638664246,
        1.777657687664032,
        1.7683002054691315,
        1.7601447999477386,
        1.854825496673584,
        1.7957034409046173,
        1.8105246126651764,
        1.7819793820381165,
        1.7639542520046234,
        1.729670763015747,
        1.7444629073143005,
        1.7426733076572418,
        1.7326059639453888,
        1.7622298002243042,
        1.74083411693573,
        1.7126281261444092
    ],
    "train_acc": [
        0.6125992063492064,
        0.6091269841269841,
        0.5838293650793651,
        0.5877976190476191,
        0.5406746031746031,
        0.597718253968254,
        0.5942460317460317,
        0.6552579365079365,
        0.6512896825396826,
        0.6438492063492064,
        0.6225198412698413,
        0.5902777777777778,
        0.6334325396825397,
        0.6111111111111112,
        0.6081349206349207,
        0.628968253968254,
        0.632936507936508,
        0.6145833333333334,
        0.6899801587301588,
        0.6681547619047619,
        0.6359126984126984,
        0.6721230158730158,
        0.6359126984126984,
        0.6319444444444444,
        0.7003968253968255,
        0.6964285714285714,
        0.6641865079365079,
        0.6785714285714286,
        0.621031746031746,
        0.6820436507936508,
        0.6458333333333334,
        0.660218253968254,
        0.6964285714285714,
        0.6676587301587301,
        0.724702380952381,
        0.6780753968253969,
        0.7212301587301587,
        0.7316468253968255,
        0.6706349206349207,
        0.6924603174603174,
        0.6706349206349207,
        0.6671626984126984,
        0.7028769841269842,
        0.7569444444444444,
        0.7028769841269842,
        0.6884920634920635,
        0.7028769841269842,
        0.6884920634920635,
        0.7098214285714286,
        0.7137896825396826
    ],
    "val_loss": [
        2.124904155731201,
        2.1006689071655273,
        2.093343496322632,
        2.089496612548828,
        2.083519220352173,
        2.0771079063415527,
        2.0690431594848633,
        2.0635054111480713,
        2.0597236156463623,
        2.0576276779174805,
        2.057361364364624,
        2.0553951263427734,
        2.0521674156188965,
        2.0492756366729736,
        2.0478718280792236,
        2.045198678970337,
        2.0449068546295166,
        2.042917490005493,
        2.0415117740631104,
        2.0425240993499756,
        2.041482925415039,
        2.042003870010376,
        2.0409469604492188,
        2.0389597415924072,
        2.039095401763916,
        2.0383307933807373,
        2.0360610485076904,
        2.036391496658325,
        2.0353872776031494,
        2.0333266258239746,
        2.033205986022949,
        2.0326924324035645,
        2.0330326557159424,
        2.032764196395874,
        2.032834529876709,
        2.0319433212280273,
        2.0318222045898438,
        2.0318257808685303,
        2.0322039127349854,
        2.0315802097320557,
        2.0309886932373047,
        2.0301666259765625,
        2.02880859375,
        2.0282530784606934,
        2.0264501571655273,
        2.0239980220794678,
        2.022681713104248,
        2.0217883586883545,
        2.021394729614258,
        2.020524501800537
    ],
    "val_acc": [
        0.6206896551724138,
        0.6551724137931034,
        0.6724137931034483,
        0.6724137931034483,
        0.6724137931034483,
        0.6896551724137931,
        0.6896551724137931,
        0.6896551724137931,
        0.6896551724137931,
        0.6896551724137931,
        0.6724137931034483,
        0.6724137931034483,
        0.6724137931034483,
        0.6896551724137931,
        0.6724137931034483,
        0.7068965517241379,
        0.6896551724137931,
        0.7068965517241379,
        0.7068965517241379,
        0.6896551724137931,
        0.7068965517241379,
        0.7068965517241379,
        0.7068965517241379,
        0.7068965517241379,
        0.7068965517241379,
        0.7068965517241379,
        0.7068965517241379,
        0.7068965517241379,
        0.7068965517241379,
        0.6896551724137931,
        0.6896551724137931,
        0.6896551724137931,
        0.6896551724137931,
        0.6896551724137931,
        0.6896551724137931,
        0.6896551724137931,
        0.6896551724137931,
        0.6896551724137931,
        0.6896551724137931,
        0.6896551724137931,
        0.6896551724137931,
        0.6896551724137931,
        0.6896551724137931,
        0.6896551724137931,
        0.7068965517241379,
        0.7068965517241379,
        0.7068965517241379,
        0.7068965517241379,
        0.7068965517241379,
        0.7241379310344828
    ],
    "test_loss": [],
    "test_acc": []
}