{
    "train_loss": [
        2.10628105700016,
        2.03414005972445,
        2.0002385899424553,
        1.973953926935792,
        1.9539628084748983,
        1.93824521638453,
        1.9215177427977324,
        1.9085763581097126,
        1.896809358149767,
        1.8839476089924574,
        1.8740418702363968,
        1.8648188803344965,
        1.8525593876838684,
        1.8447152320295572,
        1.8331418950110674,
        1.8234600629657507,
        1.8145664185285568,
        1.8064042162150145,
        1.7954628095030785,
        1.786021649837494,
        1.7767927702516317,
        1.767857313156128,
        1.7603451870381832,
        1.7543956954032183,
        1.7427780460566282,
        1.732890399172902,
        1.7248470950871706,
        1.7147526238113642,
        1.7078770566731691,
        1.7004198729991913,
        1.6904402300715446,
        1.6835714988410473,
        1.6693129409104586,
        1.6649663392454386,
        1.6570452973246574,
        1.6459980960935354,
        1.6372059974819422,
        1.6295775696635246,
        1.6264922861009836,
        1.6146777365356684,
        1.6022302471101284,
        1.593940807506442,
        1.5865365080535412,
        1.5760971065610647,
        1.5670019574463367,
        1.5593703761696815,
        1.5494593773037195,
        1.5378471482545137,
        1.5318103712052107,
        1.5253990050405264
    ],
    "train_acc": [
        0.32096354166666663,
        0.4092881944444444,
        0.46354166666666663,
        0.484375,
        0.5052083333333334,
        0.525390625,
        0.5414496527777778,
        0.5570746527777778,
        0.5666232638888888,
        0.5729166666666667,
        0.5844184027777778,
        0.5911458333333334,
        0.5961371527777778,
        0.607421875,
        0.6169704861111112,
        0.6315104166666666,
        0.6286892361111112,
        0.6338975694444445,
        0.6432291666666667,
        0.658203125,
        0.6668836805555556,
        0.6686197916666666,
        0.6746961805555556,
        0.6762152777777777,
        0.677734375,
        0.6927083333333333,
        0.6894531250000001,
        0.6970486111111112,
        0.6963975694444444,
        0.69921875,
        0.7039930555555556,
        0.7044270833333334,
        0.7076822916666667,
        0.7113715277777778,
        0.7083333333333334,
        0.7161458333333333,
        0.7211371527777777,
        0.718532986111111,
        0.7265625,
        0.7202690972222223,
        0.7265625,
        0.73046875,
        0.7265625,
        0.7315538194444444,
        0.7330729166666667,
        0.7356770833333333,
        0.7374131944444444,
        0.7400173611111112,
        0.7352430555555556,
        0.736328125
    ],
    "val_loss": [
        2.041702590882778,
        2.0054113045334816,
        1.975322414189577,
        1.9534245729446411,
        1.9318301919847727,
        1.9164520371705294,
        1.90105165168643,
        1.8898756355047226,
        1.8824104014784098,
        1.865269374102354,
        1.8562857955694199,
        1.8477982189506292,
        1.8302078302949667,
        1.8217214085161686,
        1.8118706829845905,
        1.810153555124998,
        1.79379303753376,
        1.7804212551563978,
        1.7763171438127756,
        1.7638933155685663,
        1.7602574434131384,
        1.7446620799601078,
        1.7379063218832016,
        1.7269809935241938,
        1.7158287819474936,
        1.713172558695078,
        1.7100950852036476,
        1.6917363442480564,
        1.6829048115760088,
        1.6775717753916979,
        1.6640783958137035,
        1.6595725622028112,
        1.6503866240382195,
        1.6419494021683931,
        1.631923956796527,
        1.6246278677135706,
        1.6149281691759825,
        1.6090370994061232,
        1.6047645043581724,
        1.5899031516164541,
        1.5763935130089521,
        1.5689820665866137,
        1.5599695965647697,
        1.553712960332632,
        1.5424266811460257,
        1.5316294580698013,
        1.532127195969224,
        1.5117964297533035,
        1.5065230298787355,
        1.5034576058387756
    ],
    "val_acc": [
        0.3980034722222222,
        0.4544270833333333,
        0.49609375,
        0.513671875,
        0.5288628472222222,
        0.5533854166666666,
        0.5659722222222222,
        0.5809461805555556,
        0.585720486111111,
        0.5896267361111112,
        0.6000434027777777,
        0.6148003472222222,
        0.6189236111111112,
        0.6336805555555556,
        0.6334635416666666,
        0.6349826388888888,
        0.6493055555555556,
        0.6534288194444444,
        0.6714409722222223,
        0.673828125,
        0.6796875,
        0.6851128472222222,
        0.6924913194444444,
        0.6953125,
        0.7018229166666667,
        0.7000868055555556,
        0.7044270833333333,
        0.7105034722222222,
        0.7118055555555556,
        0.7170138888888888,
        0.7267795138888888,
        0.718532986111111,
        0.7198350694444444,
        0.7248263888888888,
        0.7315538194444444,
        0.7306857638888888,
        0.734375,
        0.7330729166666667,
        0.7341579861111112,
        0.7335069444444444,
        0.732421875,
        0.7404513888888888,
        0.7434895833333334,
        0.7471788194444444,
        0.7541232638888888,
        0.7421875,
        0.7473958333333333,
        0.75,
        0.7489149305555556,
        0.7523871527777778
    ],
    "test_loss": [],
    "test_acc": []
}