{
    "train_loss": [
        1.3648374993354082,
        1.310765253379941,
        1.2659344114363194,
        1.2272899243980646,
        1.19790961407125,
        1.1734444666653872,
        1.1490697748959064,
        1.1304522305727005,
        1.115371554158628,
        1.1005291817709804,
        1.0874400157481432,
        1.0738494945690036,
        1.061168184503913,
        1.0507451267912984,
        1.0395093280822039,
        1.027605053037405,
        1.015272037126124,
        1.0029566567391157,
        0.9919313946738839,
        0.9816747643053532,
        0.9699052181094885,
        0.9617396546527743,
        0.9512714967131615,
        0.9418866410851479,
        0.9355141511186957,
        0.9252669485285878,
        0.9173202030360699,
        0.9081991938874125,
        0.9001702470704913,
        0.8951345616951585,
        0.8891416741535068,
        0.8826978821307421,
        0.8770149862393737,
        0.8713436312973499,
        0.864763262681663,
        0.8587414426729083,
        0.8545196084305644,
        0.8491263659670949,
        0.8443590607494116,
        0.8403808856382966,
        0.8368271803483367,
        0.8319069817662239,
        0.8287834115326405,
        0.8254839861765504,
        0.8204635670408607,
        0.8191381096839905,
        0.814831092953682,
        0.812474962323904,
        0.8075563171878457,
        0.804072211496532
    ],
    "train_acc": [
        0.3218315972222222,
        0.4090711805555555,
        0.4520399305555556,
        0.4678819444444444,
        0.4937065972222222,
        0.5182291666666666,
        0.5299479166666666,
        0.54296875,
        0.5544704861111112,
        0.5679253472222222,
        0.5737847222222222,
        0.5835503472222222,
        0.5924479166666667,
        0.607421875,
        0.615451388888889,
        0.615234375,
        0.6282552083333333,
        0.6393229166666667,
        0.6406250000000001,
        0.6553819444444445,
        0.6495225694444444,
        0.6508246527777777,
        0.6686197916666666,
        0.6694878472222222,
        0.6629774305555556,
        0.6746961805555556,
        0.6799045138888888,
        0.6805555555555556,
        0.6827256944444444,
        0.6905381944444444,
        0.6918402777777779,
        0.6944444444444444,
        0.6979166666666667,
        0.7020399305555556,
        0.697048611111111,
        0.7026909722222223,
        0.7055121527777777,
        0.7078993055555555,
        0.70703125,
        0.7109375,
        0.7111545138888888,
        0.7150607638888888,
        0.7174479166666667,
        0.7146267361111112,
        0.715060763888889,
        0.7217881944444444,
        0.7150607638888888,
        0.7170138888888888,
        0.7274305555555556,
        0.7265625
    ],
    "val_loss": [
        1.3257778864353895,
        1.2788128964602947,
        1.2351196315139532,
        1.2009211890399456,
        1.1736157946288586,
        1.1483687600120902,
        1.1281711962074041,
        1.1103639472275972,
        1.0951025038957596,
        1.08188939653337,
        1.0693293921649456,
        1.0566826425492764,
        1.0448782499879599,
        1.0330651421099901,
        1.0220214063301682,
        1.0118372421711683,
        0.9996151309460402,
        0.9845091588795185,
        0.9741403684020042,
        0.9641257170587778,
        0.9547821898013353,
        0.9436875861138105,
        0.9365288075059652,
        0.928953567519784,
        0.9171199267730117,
        0.9086170261725783,
        0.9020555391907692,
        0.8941072635352612,
        0.8863713089376688,
        0.8793349750339985,
        0.8740106085315347,
        0.8662101170048118,
        0.8611203143373132,
        0.854807018302381,
        0.850077542476356,
        0.8437991105020046,
        0.8401571670547128,
        0.8332664491608739,
        0.8311646273359656,
        0.8265552641823888,
        0.8234531972557306,
        0.8176499232649803,
        0.8149541281163692,
        0.8096346519887447,
        0.8089593704789877,
        0.8047651378437877,
        0.798553416505456,
        0.7951779961585999,
        0.7933690091595054,
        0.7903169104829431
    ],
    "val_acc": [
        0.39626736111111105,
        0.45138888888888895,
        0.47005208333333326,
        0.5,
        0.515407986111111,
        0.5310329861111112,
        0.5464409722222223,
        0.5616319444444444,
        0.5737847222222221,
        0.5842013888888888,
        0.5911458333333333,
        0.5987413194444444,
        0.6095920138888888,
        0.6174045138888888,
        0.625,
        0.634765625,
        0.6391059027777778,
        0.650390625,
        0.65625,
        0.6642795138888888,
        0.6688368055555556,
        0.6688368055555555,
        0.6703559027777777,
        0.66796875,
        0.6840277777777778,
        0.6875,
        0.6885850694444444,
        0.691623263888889,
        0.6927083333333333,
        0.7018229166666666,
        0.7055121527777777,
        0.7061631944444444,
        0.7046440972222221,
        0.7096354166666665,
        0.7131076388888888,
        0.7144097222222223,
        0.7135416666666666,
        0.7180989583333333,
        0.7222222222222222,
        0.7235243055555556,
        0.7276475694444444,
        0.724826388888889,
        0.7263454861111112,
        0.7309027777777778,
        0.7291666666666667,
        0.732638888888889,
        0.7317708333333333,
        0.7350260416666666,
        0.7300347222222222,
        0.7378472222222222
    ],
    "test_loss": [],
    "test_acc": []
}