{
    "train_loss": [
        1.3645562790334225,
        1.300519347190857,
        1.2370481360703707,
        1.1799550596624613,
        1.1378740034997463,
        1.107094450853765,
        1.083806644193828,
        1.0645066294819117,
        1.0486952662467957,
        1.0359394634142518,
        1.024948232807219,
        1.0133863370865583,
        1.0023349486291409,
        0.994534651748836,
        0.9831211287528276,
        0.9759225528687239,
        0.9690113076940179,
        0.9622940067201853,
        0.9540647566318512,
        0.9480918878689408,
        0.9408220602199435,
        0.9345973264425993,
        0.9268323918804526,
        0.9207655778154731,
        0.9133988097310066,
        0.9047385705634952,
        0.8976126685738564,
        0.8908318551257253,
        0.884262265637517,
        0.8771907649934292,
        0.8700511856004596,
        0.8657032176852226,
        0.8584958603605628,
        0.8526338739320636,
        0.8464766433462501,
        0.8434511888772249,
        0.8354739090427756,
        0.8293211348354816,
        0.8261717958375812,
        0.8201230373233557,
        0.8144070636481047,
        0.8096798919141293,
        0.8043965175747871,
        0.7987914914265275,
        0.7965417867526412,
        0.7918286537751555,
        0.7865423625335097,
        0.7816058304160833,
        0.7786623733118176,
        0.7754545630887151
    ],
    "train_acc": [
        0.3185763888888889,
        0.4286024305555556,
        0.4741753472222222,
        0.5197482638888888,
        0.5462239583333333,
        0.5627170138888888,
        0.5729166666666667,
        0.5805121527777778,
        0.5911458333333334,
        0.5928819444444445,
        0.599609375,
        0.6137152777777777,
        0.6180555555555555,
        0.6217447916666667,
        0.6276041666666666,
        0.6295572916666666,
        0.6332465277777777,
        0.6401909722222222,
        0.6404079861111112,
        0.6432291666666666,
        0.6469184027777778,
        0.650390625,
        0.6538628472222223,
        0.6566840277777778,
        0.6586371527777777,
        0.6644965277777778,
        0.6681857638888888,
        0.6690538194444444,
        0.67578125,
        0.6762152777777778,
        0.6792534722222223,
        0.6818576388888888,
        0.68359375,
        0.689670138888889,
        0.6948784722222223,
        0.6970486111111112,
        0.6983506944444444,
        0.7037760416666666,
        0.7048611111111112,
        0.7063802083333333,
        0.713107638888889,
        0.7146267361111112,
        0.7139756944444445,
        0.720703125,
        0.7228732638888888,
        0.7174479166666667,
        0.7243923611111112,
        0.7259114583333333,
        0.7269965277777778,
        0.7272135416666667
    ],
    "val_loss": [
        1.3273998107761145,
        1.261957049369812,
        1.2007305957376957,
        1.1500382758677006,
        1.1126873763278127,
        1.08682821970433,
        1.0673214923590422,
        1.0494076404720545,
        1.0353891225531697,
        1.0215922500938177,
        1.0107481330633163,
        0.9985259398818016,
        0.9897812232375145,
        0.9812522064894438,
        0.9730693399906158,
        0.9650774104520679,
        0.9566495772451162,
        0.9494184041395783,
        0.9433248760178685,
        0.936080189421773,
        0.9305643998086452,
        0.9236673843115568,
        0.9148162016645074,
        0.9090370126068592,
        0.8996282545849681,
        0.8929754700511694,
        0.8870151741430163,
        0.8810093495994806,
        0.8704893849790096,
        0.8637192994356155,
        0.8593702549114823,
        0.8495325809344649,
        0.8464294793084264,
        0.8417804185301065,
        0.8343545692041516,
        0.8324172319844365,
        0.8233046596869826,
        0.8157579377293587,
        0.8118990175426006,
        0.8100153114646673,
        0.8028080565854907,
        0.7970272339880466,
        0.7953987093642354,
        0.7865961659699678,
        0.7813250506296754,
        0.7772730039432645,
        0.7739556981250644,
        0.7710556946694851,
        0.7655698005110025,
        0.7641141042113304
    ],
    "val_acc": [
        0.4090711805555556,
        0.46875,
        0.5106336805555556,
        0.5366753472222222,
        0.5614149305555556,
        0.5657552083333333,
        0.5815972222222223,
        0.5902777777777778,
        0.6002604166666667,
        0.607204861111111,
        0.61328125,
        0.619140625,
        0.6241319444444444,
        0.6284722222222222,
        0.6351996527777778,
        0.6375868055555556,
        0.6430121527777777,
        0.6460503472222221,
        0.6475694444444444,
        0.650390625,
        0.654296875,
        0.6579861111111112,
        0.6616753472222222,
        0.6636284722222223,
        0.6671006944444444,
        0.6727430555555556,
        0.6770833333333334,
        0.6794704861111112,
        0.681640625,
        0.6844618055555556,
        0.6875,
        0.6877170138888888,
        0.6909722222222223,
        0.6987847222222221,
        0.699001736111111,
        0.7037760416666666,
        0.7072482638888888,
        0.7115885416666666,
        0.7133246527777777,
        0.7194010416666666,
        0.7163628472222222,
        0.7178819444444445,
        0.7228732638888888,
        0.728515625,
        0.7280815972222223,
        0.7322048611111112,
        0.7352430555555556,
        0.7350260416666666,
        0.7348090277777778,
        0.7350260416666667
    ],
    "test_loss": [],
    "test_acc": []
}