{
    "train_loss": [
        3.530469059944153,
        3.036973237991333,
        2.754625916481018,
        2.539152503013611,
        2.345817744731903,
        2.3230528831481934,
        2.244659900665283,
        2.2478209733963013,
        2.2331656217575073,
        2.220004439353943,
        2.21653813123703,
        2.194855749607086,
        2.22771680355072,
        2.177160918712616,
        2.122650772333145,
        2.135084867477417,
        2.1264739632606506,
        2.1392662525177,
        2.1310510635375977,
        2.1065544486045837,
        2.0589198172092438,
        2.100008487701416,
        2.0958350896835327,
        2.049758493900299,
        2.071280002593994,
        2.036964476108551,
        2.042568862438202,
        2.0346447229385376,
        2.0219028294086456,
        2.03704234957695,
        2.04205322265625,
        1.9906890988349915,
        2.0150632858276367,
        1.9962624609470367,
        1.9798226356506348,
        1.9654560089111328,
        1.97024405002594,
        1.9633976519107819,
        1.956502377986908,
        1.9675408601760864,
        1.9600046277046204,
        1.9455898106098175,
        1.929322600364685,
        1.9515448212623596,
        1.9288609027862549,
        1.9199505150318146,
        1.9379668533802032,
        1.9189378917217255,
        1.9067400395870209,
        1.9026630222797394
    ],
    "train_acc": [
        0.1701388888888889,
        0.20188492063492064,
        0.22718253968253968,
        0.2197420634920635,
        0.2663690476190476,
        0.2048611111111111,
        0.29811507936507936,
        0.27281746031746035,
        0.25496031746031744,
        0.24751984126984122,
        0.26884920634920634,
        0.32936507936507936,
        0.28621031746031744,
        0.29315476190476186,
        0.40029761904761907,
        0.3427579365079365,
        0.3531746031746032,
        0.33134920634920634,
        0.3601190476190476,
        0.42063492063492064,
        0.39880952380952384,
        0.44841269841269843,
        0.43005952380952384,
        0.4875992063492064,
        0.4796626984126984,
        0.49355158730158727,
        0.5079365079365079,
        0.503968253968254,
        0.5,
        0.4885912698412698,
        0.5173611111111112,
        0.5104166666666666,
        0.5069444444444444,
        0.5203373015873015,
        0.595734126984127,
        0.6165674603174603,
        0.5882936507936508,
        0.6200396825396824,
        0.5481150793650793,
        0.5912698412698413,
        0.5620039682539683,
        0.5868055555555556,
        0.6051587301587301,
        0.5868055555555556,
        0.6155753968253967,
        0.619047619047619,
        0.6403769841269842,
        0.6364087301587301,
        0.6934523809523809,
        0.6899801587301587
    ],
    "val_loss": [
        3.118788719177246,
        2.839101791381836,
        2.6481587886810303,
        2.5168545246124268,
        2.4225776195526123,
        2.3465018272399902,
        2.290607213973999,
        2.260530710220337,
        2.2487237453460693,
        2.2410738468170166,
        2.233330011367798,
        2.2296383380889893,
        2.2260525226593018,
        2.220625400543213,
        2.2115564346313477,
        2.202714204788208,
        2.1963582038879395,
        2.1907243728637695,
        2.184598922729492,
        2.178981065750122,
        2.1729695796966553,
        2.166705846786499,
        2.1617515087127686,
        2.1553242206573486,
        2.147531509399414,
        2.14046311378479,
        2.1340410709381104,
        2.1279330253601074,
        2.1216273307800293,
        2.115691661834717,
        2.1105356216430664,
        2.105828046798706,
        2.101595401763916,
        2.0970211029052734,
        2.0926272869110107,
        2.0882327556610107,
        2.0838675498962402,
        2.079761028289795,
        2.075293779373169,
        2.070949077606201,
        2.0670647621154785,
        2.0636749267578125,
        2.0607264041900635,
        2.0582685470581055,
        2.0552875995635986,
        2.0515921115875244,
        2.0477535724639893,
        2.0440688133239746,
        2.039982557296753,
        2.0357682704925537
    ],
    "val_acc": [
        0.22413793103448276,
        0.25862068965517243,
        0.29310344827586204,
        0.25862068965517243,
        0.25862068965517243,
        0.27586206896551724,
        0.27586206896551724,
        0.27586206896551724,
        0.27586206896551724,
        0.27586206896551724,
        0.27586206896551724,
        0.27586206896551724,
        0.29310344827586204,
        0.29310344827586204,
        0.29310344827586204,
        0.29310344827586204,
        0.3103448275862069,
        0.3275862068965517,
        0.3275862068965517,
        0.3620689655172414,
        0.3620689655172414,
        0.3620689655172414,
        0.3620689655172414,
        0.3620689655172414,
        0.3620689655172414,
        0.3620689655172414,
        0.3620689655172414,
        0.3620689655172414,
        0.3448275862068966,
        0.3448275862068966,
        0.3448275862068966,
        0.3793103448275862,
        0.39655172413793105,
        0.41379310344827586,
        0.41379310344827586,
        0.4482758620689655,
        0.46551724137931033,
        0.46551724137931033,
        0.46551724137931033,
        0.46551724137931033,
        0.46551724137931033,
        0.4827586206896552,
        0.4827586206896552,
        0.46551724137931033,
        0.4482758620689655,
        0.46551724137931033,
        0.46551724137931033,
        0.4827586206896552,
        0.4827586206896552,
        0.4827586206896552
    ],
    "test_loss": [],
    "test_acc": []
}