{
    "train_loss": [
        2.41430851444602,
        2.1634206995368004,
        2.0812162905931473,
        2.032092861831188,
        1.9902210030704737,
        1.9590203817933798,
        1.9337770845741034,
        1.9149927534162998,
        1.8964593354612589,
        1.8752076793462038,
        1.859230648726225,
        1.8435857016593218,
        1.8306983057409525,
        1.8129669092595577,
        1.798782391473651,
        1.7851658202707767,
        1.7740846704691648,
        1.7620237488299608,
        1.7524032462388277,
        1.7433412577956915,
        1.7329956479370594,
        1.7215219400823116,
        1.7131522186100483,
        1.706318324431777,
        1.6986744794994593,
        1.6915922425687313,
        1.6773792803287506,
        1.676037684082985,
        1.6651016734540462,
        1.6592299472540617,
        1.6516097020357847,
        1.6455654483288527,
        1.6358368527144194,
        1.6285905539989471,
        1.6217657160013914,
        1.613226456567645,
        1.6051376927644014,
        1.600068500265479,
        1.592473641037941,
        1.5861348379403353,
        1.5793484169989824,
        1.5682690348476171,
        1.5613596234470606,
        1.5541017390787601,
        1.5505429282784462,
        1.5390937328338623,
        1.5312618408352137,
        1.5260994359850883,
        1.51980216242373,
        1.508322710171342
    ],
    "train_acc": [
        0.3077256944444444,
        0.4060329861111111,
        0.4657118055555556,
        0.5073784722222221,
        0.5431857638888888,
        0.5620659722222223,
        0.58203125,
        0.5922309027777778,
        0.6069878472222223,
        0.61328125,
        0.6241319444444444,
        0.636935763888889,
        0.6436631944444444,
        0.6477864583333333,
        0.6610243055555555,
        0.6720920138888888,
        0.6770833333333333,
        0.6838107638888888,
        0.6963975694444444,
        0.6976996527777778,
        0.7013888888888888,
        0.7100694444444444,
        0.7120225694444444,
        0.7180989583333334,
        0.7198350694444444,
        0.7220052083333333,
        0.728298611111111,
        0.7300347222222221,
        0.7317708333333334,
        0.732421875,
        0.7378472222222221,
        0.7374131944444444,
        0.7452256944444444,
        0.7437065972222222,
        0.7424045138888888,
        0.75,
        0.7506510416666667,
        0.7528211805555556,
        0.7591145833333334,
        0.7536892361111112,
        0.7560763888888888,
        0.7623697916666667,
        0.7580295138888888,
        0.7621527777777777,
        0.7660590277777777,
        0.7658420138888888,
        0.7651909722222223,
        0.7658420138888888,
        0.7677951388888888,
        0.7621527777777778
    ],
    "val_loss": [
        2.2160596661269665,
        2.1010512560606003,
        2.0411619022488594,
        2.0015121176838875,
        1.9585113730281591,
        1.9320892971009016,
        1.9096413999795914,
        1.8916266672313213,
        1.871618764474988,
        1.859941741451621,
        1.8371586799621582,
        1.820057027041912,
        1.807816518470645,
        1.7927208561450243,
        1.7825751677155495,
        1.770514478906989,
        1.7524975147098303,
        1.743996124714613,
        1.7332158498466015,
        1.7237502597272396,
        1.7129201404750347,
        1.6991016753017902,
        1.701961051672697,
        1.6984616834670305,
        1.6766160354018211,
        1.677624186500907,
        1.6595718525350094,
        1.6533638183027506,
        1.6451459024101496,
        1.6372580546885729,
        1.6325715780258179,
        1.6196206416934729,
        1.6173612046986818,
        1.6073761004954576,
        1.6014412827789783,
        1.5962112676352262,
        1.5866182167083025,
        1.5832853987812996,
        1.578877903521061,
        1.5657373759895563,
        1.561170533299446,
        1.5489390194416046,
        1.5398198179900646,
        1.539590297266841,
        1.52869719453156,
        1.517764713615179,
        1.5105336718261242,
        1.5017490778118372,
        1.4929829258471727,
        1.491705870255828
    ],
    "val_acc": [
        0.3871527777777778,
        0.44205729166666663,
        0.4932725694444444,
        0.5473090277777778,
        0.5581597222222223,
        0.5802951388888888,
        0.5909288194444444,
        0.5950520833333333,
        0.6163194444444444,
        0.626736111111111,
        0.6369357638888888,
        0.6475694444444444,
        0.657986111111111,
        0.6694878472222223,
        0.6788194444444444,
        0.6827256944444444,
        0.683810763888889,
        0.6981336805555555,
        0.7048611111111112,
        0.711154513888889,
        0.7131076388888888,
        0.7243923611111112,
        0.7265625,
        0.7263454861111112,
        0.7274305555555556,
        0.7365451388888888,
        0.7341579861111112,
        0.7426215277777777,
        0.7428385416666666,
        0.7428385416666667,
        0.7484809027777779,
        0.7502170138888888,
        0.7530381944444444,
        0.7543402777777778,
        0.7549913194444443,
        0.7606336805555556,
        0.7588975694444444,
        0.7651909722222221,
        0.7628038194444444,
        0.7515190972222222,
        0.7682291666666667,
        0.7669270833333334,
        0.7736545138888888,
        0.7730034722222222,
        0.7732204861111112,
        0.7693142361111112,
        0.7690972222222223,
        0.7758246527777778,
        0.7758246527777778,
        0.7703993055555556
    ],
    "test_loss": [],
    "test_acc": []
}