{
    "train_loss": [
        1.6225479543209076,
        1.5286490321159363,
        1.5517752468585968,
        1.521746039390564,
        1.530689775943756,
        1.609677255153656,
        1.4930052161216736,
        1.5341008603572845,
        1.515157550573349,
        1.5293771028518677,
        1.4542979896068573,
        1.5011430978775024,
        1.4783701300621033,
        1.4302673041820526,
        1.3888862431049347,
        1.4546926021575928,
        1.401088684797287,
        1.503013253211975,
        1.3725771307945251,
        1.353845328092575,
        1.4385952353477478,
        1.4010486602783203,
        1.3961314260959625,
        1.4025799632072449,
        1.3689641654491425,
        1.360630840063095,
        1.375462681055069,
        1.3832938373088837,
        1.3590499758720398,
        1.296168953180313,
        1.4084399938583374,
        1.3507692515850067,
        1.3097727596759796,
        1.3519812226295471,
        1.3442863523960114,
        1.312951683998108,
        1.340925395488739,
        1.361425668001175,
        1.3005602657794952,
        1.2683896720409393,
        1.3312062919139862,
        1.2787958681583405,
        1.2597851753234863,
        1.325431615114212,
        1.2897890508174896,
        1.2908441424369812,
        1.30217707157135,
        1.2671857476234436,
        1.2925450205802917,
        1.2955757677555084
    ],
    "train_acc": [
        0.6716269841269841,
        0.6686507936507936,
        0.6646825396825397,
        0.6934523809523809,
        0.6388888888888888,
        0.6106150793650793,
        0.7108134920634921,
        0.6785714285714286,
        0.7103174603174602,
        0.7172619047619048,
        0.6815476190476191,
        0.6706349206349207,
        0.6884920634920635,
        0.746031746031746,
        0.7420634920634921,
        0.7098214285714286,
        0.7311507936507936,
        0.6626984126984127,
        0.7599206349206349,
        0.7703373015873016,
        0.738095238095238,
        0.7380952380952381,
        0.7380952380952381,
        0.7018849206349207,
        0.7703373015873016,
        0.777281746031746,
        0.7628968253968255,
        0.7485119047619048,
        0.7485119047619048,
        0.7594246031746031,
        0.7375992063492064,
        0.7485119047619048,
        0.773809523809524,
        0.7375992063492064,
        0.7628968253968255,
        0.7271825396825398,
        0.7375992063492064,
        0.7018849206349207,
        0.7375992063492064,
        0.7767857142857143,
        0.7266865079365079,
        0.7767857142857143,
        0.7876984126984128,
        0.7336309523809523,
        0.7658730158730158,
        0.7445436507936508,
        0.7658730158730158,
        0.769345238095238,
        0.748015873015873,
        0.7872023809523809
    ],
    "val_loss": [
        1.7746047973632812,
        1.7560510635375977,
        1.744690179824829,
        1.734952688217163,
        1.7267084121704102,
        1.7188901901245117,
        1.7117059230804443,
        1.7071666717529297,
        1.7021527290344238,
        1.699242115020752,
        1.6957224607467651,
        1.6924571990966797,
        1.6887037754058838,
        1.6856189966201782,
        1.6808521747589111,
        1.678073763847351,
        1.6731836795806885,
        1.6698884963989258,
        1.6665104627609253,
        1.6658990383148193,
        1.6636592149734497,
        1.6619623899459839,
        1.6600022315979004,
        1.6564277410507202,
        1.6522061824798584,
        1.6508142948150635,
        1.6503291130065918,
        1.6478694677352905,
        1.6441905498504639,
        1.6424803733825684,
        1.640186071395874,
        1.6402733325958252,
        1.6420235633850098,
        1.642672061920166,
        1.6409127712249756,
        1.6403868198394775,
        1.6390821933746338,
        1.6393030881881714,
        1.6373437643051147,
        1.6351306438446045,
        1.633307695388794,
        1.63112211227417,
        1.6305670738220215,
        1.629795789718628,
        1.6283338069915771,
        1.6264965534210205,
        1.625560998916626,
        1.6241562366485596,
        1.6223760843276978,
        1.620251178741455
    ],
    "val_acc": [
        0.6724137931034483,
        0.6551724137931034,
        0.6379310344827587,
        0.603448275862069,
        0.6206896551724138,
        0.6206896551724138,
        0.6379310344827587,
        0.6551724137931034,
        0.6551724137931034,
        0.6551724137931034,
        0.6724137931034483,
        0.6724137931034483,
        0.6896551724137931,
        0.6896551724137931,
        0.6896551724137931,
        0.6896551724137931,
        0.6896551724137931,
        0.6896551724137931,
        0.6896551724137931,
        0.6896551724137931,
        0.6896551724137931,
        0.7068965517241379,
        0.7068965517241379,
        0.7068965517241379,
        0.7068965517241379,
        0.7068965517241379,
        0.7068965517241379,
        0.7068965517241379,
        0.7068965517241379,
        0.7068965517241379,
        0.7241379310344828,
        0.7413793103448276,
        0.7241379310344828,
        0.7241379310344828,
        0.7241379310344828,
        0.7241379310344828,
        0.7241379310344828,
        0.7241379310344828,
        0.7241379310344828,
        0.7241379310344828,
        0.7241379310344828,
        0.7241379310344828,
        0.7241379310344828,
        0.7241379310344828,
        0.7241379310344828,
        0.7413793103448276,
        0.7241379310344828,
        0.7413793103448276,
        0.7413793103448276,
        0.7413793103448276
    ],
    "test_loss": [],
    "test_acc": []
}