{
    "train_loss": [
        0.851014032959938,
        0.8563642054796219,
        0.844297006726265,
        0.8083983510732651,
        0.8199846744537354,
        0.7730164527893066,
        0.7584187239408493,
        0.8110545873641968,
        0.7912790477275848,
        0.7878893911838531,
        0.7721205204725266,
        0.7901448011398315,
        0.7916343510150909,
        0.818004384636879,
        0.8212273716926575,
        0.7859812527894974,
        0.7384578883647919,
        0.7639218866825104,
        0.7510393410921097,
        0.737958163022995,
        0.7434630393981934,
        0.7494625300168991,
        0.7410464584827423,
        0.7111616283655167,
        0.731006845831871,
        0.6969547271728516,
        0.6990447640419006,
        0.7119763046503067,
        0.6979535520076752,
        0.6927168220281601,
        0.7193857729434967,
        0.7141360938549042,
        0.6876177042722702,
        0.7042138576507568,
        0.6973176002502441,
        0.6743918508291245,
        0.695121243596077,
        0.6828331500291824,
        0.6487575173377991,
        0.6935075521469116,
        0.694760799407959,
        0.6679415553808212,
        0.6692896783351898,
        0.6796435713768005,
        0.6980427801609039,
        0.6670946925878525,
        0.6513082832098007,
        0.6554192006587982,
        0.6286180019378662,
        0.6643068492412567
    ],
    "train_acc": [
        0.664186507936508,
        0.663690476190476,
        0.6741071428571428,
        0.7242063492063491,
        0.7276785714285714,
        0.7490079365079366,
        0.7668650793650793,
        0.7023809523809524,
        0.7093253968253969,
        0.755952380952381,
        0.751984126984127,
        0.7624007936507936,
        0.7266865079365079,
        0.7157738095238095,
        0.6944444444444444,
        0.761904761904762,
        0.7872023809523809,
        0.783234126984127,
        0.761904761904762,
        0.7797619047619047,
        0.8115079365079365,
        0.8005952380952381,
        0.7827380952380953,
        0.84375,
        0.7827380952380952,
        0.8506944444444444,
        0.8576388888888888,
        0.8253968253968255,
        0.8358134920634921,
        0.8253968253968255,
        0.814484126984127,
        0.8467261904761905,
        0.8467261904761905,
        0.810515873015873,
        0.8645833333333334,
        0.8462301587301587,
        0.8358134920634921,
        0.8536706349206349,
        0.8606150793650793,
        0.8283730158730158,
        0.8422619047619048,
        0.8214285714285714,
        0.824404761904762,
        0.849702380952381,
        0.8422619047619048,
        0.8313492063492064,
        0.8601190476190477,
        0.8278769841269842,
        0.8923611111111112,
        0.8779761904761905
    ],
    "val_loss": [
        0.8689415454864502,
        0.8604912161827087,
        0.852149248123169,
        0.8483819365501404,
        0.8399036526679993,
        0.8370507955551147,
        0.8331039547920227,
        0.8288483619689941,
        0.8291231393814087,
        0.8263928890228271,
        0.8215761780738831,
        0.817862331867218,
        0.8163039684295654,
        0.8150675296783447,
        0.8100254535675049,
        0.8088205456733704,
        0.8074480295181274,
        0.8039211630821228,
        0.803834080696106,
        0.8031195402145386,
        0.8031294345855713,
        0.8005327582359314,
        0.799064040184021,
        0.7962003350257874,
        0.7939568161964417,
        0.7913956642150879,
        0.7905395030975342,
        0.7897740006446838,
        0.7930724620819092,
        0.7897701859474182,
        0.7881016135215759,
        0.7870606780052185,
        0.7848249673843384,
        0.7831808924674988,
        0.780886709690094,
        0.77997887134552,
        0.7808704376220703,
        0.7783322930335999,
        0.7781282067298889,
        0.7764599919319153,
        0.7772360444068909,
        0.7730084657669067,
        0.7695053219795227,
        0.7677249312400818,
        0.7690473794937134,
        0.7668773531913757,
        0.7661510109901428,
        0.768984854221344,
        0.7650483846664429,
        0.7625643610954285
    ],
    "val_acc": [
        0.7241379310344828,
        0.7241379310344828,
        0.7068965517241379,
        0.7068965517241379,
        0.7068965517241379,
        0.6896551724137931,
        0.7068965517241379,
        0.7241379310344828,
        0.7068965517241379,
        0.7413793103448276,
        0.7413793103448276,
        0.7413793103448276,
        0.7413793103448276,
        0.7413793103448276,
        0.7413793103448276,
        0.7413793103448276,
        0.7413793103448276,
        0.7758620689655172,
        0.7586206896551724,
        0.7758620689655172,
        0.7758620689655172,
        0.7758620689655172,
        0.7758620689655172,
        0.7758620689655172,
        0.7758620689655172,
        0.7758620689655172,
        0.7586206896551724,
        0.7586206896551724,
        0.7586206896551724,
        0.7586206896551724,
        0.7413793103448276,
        0.7413793103448276,
        0.7413793103448276,
        0.7586206896551724,
        0.7586206896551724,
        0.7586206896551724,
        0.7586206896551724,
        0.7586206896551724,
        0.7586206896551724,
        0.7586206896551724,
        0.7586206896551724,
        0.7586206896551724,
        0.7758620689655172,
        0.7758620689655172,
        0.7758620689655172,
        0.7758620689655172,
        0.7758620689655172,
        0.7758620689655172,
        0.7758620689655172,
        0.7758620689655172
    ],
    "test_loss": [],
    "test_acc": []
}