{
    "train_loss": [
        2.0332999527454376,
        2.0192611515522003,
        1.847659558057785,
        1.9240870773792267,
        1.9798305034637451,
        1.90912064909935,
        1.8972025513648987,
        1.9001621305942535,
        1.880980908870697,
        1.8034274578094482,
        1.7895334959030151,
        1.8294766545295715,
        1.7958761751651764,
        1.7832030355930328,
        1.8645731806755066,
        1.7865770161151886,
        1.7437293529510498,
        1.7517589330673218,
        1.7643714547157288,
        1.7106525897979736,
        1.7457716464996338,
        1.740101307630539,
        1.7292509377002716,
        1.7374792397022247,
        1.7089346945285797,
        1.6856334209442139,
        1.6881166398525238,
        1.6894366443157196,
        1.7517071664333344,
        1.6545557975769043,
        1.6565880179405212,
        1.6858574748039246,
        1.6892099380493164,
        1.6715871393680573,
        1.6537358164787292,
        1.6548989713191986,
        1.6538450717926025,
        1.6042680740356445,
        1.5487664937973022,
        1.5974743366241455,
        1.5793050229549408,
        1.6013208329677582,
        1.6719390749931335,
        1.5909143388271332,
        1.5600639581680298,
        1.589154064655304,
        1.5762822329998016,
        1.5690145790576935,
        1.5151680707931519,
        1.524731695652008
    ],
    "train_acc": [
        0.4642857142857143,
        0.5,
        0.5426587301587301,
        0.535218253968254,
        0.4920634920634921,
        0.5634920634920635,
        0.5416666666666666,
        0.5198412698412699,
        0.5595238095238095,
        0.5381944444444444,
        0.5486111111111112,
        0.5416666666666666,
        0.6195436507936508,
        0.6091269841269841,
        0.48759920634920634,
        0.5734126984126984,
        0.6195436507936508,
        0.5907738095238095,
        0.6081349206349207,
        0.6294642857142857,
        0.6259920634920635,
        0.6185515873015873,
        0.6259920634920635,
        0.6220238095238095,
        0.6001984126984127,
        0.6612103174603176,
        0.6180555555555556,
        0.625,
        0.5962301587301587,
        0.6572420634920635,
        0.6572420634920635,
        0.6393849206349206,
        0.625,
        0.5892857142857143,
        0.6106150793650793,
        0.6354166666666666,
        0.6746031746031746,
        0.6636904761904763,
        0.6964285714285714,
        0.7033730158730158,
        0.6746031746031745,
        0.65625,
        0.6314484126984127,
        0.6671626984126984,
        0.7316468253968255,
        0.6671626984126984,
        0.6780753968253969,
        0.6959325396825398,
        0.7028769841269842,
        0.6706349206349207
    ],
    "val_loss": [
        1.9803988933563232,
        1.962198257446289,
        1.9520595073699951,
        1.9443278312683105,
        1.935431957244873,
        1.9236422777175903,
        1.914327621459961,
        1.9068015813827515,
        1.899376630783081,
        1.8954565525054932,
        1.8929791450500488,
        1.8882771730422974,
        1.8837430477142334,
        1.880552053451538,
        1.8769159317016602,
        1.8727363348007202,
        1.8685259819030762,
        1.8641483783721924,
        1.8592337369918823,
        1.8572072982788086,
        1.8532472848892212,
        1.8506457805633545,
        1.8488123416900635,
        1.8457623720169067,
        1.8430800437927246,
        1.842348337173462,
        1.8416714668273926,
        1.8398463726043701,
        1.8389275074005127,
        1.839982032775879,
        1.8385968208312988,
        1.8367834091186523,
        1.837174415588379,
        1.8380318880081177,
        1.8384352922439575,
        1.836920976638794,
        1.8368312120437622,
        1.8348674774169922,
        1.8348777294158936,
        1.8338881731033325,
        1.8328279256820679,
        1.8318426609039307,
        1.8308277130126953,
        1.8329901695251465,
        1.834667682647705,
        1.833366870880127,
        1.8291757106781006,
        1.8261008262634277,
        1.823392629623413,
        1.8223259449005127
    ],
    "val_acc": [
        0.5344827586206896,
        0.5344827586206896,
        0.5172413793103449,
        0.5517241379310345,
        0.5344827586206896,
        0.5344827586206896,
        0.5344827586206896,
        0.5344827586206896,
        0.5517241379310345,
        0.5344827586206896,
        0.5517241379310345,
        0.5344827586206896,
        0.5344827586206896,
        0.5344827586206896,
        0.5517241379310345,
        0.5517241379310345,
        0.5517241379310345,
        0.5517241379310345,
        0.5344827586206896,
        0.5344827586206896,
        0.5344827586206896,
        0.5344827586206896,
        0.5344827586206896,
        0.5344827586206896,
        0.5344827586206896,
        0.5344827586206896,
        0.5344827586206896,
        0.5344827586206896,
        0.5344827586206896,
        0.5344827586206896,
        0.5344827586206896,
        0.5517241379310345,
        0.5517241379310345,
        0.5689655172413793,
        0.5689655172413793,
        0.5517241379310345,
        0.5344827586206896,
        0.5517241379310345,
        0.5689655172413793,
        0.5517241379310345,
        0.5517241379310345,
        0.5344827586206896,
        0.5172413793103449,
        0.5517241379310345,
        0.5517241379310345,
        0.5517241379310345,
        0.5517241379310345,
        0.5517241379310345,
        0.5517241379310345,
        0.5517241379310345
    ],
    "test_loss": [],
    "test_acc": []
}