{
    "train_loss": [
        1.8632803857326508,
        1.820156842470169,
        1.8184272646903992,
        1.7982504069805145,
        1.7970751821994781,
        1.8672235608100891,
        1.7816431522369385,
        1.7928125858306885,
        1.7775559723377228,
        1.7849209606647491,
        1.7423752844333649,
        1.7752628922462463,
        1.7403087615966797,
        1.7432176172733307,
        1.7119249403476715,
        1.7539012432098389,
        1.7098297774791718,
        1.7733426988124847,
        1.694893330335617,
        1.6881345808506012,
        1.7483967244625092,
        1.7314902245998383,
        1.702833116054535,
        1.7325483560562134,
        1.6942930221557617,
        1.6849411129951477,
        1.6896149814128876,
        1.704791933298111,
        1.683994472026825,
        1.6359021961688995,
        1.6967958807945251,
        1.6783705949783325,
        1.6414962410926819,
        1.6858640015125275,
        1.6786837875843048,
        1.6537133157253265,
        1.652621865272522,
        1.6746756732463837,
        1.641259491443634,
        1.6134022176265717,
        1.6552597284317017,
        1.6236077547073364,
        1.6050744652748108,
        1.6373318135738373,
        1.6127709746360779,
        1.628858894109726,
        1.641194373369217,
        1.6074337661266327,
        1.6015045642852783,
        1.6086017787456512
    ],
    "train_acc": [
        0.6750992063492064,
        0.6889880952380953,
        0.7068452380952381,
        0.7599206349206349,
        0.6989087301587301,
        0.6840277777777778,
        0.777281746031746,
        0.777281746031746,
        0.7663690476190477,
        0.7485119047619048,
        0.7663690476190477,
        0.7301587301587301,
        0.748015873015873,
        0.7802579365079365,
        0.7802579365079365,
        0.7802579365079365,
        0.7589285714285714,
        0.722718253968254,
        0.8015873015873016,
        0.805059523809524,
        0.7762896825396824,
        0.7723214285714286,
        0.7832341269841269,
        0.7614087301587301,
        0.8010912698412699,
        0.8120039682539684,
        0.8080357142857143,
        0.7901785714285714,
        0.7827380952380952,
        0.8258928571428572,
        0.7971230158730158,
        0.8328373015873016,
        0.8258928571428572,
        0.8328373015873016,
        0.8219246031746031,
        0.8005952380952381,
        0.8219246031746031,
        0.7465277777777778,
        0.8467261904761905,
        0.839781746031746,
        0.7827380952380952,
        0.8253968253968255,
        0.8293650793650793,
        0.8214285714285714,
        0.8323412698412699,
        0.8501984126984128,
        0.814484126984127,
        0.8501984126984128,
        0.8427579365079365,
        0.8358134920634921
    ],
    "val_loss": [
        1.9573132991790771,
        1.949208378791809,
        1.944957971572876,
        1.939582347869873,
        1.9342901706695557,
        1.9292144775390625,
        1.924869418144226,
        1.9226144552230835,
        1.921693205833435,
        1.9199165105819702,
        1.9179410934448242,
        1.9164777994155884,
        1.914590835571289,
        1.9132705926895142,
        1.9125230312347412,
        1.9114527702331543,
        1.9093353748321533,
        1.9069552421569824,
        1.904360294342041,
        1.9028058052062988,
        1.9026851654052734,
        1.9022083282470703,
        1.8996528387069702,
        1.895627737045288,
        1.892716646194458,
        1.8898766040802002,
        1.8902326822280884,
        1.890141248703003,
        1.888482689857483,
        1.886875033378601,
        1.8851380348205566,
        1.884172797203064,
        1.8842504024505615,
        1.8825669288635254,
        1.8792459964752197,
        1.8776814937591553,
        1.8777897357940674,
        1.8786543607711792,
        1.8783061504364014,
        1.8777844905853271,
        1.8757680654525757,
        1.8733458518981934,
        1.8703213930130005,
        1.8696473836898804,
        1.8685787916183472,
        1.8669936656951904,
        1.8662792444229126,
        1.8663262128829956,
        1.8659512996673584,
        1.8631994724273682
    ],
    "val_acc": [
        0.603448275862069,
        0.6206896551724138,
        0.6206896551724138,
        0.6206896551724138,
        0.6206896551724138,
        0.6379310344827587,
        0.6551724137931034,
        0.6551724137931034,
        0.6724137931034483,
        0.6896551724137931,
        0.6896551724137931,
        0.6896551724137931,
        0.6896551724137931,
        0.7068965517241379,
        0.7068965517241379,
        0.7068965517241379,
        0.7068965517241379,
        0.7068965517241379,
        0.7068965517241379,
        0.7068965517241379,
        0.6896551724137931,
        0.6724137931034483,
        0.6724137931034483,
        0.6551724137931034,
        0.6724137931034483,
        0.6551724137931034,
        0.6896551724137931,
        0.7068965517241379,
        0.7241379310344828,
        0.7241379310344828,
        0.7068965517241379,
        0.7068965517241379,
        0.7068965517241379,
        0.7068965517241379,
        0.7068965517241379,
        0.7068965517241379,
        0.7068965517241379,
        0.7068965517241379,
        0.7068965517241379,
        0.7068965517241379,
        0.7068965517241379,
        0.7068965517241379,
        0.7068965517241379,
        0.7068965517241379,
        0.7068965517241379,
        0.7068965517241379,
        0.7068965517241379,
        0.7068965517241379,
        0.7068965517241379,
        0.7241379310344828
    ],
    "test_loss": [],
    "test_acc": []
}