{
    "train_loss": [
        2.1860765516757965,
        2.0504633467644453,
        1.973954426124692,
        1.9088377580046654,
        1.8582886178046465,
        1.8211485501378775,
        1.7880848459899426,
        1.7668874505907297,
        1.7394072860479355,
        1.7214783262461424,
        1.7050185520201921,
        1.686946352943778,
        1.671973204240203,
        1.65286660566926,
        1.6397753283381462,
        1.6246698014438152,
        1.6099118627607822,
        1.5976780354976654,
        1.5859100110828876,
        1.5683378782123327,
        1.558677913621068,
        1.5427325516939163,
        1.532102968543768,
        1.520111970603466,
        1.5002445578575134,
        1.4857413247227669,
        1.4754090178757906,
        1.46515897475183,
        1.4482456594705582,
        1.4341221023350954,
        1.4212136287242174,
        1.4084842428565025,
        1.3954517133533955,
        1.3865055851638317,
        1.3700136821717024,
        1.3546967953443527,
        1.3475524727255106,
        1.3295179065316916,
        1.3197879884392023,
        1.3057364262640476,
        1.29340991191566,
        1.289189524948597,
        1.2738009486347437,
        1.2617248613387346,
        1.2483638543635607,
        1.2425114884972572,
        1.2330258768051863,
        1.2212788835167885,
        1.2088554706424475,
        1.1973592825233936
    ],
    "train_acc": [
        0.3229166666666667,
        0.4116753472222222,
        0.4574652777777778,
        0.4952256944444444,
        0.5245225694444444,
        0.537109375,
        0.5553385416666667,
        0.5638020833333334,
        0.5694444444444444,
        0.578125,
        0.5868055555555556,
        0.5876736111111112,
        0.5970052083333334,
        0.6022135416666666,
        0.6119791666666666,
        0.6128472222222223,
        0.6158854166666667,
        0.6223958333333333,
        0.6282552083333333,
        0.6315104166666667,
        0.6310763888888888,
        0.64453125,
        0.6447482638888888,
        0.6499565972222221,
        0.6534288194444444,
        0.66015625,
        0.6555989583333333,
        0.6668836805555556,
        0.6707899305555556,
        0.671657986111111,
        0.6790364583333334,
        0.6844618055555556,
        0.681640625,
        0.6859809027777777,
        0.6931423611111112,
        0.6937934027777778,
        0.6974826388888888,
        0.7007378472222222,
        0.7016059027777777,
        0.6994357638888888,
        0.7115885416666666,
        0.7122395833333333,
        0.7072482638888888,
        0.7131076388888888,
        0.716796875,
        0.720703125,
        0.7178819444444444,
        0.7191840277777778,
        0.7176649305555556,
        0.7269965277777778
    ],
    "val_loss": [
        2.078245697543025,
        1.9948236979544163,
        1.9282954800873995,
        1.866039965301752,
        1.8257424496114254,
        1.7902983389794827,
        1.7602250091731548,
        1.7333451695740223,
        1.712256919592619,
        1.7098751217126846,
        1.682684713974595,
        1.6598651614040136,
        1.6469675414264202,
        1.6282489988952875,
        1.6213088817894459,
        1.598425816744566,
        1.5928920954465866,
        1.5749931912869215,
        1.5570911169052124,
        1.5436227452009916,
        1.537098191678524,
        1.52853312343359,
        1.5095990356057882,
        1.493809524923563,
        1.4790753908455372,
        1.4616894014179707,
        1.4506234340369701,
        1.4453310649842024,
        1.4225443247705698,
        1.4118120800703764,
        1.4011842738837004,
        1.3808317333459854,
        1.3668193705379963,
        1.356438770890236,
        1.3421739730983973,
        1.3402775637805462,
        1.3261757250875235,
        1.3112538270652294,
        1.2913360772654414,
        1.2814569221809506,
        1.276166895404458,
        1.2596789952367544,
        1.2471095714718103,
        1.2392281536012888,
        1.2233972819522023,
        1.2215843219310045,
        1.2109873555600643,
        1.193349614739418,
        1.178005418740213,
        1.1863531917333603
    ],
    "val_acc": [
        0.3953993055555556,
        0.4437934027777778,
        0.4854600694444444,
        0.5234375,
        0.5405815972222221,
        0.5555555555555556,
        0.568359375,
        0.576171875,
        0.5859375,
        0.5913628472222222,
        0.5950520833333333,
        0.6026475694444444,
        0.6061197916666666,
        0.6119791666666666,
        0.6182725694444444,
        0.618923611111111,
        0.6236979166666666,
        0.6319444444444444,
        0.6338975694444444,
        0.6408420138888888,
        0.6467013888888888,
        0.650173611111111,
        0.6534288194444444,
        0.6603732638888888,
        0.6625434027777778,
        0.6647135416666667,
        0.6714409722222222,
        0.67578125,
        0.6807725694444444,
        0.6861979166666667,
        0.6903211805555556,
        0.69140625,
        0.6957465277777778,
        0.7005208333333333,
        0.697048611111111,
        0.705078125,
        0.7061631944444444,
        0.7068142361111112,
        0.7087673611111112,
        0.712890625,
        0.7133246527777778,
        0.7159288194444444,
        0.720703125,
        0.7209201388888888,
        0.7237413194444444,
        0.7239583333333334,
        0.7250434027777777,
        0.7222222222222222,
        0.7322048611111112,
        0.73046875
    ],
    "test_loss": [],
    "test_acc": []
}