{
    "train_loss": [
        1.3666985854506493,
        1.3151326216757298,
        1.272797493264079,
        1.2339673731476068,
        1.204547269269824,
        1.1802965607494116,
        1.1588188018649817,
        1.1414168700575829,
        1.1257411520928144,
        1.111006522551179,
        1.0985540580004454,
        1.0856258925050497,
        1.0741989351809025,
        1.0637420564889908,
        1.0519563620910048,
        1.041558738797903,
        1.029661170206964,
        1.017470152117312,
        1.00540095474571,
        0.9935592049732804,
        0.9825660353526473,
        0.9722640803083777,
        0.9608874721452594,
        0.9522396791726351,
        0.9431934216991067,
        0.9321291241794825,
        0.9245182052254677,
        0.915026712231338,
        0.9074013670906425,
        0.9001500327140093,
        0.8928435603156686,
        0.8868275685235858,
        0.8810915220528841,
        0.8748998446390033,
        0.8700377559289336,
        0.8637729566544294,
        0.8587269634008408,
        0.8516308469697833,
        0.8494176529347897,
        0.8423783844336867,
        0.8393817376345396,
        0.8339256634935737,
        0.8310431754216552,
        0.826595863327384,
        0.8212005300447345,
        0.81998051982373,
        0.8150859568268061,
        0.8111780304461718,
        0.806956640444696,
        0.8029211591929197
    ],
    "train_acc": [
        0.3159722222222222,
        0.39778645833333337,
        0.4429253472222222,
        0.4713541666666667,
        0.4973958333333333,
        0.5067274305555556,
        0.5308159722222223,
        0.5327690972222222,
        0.5425347222222223,
        0.5609809027777778,
        0.5703125,
        0.5776909722222222,
        0.5837673611111112,
        0.5961371527777777,
        0.5948350694444444,
        0.6078559027777778,
        0.6117621527777777,
        0.6295572916666667,
        0.6297743055555556,
        0.6434461805555556,
        0.6482204861111112,
        0.646484375,
        0.6573350694444444,
        0.6614583333333334,
        0.6677517361111112,
        0.6723090277777777,
        0.6770833333333333,
        0.6840277777777777,
        0.6883680555555556,
        0.6877170138888888,
        0.6929253472222223,
        0.6968315972222222,
        0.697265625,
        0.7020399305555556,
        0.7020399305555556,
        0.7081163194444444,
        0.7046440972222222,
        0.7085503472222222,
        0.7078993055555556,
        0.7135416666666667,
        0.7170138888888888,
        0.7170138888888888,
        0.716796875,
        0.71875,
        0.720703125,
        0.7217881944444445,
        0.7194010416666667,
        0.724609375,
        0.7259114583333334,
        0.73046875
    ],
    "val_loss": [
        1.3292080536484718,
        1.2850085850805044,
        1.2417749967426062,
        1.2076037209481,
        1.1808970933780074,
        1.1570151038467884,
        1.1364251635968685,
        1.1196826621890068,
        1.105747265741229,
        1.0923537006601691,
        1.079708131030202,
        1.0681248707696795,
        1.0577180096879601,
        1.0449022613465786,
        1.0340306358411908,
        1.0241604950278997,
        1.0118481274694204,
        0.9986290009692311,
        0.985691393725574,
        0.9795778514817357,
        0.9646201273426414,
        0.9518278185278177,
        0.9460735954344273,
        0.9357726452872157,
        0.9250903930515051,
        0.9152631340548396,
        0.9097260693088174,
        0.9008851973339915,
        0.8924686526879668,
        0.8828737335279584,
        0.8780897427350283,
        0.8693614285439253,
        0.8656607195734978,
        0.8600368900224566,
        0.8535136990249157,
        0.8480000197887421,
        0.8423171862959862,
        0.8366003604605794,
        0.8337793760001659,
        0.8301540156826377,
        0.8260720716789365,
        0.8208062220364809,
        0.8160357950255275,
        0.8106498350389302,
        0.8099480867385864,
        0.8058401732705534,
        0.8015227438881993,
        0.7946313973516226,
        0.791053619235754,
        0.789327506441623
    ],
    "val_acc": [
        0.3897569444444445,
        0.443359375,
        0.46549479166666663,
        0.4943576388888889,
        0.5099826388888888,
        0.53125,
        0.5442708333333333,
        0.5562065972222223,
        0.564453125,
        0.5772569444444444,
        0.5865885416666667,
        0.5874565972222222,
        0.5993923611111112,
        0.6061197916666667,
        0.6150173611111112,
        0.6208767361111112,
        0.6291232638888888,
        0.6345486111111112,
        0.6506076388888888,
        0.6547309027777778,
        0.6627604166666667,
        0.6688368055555556,
        0.6727430555555555,
        0.6703559027777777,
        0.681640625,
        0.6861979166666667,
        0.689453125,
        0.6942274305555556,
        0.6979166666666667,
        0.7018229166666667,
        0.7085503472222223,
        0.7061631944444445,
        0.7065972222222222,
        0.7144097222222223,
        0.7163628472222223,
        0.71484375,
        0.7191840277777777,
        0.7194010416666666,
        0.7228732638888888,
        0.7239583333333333,
        0.7291666666666666,
        0.7248263888888888,
        0.7300347222222222,
        0.7313368055555556,
        0.7302517361111112,
        0.7317708333333334,
        0.7291666666666667,
        0.7354600694444444,
        0.7367621527777778,
        0.7389322916666666
    ],
    "test_loss": [],
    "test_acc": []
}