{
    "train_loss": [
        2.11531288176775,
        2.043451791629195,
        2.013060986995697,
        1.9865804426372051,
        1.9653933811932802,
        1.9511833116412163,
        1.9341879021376371,
        1.9220886528491974,
        1.9094548020511866,
        1.8991671167314053,
        1.8864227682352066,
        1.8748058266937733,
        1.8642708081752062,
        1.8543159291148186,
        1.842517053708434,
        1.8337199781090021,
        1.8249267544597387,
        1.8134745545685291,
        1.8064771946519613,
        1.793605849146843,
        1.785029148682952,
        1.774011716246605,
        1.769111592322588,
        1.7609213255345821,
        1.7499218173325062,
        1.7406966127455235,
        1.7337622325867414,
        1.7239921912550926,
        1.7138806637376547,
        1.7077329624444246,
        1.697403211146593,
        1.6869014650583267,
        1.682261310517788,
        1.6731840707361698,
        1.6640002559870481,
        1.6547995284199715,
        1.647532932460308,
        1.638316247612238,
        1.6271152440458536,
        1.6208356264978647,
        1.6107881497591734,
        1.6016415040940046,
        1.5971604958176613,
        1.5808633901178837,
        1.5750379990786314,
        1.567640669643879,
        1.559176241979003,
        1.5489281006157398,
        1.5463925637304783,
        1.5342540256679058
    ],
    "train_acc": [
        0.3075086805555555,
        0.3956163194444444,
        0.4325086805555556,
        0.466796875,
        0.49631076388888895,
        0.5106336805555555,
        0.5316840277777779,
        0.540798611111111,
        0.5577256944444444,
        0.5748697916666667,
        0.5902777777777778,
        0.5883246527777778,
        0.6082899305555556,
        0.6072048611111112,
        0.6258680555555556,
        0.6273871527777777,
        0.6341145833333333,
        0.6395399305555556,
        0.6499565972222222,
        0.6586371527777777,
        0.6625434027777778,
        0.6692708333333334,
        0.6788194444444444,
        0.6790364583333333,
        0.6875,
        0.6888020833333333,
        0.6911892361111112,
        0.7000868055555556,
        0.6927083333333333,
        0.6976996527777777,
        0.7020399305555556,
        0.7087673611111112,
        0.7133246527777777,
        0.7144097222222222,
        0.7170138888888888,
        0.7176649305555556,
        0.7233072916666666,
        0.7243923611111112,
        0.72265625,
        0.7204861111111112,
        0.7298177083333334,
        0.730251736111111,
        0.7319878472222222,
        0.7332899305555556,
        0.7300347222222223,
        0.7345920138888888,
        0.7393663194444444,
        0.7371961805555556,
        0.7428385416666667,
        0.7434895833333334
    ],
    "val_loss": [
        2.0507360100746155,
        2.016755962744355,
        1.9919340275228024,
        1.963760368525982,
        1.950947094708681,
        1.9368800353258848,
        1.9156978633254766,
        1.902655167505145,
        1.890684723854065,
        1.8801405634731054,
        1.8696921803057194,
        1.8558569382876158,
        1.8519508820027113,
        1.8362306728959084,
        1.8231877740472555,
        1.8122782427817583,
        1.8018526285886765,
        1.7991841565817595,
        1.7830600589513779,
        1.7802291065454483,
        1.7629507519304752,
        1.7547910176217556,
        1.7478066813200712,
        1.7334682904183865,
        1.7263790592551231,
        1.7280977666378021,
        1.7108835186809301,
        1.7023332584649324,
        1.7025058176368475,
        1.6850305255502462,
        1.6777455694973469,
        1.6650377046316862,
        1.6606275159865618,
        1.6516276840120554,
        1.6489123199135065,
        1.6327480506151915,
        1.6203080639243126,
        1.6137040238827467,
        1.6099884007126093,
        1.6027935165911913,
        1.5846469905227423,
        1.5928190685808659,
        1.570053841918707,
        1.557763198390603,
        1.556362509727478,
        1.54496137984097,
        1.5409955997020006,
        1.5238665658980608,
        1.5139743089675903,
        1.5051822271198034
    ],
    "val_acc": [
        0.38606770833333337,
        0.44162326388888884,
        0.4815538194444444,
        0.5043402777777777,
        0.5086805555555556,
        0.5436197916666667,
        0.5533854166666666,
        0.5746527777777777,
        0.5887586805555556,
        0.5972222222222223,
        0.6104600694444444,
        0.611328125,
        0.6276041666666667,
        0.6412760416666666,
        0.6436631944444444,
        0.6508246527777777,
        0.6597222222222223,
        0.6631944444444444,
        0.6712239583333334,
        0.6690538194444445,
        0.6840277777777778,
        0.6833767361111112,
        0.6903211805555556,
        0.6968315972222222,
        0.700954861111111,
        0.7020399305555556,
        0.7083333333333334,
        0.7046440972222222,
        0.7126736111111112,
        0.7176649305555556,
        0.7220052083333333,
        0.7233072916666667,
        0.7252604166666666,
        0.7289496527777778,
        0.734375,
        0.7309027777777779,
        0.7309027777777778,
        0.732421875,
        0.736328125,
        0.7352430555555556,
        0.7430555555555556,
        0.7434895833333333,
        0.7367621527777777,
        0.7456597222222222,
        0.7493489583333334,
        0.7530381944444444,
        0.748046875,
        0.7556423611111112,
        0.7547743055555556,
        0.7569444444444444
    ],
    "test_loss": [],
    "test_acc": []
}