{
    "train_loss": [
        1.4824503660202026,
        1.4790385365486145,
        1.4620102941989899,
        1.396274358034134,
        1.4236319065093994,
        1.3690249621868134,
        1.3787855803966522,
        1.412388265132904,
        1.3158789277076721,
        1.3364345133304596,
        1.3481243550777435,
        1.357107251882553,
        1.3217263519763947,
        1.304179310798645,
        1.301746428012848,
        1.3007400631904602,
        1.2749446034431458,
        1.2884460091590881,
        1.2914889454841614,
        1.2372904419898987,
        1.2294156551361084,
        1.2422549724578857,
        1.2504583895206451,
        1.2269229888916016,
        1.242849200963974,
        1.2117818593978882,
        1.217826783657074,
        1.2050648033618927,
        1.196700930595398,
        1.1544221192598343,
        1.1864995658397675,
        1.1715328693389893,
        1.2139227390289307,
        1.1625694334506989,
        1.145996332168579,
        1.1602329313755035,
        1.1442573964595795,
        1.1504217386245728,
        1.1431916952133179,
        1.1269881427288055,
        1.1044524312019348,
        1.1026241779327393,
        1.0946286022663116,
        1.0959777235984802,
        1.0943282544612885,
        1.0934433341026306,
        1.0707350373268127,
        1.0618295073509216,
        1.0662524700164795,
        1.0382332056760788
    ],
    "train_acc": [
        0.28273809523809523,
        0.2683531746031746,
        0.26091269841269843,
        0.33978174603174605,
        0.2787698412698412,
        0.35714285714285715,
        0.29613095238095233,
        0.3134920634920635,
        0.4285714285714286,
        0.37797619047619047,
        0.35565476190476186,
        0.380952380952381,
        0.380952380952381,
        0.44841269841269843,
        0.42708333333333337,
        0.43005952380952384,
        0.4513888888888889,
        0.4399801587301587,
        0.43700396825396826,
        0.5119047619047619,
        0.5009920634920635,
        0.5069444444444444,
        0.4677579365079365,
        0.5069444444444444,
        0.5064484126984127,
        0.5491071428571428,
        0.5381944444444444,
        0.5491071428571428,
        0.5669642857142857,
        0.6205357142857143,
        0.5555555555555556,
        0.5803571428571428,
        0.5372023809523809,
        0.5694444444444444,
        0.6195436507936508,
        0.5833333333333334,
        0.6155753968253969,
        0.5902777777777778,
        0.5863095238095237,
        0.6651785714285714,
        0.6547619047619048,
        0.7113095238095238,
        0.675595238095238,
        0.668154761904762,
        0.6498015873015872,
        0.6889880952380953,
        0.6999007936507936,
        0.7137896825396826,
        0.7028769841269842,
        0.7172619047619048
    ],
    "val_loss": [
        1.4676542282104492,
        1.4383872747421265,
        1.417648196220398,
        1.4048452377319336,
        1.397890329360962,
        1.3950821161270142,
        1.393837809562683,
        1.3920979499816895,
        1.3905701637268066,
        1.3883922100067139,
        1.3848004341125488,
        1.3808836936950684,
        1.376744270324707,
        1.371735692024231,
        1.3670607805252075,
        1.362403154373169,
        1.3576184511184692,
        1.353065013885498,
        1.3488212823867798,
        1.3439425230026245,
        1.3397079706192017,
        1.3350104093551636,
        1.3305360078811646,
        1.327052354812622,
        1.3223910331726074,
        1.3185017108917236,
        1.314422607421875,
        1.3101025819778442,
        1.3060959577560425,
        1.302099347114563,
        1.2979178428649902,
        1.2943819761276245,
        1.2909568548202515,
        1.2869112491607666,
        1.283514142036438,
        1.2800953388214111,
        1.2761828899383545,
        1.2726476192474365,
        1.2689542770385742,
        1.2656776905059814,
        1.2626906633377075,
        1.2593278884887695,
        1.2555954456329346,
        1.2518327236175537,
        1.2490721940994263,
        1.2454354763031006,
        1.2420932054519653,
        1.2383419275283813,
        1.234187364578247,
        1.2313944101333618
    ],
    "val_acc": [
        0.27586206896551724,
        0.25862068965517243,
        0.27586206896551724,
        0.27586206896551724,
        0.3103448275862069,
        0.3620689655172414,
        0.3620689655172414,
        0.3275862068965517,
        0.3103448275862069,
        0.3448275862068966,
        0.3448275862068966,
        0.3448275862068966,
        0.3448275862068966,
        0.3448275862068966,
        0.3448275862068966,
        0.3448275862068966,
        0.3448275862068966,
        0.3448275862068966,
        0.3793103448275862,
        0.39655172413793105,
        0.39655172413793105,
        0.3793103448275862,
        0.41379310344827586,
        0.41379310344827586,
        0.41379310344827586,
        0.41379310344827586,
        0.41379310344827586,
        0.43103448275862066,
        0.43103448275862066,
        0.43103448275862066,
        0.41379310344827586,
        0.41379310344827586,
        0.43103448275862066,
        0.41379310344827586,
        0.41379310344827586,
        0.41379310344827586,
        0.43103448275862066,
        0.43103448275862066,
        0.43103448275862066,
        0.43103448275862066,
        0.43103448275862066,
        0.46551724137931033,
        0.46551724137931033,
        0.46551724137931033,
        0.46551724137931033,
        0.4827586206896552,
        0.46551724137931033,
        0.4827586206896552,
        0.4827586206896552,
        0.4827586206896552
    ],
    "test_loss": [],
    "test_acc": []
}