{
    "train_loss": [
        1.8541962504386902,
        1.8705084323883057,
        1.922247588634491,
        1.7859350740909576,
        1.8980991840362549,
        1.8486486077308655,
        1.907503992319107,
        1.749479591846466,
        1.786049723625183,
        1.7450162172317505,
        1.8090857863426208,
        1.8129592537879944,
        1.772431343793869,
        1.8061979115009308,
        1.8422798216342926,
        1.7892255783081055,
        1.7861413657665253,
        1.7804252803325653,
        1.7096763849258423,
        1.7339107990264893,
        1.7444457709789276,
        1.6733810007572174,
        1.7105184197425842,
        1.7771079242229462,
        1.643490344285965,
        1.6516030132770538,
        1.6596562266349792,
        1.6773204803466797,
        1.7250952124595642,
        1.6342833042144775,
        1.7032115757465363,
        1.704122245311737,
        1.614953339099884,
        1.6413460969924927,
        1.6398712694644928,
        1.6184971034526825,
        1.5935426652431488,
        1.6059263050556183,
        1.6781365871429443,
        1.6308243572711945,
        1.6957176625728607,
        1.5983820259571075,
        1.6065370440483093,
        1.5603641271591187,
        1.596677839756012,
        1.5642576217651367,
        1.5765359699726105,
        1.5939924716949463,
        1.5728705525398254,
        1.5343911945819855
    ],
    "train_acc": [
        0.5669642857142857,
        0.5882936507936508,
        0.5451388888888888,
        0.5739087301587301,
        0.5520833333333333,
        0.5595238095238095,
        0.545138888888889,
        0.5704365079365079,
        0.5808531746031745,
        0.5739087301587301,
        0.591765873015873,
        0.5307539682539683,
        0.5699404761904762,
        0.5520833333333334,
        0.5376984126984127,
        0.5768849206349207,
        0.5555555555555556,
        0.5451388888888888,
        0.5877976190476191,
        0.5912698412698413,
        0.5734126984126984,
        0.6021825396825398,
        0.5659722222222222,
        0.5515873015873016,
        0.6378968253968254,
        0.6200396825396826,
        0.5768849206349207,
        0.5947420634920635,
        0.5625,
        0.5734126984126984,
        0.5372023809523809,
        0.5947420634920635,
        0.601686507936508,
        0.5982142857142857,
        0.6160714285714286,
        0.6264880952380952,
        0.6374007936507936,
        0.5838293650793651,
        0.5902777777777778,
        0.6299603174603174,
        0.59375,
        0.6046626984126984,
        0.6046626984126984,
        0.6731150793650793,
        0.6473214285714286,
        0.6190476190476191,
        0.6155753968253969,
        0.5828373015873015,
        0.6225198412698413,
        0.6403769841269841
    ],
    "val_loss": [
        1.9905167818069458,
        1.9763884544372559,
        1.9713449478149414,
        1.9668203592300415,
        1.9622286558151245,
        1.9546160697937012,
        1.947121262550354,
        1.9421371221542358,
        1.9391899108886719,
        1.9382975101470947,
        1.9401861429214478,
        1.937727689743042,
        1.93503737449646,
        1.930460810661316,
        1.9272913932800293,
        1.9220771789550781,
        1.919897437095642,
        1.916214108467102,
        1.911913275718689,
        1.9111605882644653,
        1.9088780879974365,
        1.908197283744812,
        1.9072003364562988,
        1.9075567722320557,
        1.907607078552246,
        1.9076659679412842,
        1.9055814743041992,
        1.9064853191375732,
        1.9057626724243164,
        1.9033957719802856,
        1.902419924736023,
        1.900434970855713,
        1.8998855352401733,
        1.8966190814971924,
        1.8958215713500977,
        1.896969199180603,
        1.9002952575683594,
        1.9012731313705444,
        1.9020531177520752,
        1.8979995250701904,
        1.8959264755249023,
        1.8954598903656006,
        1.8903883695602417,
        1.8871759176254272,
        1.8834413290023804,
        1.8804996013641357,
        1.8793201446533203,
        1.8814871311187744,
        1.8807480335235596,
        1.8799376487731934
    ],
    "val_acc": [
        0.6206896551724138,
        0.6379310344827587,
        0.6379310344827587,
        0.6724137931034483,
        0.6724137931034483,
        0.6724137931034483,
        0.6724137931034483,
        0.6724137931034483,
        0.6724137931034483,
        0.6724137931034483,
        0.6896551724137931,
        0.6896551724137931,
        0.6724137931034483,
        0.6724137931034483,
        0.6724137931034483,
        0.6896551724137931,
        0.6724137931034483,
        0.6896551724137931,
        0.6896551724137931,
        0.6896551724137931,
        0.6724137931034483,
        0.6724137931034483,
        0.6724137931034483,
        0.6551724137931034,
        0.6551724137931034,
        0.6551724137931034,
        0.6896551724137931,
        0.6896551724137931,
        0.6724137931034483,
        0.6724137931034483,
        0.6724137931034483,
        0.6724137931034483,
        0.6724137931034483,
        0.6896551724137931,
        0.6896551724137931,
        0.6724137931034483,
        0.6724137931034483,
        0.6724137931034483,
        0.6724137931034483,
        0.6896551724137931,
        0.6896551724137931,
        0.6896551724137931,
        0.6724137931034483,
        0.6724137931034483,
        0.6896551724137931,
        0.7068965517241379,
        0.7068965517241379,
        0.6896551724137931,
        0.6896551724137931,
        0.6896551724137931
    ],
    "test_loss": [],
    "test_acc": []
}