{
    "train_loss": [
        2.1051275730133057,
        2.0332084205001593,
        1.9997997377067804,
        1.9733290784060955,
        1.9555544462054968,
        1.9374235905706882,
        1.9197570960968733,
        1.906709361821413,
        1.8943125680088997,
        1.8809633571654558,
        1.870330398902297,
        1.8578439634293318,
        1.848903963342309,
        1.8372059222310781,
        1.8282409254461527,
        1.8187122009694576,
        1.8075334019958973,
        1.8024904485791922,
        1.7909239139407873,
        1.7841937709599733,
        1.7685079965740442,
        1.7604998964816332,
        1.7521715592592955,
        1.742751931771636,
        1.7354344949126244,
        1.7228606455028057,
        1.7129604388028383,
        1.705020746216178,
        1.69921943731606,
        1.688081031665206,
        1.6787007376551628,
        1.6735010910779238,
        1.660520438104868,
        1.650088842958212,
        1.647440055385232,
        1.6357130613178015,
        1.6281729619950056,
        1.6178266294300556,
        1.6072204243391752,
        1.5993739813566208,
        1.5923041868954897,
        1.5822884980589151,
        1.573754832148552,
        1.561558473855257,
        1.5545368008315563,
        1.5494829509407282,
        1.5410931576043367,
        1.53443144261837,
        1.521532705053687,
        1.5097386483103037
    ],
    "train_acc": [
        0.3062065972222222,
        0.4186197916666667,
        0.46028645833333337,
        0.4898003472222222,
        0.5093315972222222,
        0.5266927083333333,
        0.5425347222222223,
        0.5501302083333333,
        0.5568576388888888,
        0.5757378472222223,
        0.5831163194444444,
        0.5881076388888888,
        0.601779513888889,
        0.6022135416666667,
        0.6156684027777778,
        0.6286892361111112,
        0.6278211805555556,
        0.6323784722222223,
        0.6423611111111112,
        0.6553819444444445,
        0.6599392361111112,
        0.6694878472222222,
        0.6692708333333334,
        0.6768663194444444,
        0.677734375,
        0.6820746527777778,
        0.6840277777777778,
        0.6918402777777778,
        0.697265625,
        0.6957465277777777,
        0.703342013888889,
        0.7013888888888888,
        0.7109375,
        0.7120225694444444,
        0.7135416666666667,
        0.7124565972222222,
        0.7154947916666666,
        0.7163628472222223,
        0.7174479166666666,
        0.7194010416666667,
        0.7211371527777779,
        0.7233072916666666,
        0.7289496527777778,
        0.7282986111111112,
        0.7313368055555556,
        0.7317708333333333,
        0.7300347222222222,
        0.7332899305555555,
        0.7398003472222222,
        0.7289496527777777
    ],
    "val_loss": [
        2.0409570783376694,
        2.0075505040585995,
        1.9736390132457018,
        1.950377805158496,
        1.9315538257360458,
        1.9150373190641403,
        1.899865623563528,
        1.8847510982304811,
        1.8720563929527998,
        1.8619513344019651,
        1.8483520038425922,
        1.8365371022373438,
        1.8286024630069733,
        1.8240150194615126,
        1.811037864536047,
        1.7965261340141296,
        1.7917382214218378,
        1.7800046745687723,
        1.7748946342617273,
        1.7662798911333084,
        1.7511433456093073,
        1.7475728243589401,
        1.7254279498010874,
        1.7276220433413982,
        1.712576599791646,
        1.7021928057074547,
        1.6917204465717077,
        1.6854235380887985,
        1.6711366418749094,
        1.6629086323082447,
        1.6536451876163483,
        1.6498932484537363,
        1.6347326822578907,
        1.6318391859531403,
        1.625462306663394,
        1.6101472470909357,
        1.6014641113579273,
        1.5971246510744095,
        1.5839526411145926,
        1.57530184276402,
        1.5657406393438578,
        1.554050138220191,
        1.5547405909746885,
        1.5417740549892187,
        1.5557703897356987,
        1.5243082083761692,
        1.5335151962935925,
        1.5039541628211737,
        1.5000744294375181,
        1.4856067784130573
    ],
    "val_acc": [
        0.40494791666666663,
        0.4618055555555556,
        0.5015190972222223,
        0.5080295138888888,
        0.5321180555555556,
        0.5525173611111112,
        0.568359375,
        0.572265625,
        0.5811631944444444,
        0.5946180555555556,
        0.6046006944444444,
        0.6165364583333334,
        0.6119791666666666,
        0.630859375,
        0.6330295138888888,
        0.6358506944444444,
        0.6484375,
        0.6534288194444445,
        0.6603732638888888,
        0.6671006944444444,
        0.6764322916666667,
        0.6829427083333333,
        0.6911892361111112,
        0.6966145833333333,
        0.6955295138888888,
        0.703125,
        0.7044270833333334,
        0.7059461805555556,
        0.7087673611111112,
        0.7152777777777778,
        0.7165798611111112,
        0.7196180555555556,
        0.7204861111111112,
        0.7267795138888888,
        0.724609375,
        0.7330729166666666,
        0.7263454861111112,
        0.7328559027777778,
        0.7365451388888888,
        0.734375,
        0.7361111111111112,
        0.7367621527777778,
        0.7411024305555556,
        0.7376302083333334,
        0.7437065972222222,
        0.7411024305555556,
        0.7445746527777777,
        0.750217013888889,
        0.7478298611111112,
        0.7482638888888888
    ],
    "test_loss": [],
    "test_acc": []
}