{
    "train_loss": [
        2.4366090521216393,
        2.1699596233665943,
        2.0818592458963394,
        2.021786268800497,
        1.9824616573750973,
        1.9545539300888777,
        1.929473528638482,
        1.9103060364723206,
        1.8923683986067772,
        1.8764084409922361,
        1.8624320700764656,
        1.850229050964117,
        1.837468484416604,
        1.8248486686497927,
        1.815292289480567,
        1.8052133936434984,
        1.7979345973581076,
        1.7873421274125576,
        1.7805903609842062,
        1.7709700111299753,
        1.7604166269302368,
        1.7534992210566998,
        1.7452433127909899,
        1.7381143886595964,
        1.7303734589368105,
        1.7232343684881926,
        1.7137096803635359,
        1.7055756226181984,
        1.6988638043403625,
        1.6883704159408808,
        1.6834206841886044,
        1.6755718290805817,
        1.6639457512646914,
        1.6585078313946724,
        1.647865543141961,
        1.6432541701942682,
        1.6357951909303665,
        1.6262732241302729,
        1.6221338156610727,
        1.611054427921772,
        1.6019527241587639,
        1.5994085911661386,
        1.589814979583025,
        1.5811281241476536,
        1.5761985071003437,
        1.5708184279501438,
        1.5640753172338009,
        1.5581891611218452,
        1.5475913099944592,
        1.541371552273631
    ],
    "train_acc": [
        0.3114149305555555,
        0.4164496527777778,
        0.48697916666666663,
        0.5249565972222221,
        0.5590277777777777,
        0.5670572916666666,
        0.5885416666666666,
        0.5972222222222223,
        0.6163194444444444,
        0.6219618055555556,
        0.6375868055555556,
        0.6391059027777778,
        0.6475694444444444,
        0.6595052083333333,
        0.6595052083333333,
        0.6655815972222222,
        0.6655815972222221,
        0.6727430555555556,
        0.6768663194444444,
        0.683376736111111,
        0.6883680555555556,
        0.6920572916666666,
        0.6976996527777778,
        0.6974826388888888,
        0.7037760416666667,
        0.7016059027777777,
        0.7096354166666667,
        0.710720486111111,
        0.7198350694444444,
        0.7222222222222222,
        0.7202690972222222,
        0.720486111111111,
        0.728515625,
        0.7274305555555556,
        0.7330729166666667,
        0.740234375,
        0.7419704861111112,
        0.7371961805555556,
        0.7424045138888888,
        0.738064236111111,
        0.7469618055555556,
        0.7447916666666666,
        0.7482638888888888,
        0.7552083333333333,
        0.7536892361111112,
        0.7543402777777778,
        0.7532552083333333,
        0.7588975694444444,
        0.7586805555555556,
        0.7580295138888888
    ],
    "val_loss": [
        2.2267269529402256,
        2.106521410867572,
        2.038123857229948,
        1.98657669685781,
        1.9518427588045597,
        1.9420439340174198,
        1.904691904783249,
        1.8874213621020317,
        1.873874032869935,
        1.8641038034111261,
        1.8489796984940767,
        1.8305039871484041,
        1.8197459373623133,
        1.8141928520053625,
        1.8035599179565907,
        1.8021453637629747,
        1.7770939338952303,
        1.7723524775356054,
        1.762612959370017,
        1.749931875616312,
        1.741707842797041,
        1.7364549338817596,
        1.7295271009206772,
        1.7256052605807781,
        1.7137244008481503,
        1.7071026656776667,
        1.693402687087655,
        1.6850846260786057,
        1.679081754758954,
        1.6760517898947,
        1.6640497576445341,
        1.6509458534419537,
        1.6455174572765827,
        1.6356798242777586,
        1.631070427596569,
        1.6314864177256823,
        1.61455599963665,
        1.6066214963793755,
        1.6063097082078457,
        1.5950353723019361,
        1.586825953796506,
        1.5799931418150663,
        1.5827880296856165,
        1.5569554399698973,
        1.5536689665168524,
        1.5460410248488188,
        1.5447233393788338,
        1.5443545393645763,
        1.5233114939182997,
        1.5180202517658472
    ],
    "val_acc": [
        0.39973958333333337,
        0.462890625,
        0.5128038194444444,
        0.5464409722222222,
        0.5740017361111112,
        0.5868055555555556,
        0.6032986111111112,
        0.6091579861111112,
        0.6306423611111112,
        0.6375868055555555,
        0.6456163194444444,
        0.6510416666666666,
        0.6638454861111112,
        0.6614583333333334,
        0.66796875,
        0.6770833333333334,
        0.6814236111111112,
        0.6864149305555556,
        0.6898871527777778,
        0.6953125,
        0.701171875,
        0.6966145833333334,
        0.703125,
        0.7042100694444445,
        0.7161458333333333,
        0.7141927083333333,
        0.7215711805555556,
        0.72265625,
        0.724826388888889,
        0.7296006944444445,
        0.7345920138888888,
        0.7391493055555556,
        0.730251736111111,
        0.740234375,
        0.7415364583333333,
        0.7486979166666667,
        0.75,
        0.7456597222222222,
        0.7467447916666666,
        0.7571614583333333,
        0.7573784722222222,
        0.7588975694444444,
        0.761501736111111,
        0.759548611111111,
        0.7630208333333334,
        0.7610677083333334,
        0.7634548611111112,
        0.763671875,
        0.7673611111111112,
        0.7682291666666667
    ],
    "test_loss": [],
    "test_acc": []
}