{
    "train_loss": [
        2.4224206246435642,
        2.1602491475641727,
        2.07058940269053,
        2.0173032376915216,
        1.9726851154118776,
        1.9440842848271132,
        1.921425610780716,
        1.9036995768547058,
        1.88592011295259,
        1.870441745966673,
        1.8574290461838245,
        1.846442824229598,
        1.8339287601411343,
        1.8231184110045433,
        1.8099541701376438,
        1.8025839049369097,
        1.7911630794405937,
        1.779288399964571,
        1.7686240132898092,
        1.7595574464648962,
        1.7489907052367926,
        1.7373695764690638,
        1.7290436290204525,
        1.7228725589811802,
        1.7135595716536045,
        1.7071168776601553,
        1.6966280434280634,
        1.6883632466197014,
        1.6830388940870762,
        1.6767710037529469,
        1.6664529740810394,
        1.6640329379588366,
        1.6560607850551605,
        1.6463082041591406,
        1.64250579290092,
        1.6323863845318556,
        1.6255660839378834,
        1.6185661908239126,
        1.6131825111806393,
        1.6040598824620247,
        1.5970508307218552,
        1.5900498274713755,
        1.5841360297054052,
        1.576294805854559,
        1.5679454039782286,
        1.5614748261868954,
        1.5551799535751343,
        1.5485741458833218,
        1.543488822877407,
        1.5343572236597538
    ],
    "train_acc": [
        0.3003472222222222,
        0.4236111111111111,
        0.4848090277777778,
        0.5221354166666666,
        0.5559895833333333,
        0.580078125,
        0.5991753472222221,
        0.6032986111111112,
        0.6184895833333334,
        0.6291232638888888,
        0.6336805555555556,
        0.6484375,
        0.6473524305555556,
        0.6588541666666667,
        0.6655815972222223,
        0.6681857638888888,
        0.6790364583333334,
        0.6744791666666666,
        0.6848958333333333,
        0.6868489583333334,
        0.6976996527777778,
        0.6944444444444444,
        0.7035590277777778,
        0.7022569444444444,
        0.7139756944444444,
        0.7113715277777778,
        0.7222222222222223,
        0.7230902777777778,
        0.7237413194444444,
        0.7313368055555556,
        0.7354600694444444,
        0.7296006944444444,
        0.7356770833333333,
        0.7339409722222223,
        0.7339409722222223,
        0.7421875,
        0.7428385416666667,
        0.744140625,
        0.7450086805555556,
        0.7413194444444445,
        0.74609375,
        0.7508680555555556,
        0.7528211805555556,
        0.75,
        0.7513020833333333,
        0.7545572916666666,
        0.7530381944444444,
        0.7575954861111112,
        0.7532552083333334,
        0.75390625
    ],
    "val_loss": [
        2.2194128297269344,
        2.0981234423816204,
        2.0287297293543816,
        1.9820825643837452,
        1.9512478187680244,
        1.9188892766833305,
        1.9031365159898996,
        1.8810040839016438,
        1.8635298926383257,
        1.8525907285511494,
        1.8418866861611605,
        1.8253420032560825,
        1.811861079186201,
        1.8053512424230576,
        1.797537013888359,
        1.7809345684945583,
        1.769861275330186,
        1.7638738695532084,
        1.7458991892635822,
        1.7367825862020254,
        1.730625357478857,
        1.7197796422988176,
        1.721972294151783,
        1.7183568552136421,
        1.6919597182422876,
        1.6962415594607592,
        1.6736429668962955,
        1.6719526462256908,
        1.6657169125974178,
        1.6559286303818226,
        1.6518732495605946,
        1.644671818241477,
        1.6342029124498367,
        1.6229502502828836,
        1.6251751203089952,
        1.6167527250945568,
        1.6042771246284246,
        1.5972571559250355,
        1.5993515029549599,
        1.5854138042777777,
        1.5786377768963575,
        1.5679973009973764,
        1.5625857133418322,
        1.55765581689775,
        1.545283792540431,
        1.551895271986723,
        1.5334913488477468,
        1.5256606116890907,
        1.5263433121144772,
        1.5092399511486292
    ],
    "val_acc": [
        0.3934461805555556,
        0.45833333333333337,
        0.513888888888889,
        0.55859375,
        0.5842013888888888,
        0.5907118055555556,
        0.6121961805555556,
        0.6180555555555556,
        0.6297743055555556,
        0.6332465277777778,
        0.6493055555555556,
        0.658203125,
        0.6625434027777779,
        0.6707899305555556,
        0.6688368055555556,
        0.6838107638888888,
        0.6814236111111112,
        0.6881510416666667,
        0.693142361111111,
        0.7022569444444444,
        0.7039930555555555,
        0.7055121527777778,
        0.7165798611111112,
        0.7111545138888888,
        0.7198350694444444,
        0.7261284722222222,
        0.7326388888888888,
        0.7339409722222223,
        0.7354600694444444,
        0.7339409722222222,
        0.7421875,
        0.7443576388888888,
        0.7419704861111112,
        0.7491319444444444,
        0.7506510416666667,
        0.7541232638888888,
        0.7508680555555556,
        0.7493489583333334,
        0.7547743055555555,
        0.7532552083333333,
        0.7552083333333333,
        0.7584635416666667,
        0.7608506944444444,
        0.7623697916666666,
        0.7606336805555556,
        0.7588975694444444,
        0.7615017361111112,
        0.7651909722222222,
        0.7660590277777779,
        0.7667100694444444
    ],
    "test_loss": [],
    "test_acc": []
}