{
    "train_loss": [
        1.3687143251299858,
        1.3226899486035109,
        1.2854197677224874,
        1.2493635397404432,
        1.2215791940689087,
        1.1969080287963152,
        1.1761519685387611,
        1.157962566241622,
        1.142421666532755,
        1.1286287857219577,
        1.1145528201013803,
        1.1031292174011469,
        1.091276147402823,
        1.0803863406181335,
        1.0712683768942952,
        1.0623396765440702,
        1.0510045615956187,
        1.041935476474464,
        1.0299418894574046,
        1.020817281678319,
        1.013131476007402,
        1.002297722734511,
        0.9911872921511531,
        0.98447709903121,
        0.9756544828414917,
        0.966776336543262,
        0.9578662179410458,
        0.9500365946441889,
        0.9443895574659109,
        0.9382642526179552,
        0.9307792326435447,
        0.9239185992628336,
        0.9171576611697674,
        0.9127494376152754,
        0.9060784671455622,
        0.9012504331767559,
        0.8953730361536145,
        0.8904496729373932,
        0.8858228120952845,
        0.8798882821574807,
        0.8751627244055271,
        0.8693265859037638,
        0.8661417989060283,
        0.862792981788516,
        0.8560013817623258,
        0.8558720806613564,
        0.8477434851229191,
        0.8435573717579246,
        0.8397991498932242,
        0.8358304789289832
    ],
    "train_acc": [
        0.3122829861111111,
        0.3936631944444444,
        0.431640625,
        0.4650607638888889,
        0.4789496527777778,
        0.4969618055555556,
        0.5177951388888888,
        0.5223524305555556,
        0.5379774305555556,
        0.541015625,
        0.5575086805555556,
        0.5629340277777778,
        0.572265625,
        0.5753038194444445,
        0.5859375,
        0.5887586805555556,
        0.6032986111111112,
        0.6039496527777778,
        0.6108940972222223,
        0.6206597222222222,
        0.6304253472222222,
        0.63671875,
        0.642578125,
        0.6440972222222222,
        0.6462673611111112,
        0.6566840277777778,
        0.6575520833333333,
        0.6690538194444444,
        0.6668836805555556,
        0.671875,
        0.6753472222222222,
        0.6742621527777777,
        0.6781684027777778,
        0.6790364583333334,
        0.6866319444444444,
        0.6892361111111112,
        0.6809895833333333,
        0.6892361111111112,
        0.6953125,
        0.6957465277777778,
        0.6957465277777778,
        0.6976996527777778,
        0.6974826388888888,
        0.7016059027777778,
        0.69921875,
        0.7039930555555556,
        0.7092013888888888,
        0.708984375,
        0.7126736111111112,
        0.7052951388888888
    ],
    "val_loss": [
        1.3342090491205454,
        1.2956938929855824,
        1.256771083921194,
        1.2253614235669374,
        1.197799738496542,
        1.1745348870754242,
        1.1547799929976463,
        1.1368450867012143,
        1.1228351537138224,
        1.1084263203665614,
        1.0974548272788525,
        1.0847083795815706,
        1.0746647780761123,
        1.0648527825251222,
        1.052417404949665,
        1.043980616144836,
        1.0352937644347548,
        1.0240892581641674,
        1.0121273389086127,
        1.0056419791653752,
        0.9935756744816899,
        0.9838182451203465,
        0.9774080952629447,
        0.9667211566120386,
        0.9579359274357557,
        0.9510079808533192,
        0.9421663396060467,
        0.9353827871382236,
        0.9281846946105361,
        0.9204424368217587,
        0.917544717900455,
        0.9071593470871449,
        0.9025422371923923,
        0.8959725527092814,
        0.8921859888359904,
        0.8824461214244366,
        0.8804683117195964,
        0.8744710730388761,
        0.8699315078556538,
        0.8637147042900324,
        0.858842265792191,
        0.8566511599346995,
        0.8494384353980422,
        0.8439621143043041,
        0.843760465271771,
        0.8381975088268518,
        0.8325967164710164,
        0.8259129207581282,
        0.8246840490028262,
        0.8196487473323941
    ],
    "val_acc": [
        0.3823784722222222,
        0.423828125,
        0.4613715277777778,
        0.478515625,
        0.4984809027777778,
        0.5212673611111112,
        0.5366753472222222,
        0.5438368055555556,
        0.5457899305555556,
        0.5618489583333333,
        0.564453125,
        0.5733506944444444,
        0.5857204861111112,
        0.5909288194444444,
        0.5965711805555556,
        0.6069878472222222,
        0.609592013888889,
        0.6217447916666665,
        0.634765625,
        0.640625,
        0.6423611111111112,
        0.6482204861111112,
        0.6514756944444445,
        0.6588541666666667,
        0.6612413194444444,
        0.6701388888888888,
        0.674045138888889,
        0.6744791666666667,
        0.6770833333333334,
        0.685763888888889,
        0.6829427083333334,
        0.6890190972222222,
        0.6885850694444444,
        0.6916232638888888,
        0.6979166666666667,
        0.6979166666666666,
        0.6961805555555555,
        0.7016059027777777,
        0.7063802083333334,
        0.7124565972222222,
        0.7131076388888888,
        0.7057291666666666,
        0.7120225694444444,
        0.71484375,
        0.7159288194444445,
        0.7150607638888888,
        0.7157118055555556,
        0.7194010416666666,
        0.7196180555555556,
        0.7235243055555556
    ],
    "test_loss": [],
    "test_acc": []
}