{
    "train_loss": [
        0.8871666640043259,
        0.8901745826005936,
        0.8772954493761063,
        0.9339691400527954,
        0.8958453983068466,
        0.8703691810369492,
        0.83060422539711,
        0.8697799295186996,
        0.806251585483551,
        0.9096211344003677,
        0.8561114221811295,
        0.8114687502384186,
        0.8261317759752274,
        0.8150817155838013,
        0.8098345696926117,
        0.8120231032371521,
        0.8098876029253006,
        0.7747682482004166,
        0.8549086600542068,
        0.8306741863489151,
        0.8113551735877991,
        0.8095600455999374,
        0.7576696425676346,
        0.7714516073465347,
        0.7898413240909576,
        0.7822262644767761,
        0.7349195182323456,
        0.7923901677131653,
        0.8070671111345291,
        0.7573698163032532,
        0.7350673228502274,
        0.7106985598802567,
        0.7293522208929062,
        0.842444509267807,
        0.7672852128744125,
        0.7885869145393372,
        0.7678605616092682,
        0.7040078639984131,
        0.7562053799629211,
        0.6846875250339508,
        0.6959241777658463,
        0.7478747367858887,
        0.7317203283309937,
        0.6899774968624115,
        0.695683091878891,
        0.7067701667547226,
        0.6901070773601532,
        0.7453620880842209,
        0.6943115741014481,
        0.6810376346111298
    ],
    "train_acc": [
        0.6721230158730159,
        0.6502976190476191,
        0.6929563492063492,
        0.6393849206349207,
        0.6820436507936508,
        0.6820436507936508,
        0.6929563492063492,
        0.7068452380952381,
        0.7068452380952381,
        0.6245039682539683,
        0.7172619047619048,
        0.7242063492063492,
        0.7028769841269842,
        0.6954365079365079,
        0.7063492063492064,
        0.7242063492063492,
        0.7490079365079365,
        0.7346230158730158,
        0.7162698412698413,
        0.7018849206349207,
        0.751984126984127,
        0.7375992063492064,
        0.777281746031746,
        0.7485119047619047,
        0.7410714285714286,
        0.7162698412698413,
        0.7733134920634921,
        0.7410714285714286,
        0.748015873015873,
        0.7514880952380953,
        0.7981150793650793,
        0.7837301587301587,
        0.7946428571428572,
        0.7152777777777778,
        0.7445436507936508,
        0.7083333333333333,
        0.7331349206349207,
        0.7509920634920635,
        0.7728174603174602,
        0.8189484126984128,
        0.8080357142857143,
        0.779265873015873,
        0.7936507936507936,
        0.8010912698412699,
        0.8224206349206349,
        0.7901785714285714,
        0.818452380952381,
        0.775297619047619,
        0.8219246031746031,
        0.836309523809524
    ],
    "val_loss": [
        0.8778940439224243,
        0.8736642599105835,
        0.8690506219863892,
        0.866901159286499,
        0.863716185092926,
        0.8627361059188843,
        0.8598232269287109,
        0.8566563129425049,
        0.8555951118469238,
        0.8553241491317749,
        0.8530866503715515,
        0.8492923974990845,
        0.848979115486145,
        0.8468092679977417,
        0.8439462184906006,
        0.8421172499656677,
        0.8401342034339905,
        0.839277446269989,
        0.8384352326393127,
        0.8370707035064697,
        0.8347815871238708,
        0.8328604698181152,
        0.8325955867767334,
        0.8312608599662781,
        0.8302350044250488,
        0.8283595442771912,
        0.8268440365791321,
        0.8262710571289062,
        0.8256544470787048,
        0.8240860104560852,
        0.8245962262153625,
        0.8234460949897766,
        0.8232980370521545,
        0.8215360045433044,
        0.8175877332687378,
        0.814886748790741,
        0.8141537308692932,
        0.8132554292678833,
        0.8116891980171204,
        0.8116120100021362,
        0.8107941746711731,
        0.8094261884689331,
        0.809873104095459,
        0.8096500635147095,
        0.8092803955078125,
        0.8081328272819519,
        0.8070642948150635,
        0.807787299156189,
        0.8066341280937195,
        0.8043608665466309
    ],
    "val_acc": [
        0.6896551724137931,
        0.7068965517241379,
        0.7068965517241379,
        0.7241379310344828,
        0.7068965517241379,
        0.7068965517241379,
        0.7068965517241379,
        0.7241379310344828,
        0.7068965517241379,
        0.7068965517241379,
        0.7068965517241379,
        0.7068965517241379,
        0.7068965517241379,
        0.7068965517241379,
        0.7241379310344828,
        0.7241379310344828,
        0.7241379310344828,
        0.7241379310344828,
        0.7241379310344828,
        0.7241379310344828,
        0.7068965517241379,
        0.7068965517241379,
        0.7068965517241379,
        0.7241379310344828,
        0.7241379310344828,
        0.7241379310344828,
        0.7241379310344828,
        0.7241379310344828,
        0.7241379310344828,
        0.7241379310344828,
        0.7241379310344828,
        0.7241379310344828,
        0.7241379310344828,
        0.7241379310344828,
        0.7413793103448276,
        0.7586206896551724,
        0.7586206896551724,
        0.7586206896551724,
        0.7586206896551724,
        0.7586206896551724,
        0.7586206896551724,
        0.7586206896551724,
        0.7586206896551724,
        0.7586206896551724,
        0.7586206896551724,
        0.7586206896551724,
        0.7586206896551724,
        0.7586206896551724,
        0.7586206896551724,
        0.7586206896551724
    ],
    "test_loss": [],
    "test_acc": []
}