{
    "train_loss": [
        1.8448320031166077,
        1.8187820315361023,
        1.7617845237255096,
        1.7787542939186096,
        1.7464438676834106,
        1.7031124234199524,
        1.6332280039787292,
        1.6520582735538483,
        1.7006574273109436,
        1.5749239027500153,
        1.6916893124580383,
        1.6105567812919617,
        1.6460188925266266,
        1.6652891337871552,
        1.6059529781341553,
        1.629374623298645,
        1.5826319456100464,
        1.5878008604049683,
        1.5362189412117004,
        1.4893531799316406,
        1.5351464748382568,
        1.5179761052131653,
        1.5550568997859955,
        1.5087416172027588,
        1.4583129584789276,
        1.472994178533554,
        1.5091849565505981,
        1.606402575969696,
        1.520395189523697,
        1.4426907896995544,
        1.4813527166843414,
        1.428220957517624,
        1.5070304572582245,
        1.3932320177555084,
        1.4364994168281555,
        1.4184783697128296,
        1.3915164768695831,
        1.4088465571403503,
        1.3976795077323914,
        1.401198923587799,
        1.393832415342331,
        1.5071486234664917,
        1.320367008447647,
        1.4222812950611115,
        1.3792061805725098,
        1.3530682921409607,
        1.3344989717006683,
        1.3935353457927704,
        1.4038649499416351,
        1.3280368149280548
    ],
    "train_acc": [
        0.6116071428571428,
        0.6006944444444444,
        0.6220238095238095,
        0.611111111111111,
        0.654265873015873,
        0.628968253968254,
        0.689484126984127,
        0.6393849206349207,
        0.6284722222222222,
        0.7182539682539681,
        0.6572420634920635,
        0.664186507936508,
        0.6354166666666666,
        0.6924603174603174,
        0.6820436507936508,
        0.6706349206349207,
        0.7033730158730158,
        0.720734126984127,
        0.7564484126984128,
        0.7529761904761905,
        0.7023809523809523,
        0.7455357142857143,
        0.691468253968254,
        0.7237103174603174,
        0.7415674603174602,
        0.7450396825396826,
        0.6944444444444444,
        0.683531746031746,
        0.7301587301587301,
        0.748015873015873,
        0.7624007936507936,
        0.7767857142857143,
        0.7083333333333334,
        0.7693452380952381,
        0.8090277777777778,
        0.7698412698412699,
        0.7728174603174603,
        0.7549603174603176,
        0.7906746031746031,
        0.7475198412698413,
        0.7475198412698413,
        0.7366071428571428,
        0.8194444444444444,
        0.7941468253968255,
        0.7797619047619048,
        0.7653769841269842,
        0.8010912698412699,
        0.7504960317460319,
        0.7584325396825398,
        0.8115079365079365
    ],
    "val_loss": [
        1.867499828338623,
        1.8467626571655273,
        1.8338515758514404,
        1.8248647451400757,
        1.8194139003753662,
        1.8118736743927002,
        1.8057684898376465,
        1.7999556064605713,
        1.7963385581970215,
        1.793289303779602,
        1.790108561515808,
        1.7868976593017578,
        1.7840328216552734,
        1.7793205976486206,
        1.7764742374420166,
        1.7720919847488403,
        1.7692878246307373,
        1.7641258239746094,
        1.758712887763977,
        1.7543126344680786,
        1.749945878982544,
        1.747342586517334,
        1.7465436458587646,
        1.7466813325881958,
        1.7455265522003174,
        1.7452049255371094,
        1.7421200275421143,
        1.742255449295044,
        1.7410260438919067,
        1.742271900177002,
        1.7391767501831055,
        1.7355883121490479,
        1.7313826084136963,
        1.729050874710083,
        1.7283562421798706,
        1.726085901260376,
        1.7242393493652344,
        1.720018744468689,
        1.7178400754928589,
        1.7144818305969238,
        1.7128732204437256,
        1.7132453918457031,
        1.7137467861175537,
        1.7125132083892822,
        1.7112938165664673,
        1.7127717733383179,
        1.7110850811004639,
        1.7112267017364502,
        1.7094526290893555,
        1.7086490392684937
    ],
    "val_acc": [
        0.7068965517241379,
        0.7241379310344828,
        0.7241379310344828,
        0.7241379310344828,
        0.7241379310344828,
        0.7241379310344828,
        0.7413793103448276,
        0.7413793103448276,
        0.7413793103448276,
        0.7586206896551724,
        0.7758620689655172,
        0.7758620689655172,
        0.7758620689655172,
        0.7758620689655172,
        0.7931034482758621,
        0.7931034482758621,
        0.8103448275862069,
        0.8103448275862069,
        0.8103448275862069,
        0.8103448275862069,
        0.8103448275862069,
        0.8103448275862069,
        0.8103448275862069,
        0.8103448275862069,
        0.8103448275862069,
        0.8103448275862069,
        0.8103448275862069,
        0.8103448275862069,
        0.8103448275862069,
        0.8275862068965517,
        0.8275862068965517,
        0.8275862068965517,
        0.8275862068965517,
        0.8275862068965517,
        0.8275862068965517,
        0.8275862068965517,
        0.8103448275862069,
        0.8103448275862069,
        0.8103448275862069,
        0.8103448275862069,
        0.8103448275862069,
        0.8103448275862069,
        0.8103448275862069,
        0.8103448275862069,
        0.8103448275862069,
        0.8103448275862069,
        0.8103448275862069,
        0.8103448275862069,
        0.8103448275862069,
        0.8103448275862069
    ],
    "test_loss": [],
    "test_acc": []
}