{
    "train_loss": [
        2.443179577589035,
        2.1728263907134533,
        2.084431843832135,
        2.0284924767911434,
        1.9881639871746302,
        1.956553615629673,
        1.931409765034914,
        1.9129273872822523,
        1.894373893737793,
        1.8780677262693644,
        1.8659536205232143,
        1.8511532619595528,
        1.842791160568595,
        1.8299382105469704,
        1.8212145045399666,
        1.8093215506523848,
        1.7986995000392199,
        1.7923172432929277,
        1.7833073809742928,
        1.7753921691328287,
        1.7653906028717756,
        1.7578154355287552,
        1.7499246541410685,
        1.742829067632556,
        1.7388794478029013,
        1.7294701095670462,
        1.720813523977995,
        1.7118832617998123,
        1.7045588809996843,
        1.6964112110435963,
        1.6894380114972591,
        1.680399602279067,
        1.6743708234280348,
        1.6696382984519005,
        1.6645683627575636,
        1.6500500198453665,
        1.6429732479155064,
        1.6371832862496376,
        1.6286237686872482,
        1.6207800302654505,
        1.61787005700171,
        1.6104549299925566,
        1.6014434583485126,
        1.5968909729272127,
        1.5913512408733368,
        1.5793109498918056,
        1.5727638937532902,
        1.5678235031664371,
        1.5628576874732971,
        1.5503289196640253
    ],
    "train_acc": [
        0.3062065972222222,
        0.404296875,
        0.46853298611111116,
        0.5110677083333333,
        0.5462239583333333,
        0.5711805555555556,
        0.5835503472222222,
        0.6013454861111112,
        0.6091579861111112,
        0.619357638888889,
        0.6284722222222222,
        0.6373697916666666,
        0.6436631944444444,
        0.6467013888888888,
        0.654296875,
        0.6666666666666666,
        0.6716579861111112,
        0.6792534722222222,
        0.6796875,
        0.6877170138888888,
        0.6935763888888888,
        0.6983506944444444,
        0.7016059027777777,
        0.7046440972222222,
        0.7072482638888888,
        0.708984375,
        0.714626736111111,
        0.7174479166666666,
        0.7180989583333333,
        0.7215711805555556,
        0.7233072916666667,
        0.7272135416666667,
        0.732421875,
        0.7287326388888888,
        0.732638888888889,
        0.7352430555555556,
        0.740451388888889,
        0.7419704861111112,
        0.7408854166666667,
        0.7417534722222222,
        0.7430555555555556,
        0.7478298611111112,
        0.7482638888888888,
        0.7469618055555556,
        0.7513020833333334,
        0.751953125,
        0.7543402777777778,
        0.7530381944444444,
        0.7547743055555555,
        0.7536892361111112
    ],
    "val_loss": [
        2.2330960407853127,
        2.109114319086075,
        2.0390496477484703,
        1.99767392501235,
        1.9567773472517729,
        1.9301926922053099,
        1.9103853479027748,
        1.8892315458506346,
        1.8729237783700228,
        1.8666575774550438,
        1.8466670475900173,
        1.8303262367844582,
        1.8220790773630142,
        1.8095162957906723,
        1.8113808799535036,
        1.7920727469027042,
        1.7801780831068754,
        1.7778496257960796,
        1.7659640591591597,
        1.7548561450093985,
        1.7490314058959484,
        1.740631278604269,
        1.7369666192680597,
        1.7295592464506626,
        1.717788090929389,
        1.7209644299000502,
        1.7041075211018324,
        1.6934553198516369,
        1.6910494938492775,
        1.6780811436474323,
        1.669949209317565,
        1.6634466517716646,
        1.653366120532155,
        1.6509641911834478,
        1.6414485480636358,
        1.6369002759456635,
        1.6300272904336452,
        1.6209390386939049,
        1.6145502552390099,
        1.6052885260432959,
        1.610536191612482,
        1.5881625674664974,
        1.5964827183634043,
        1.5849753227084875,
        1.5617852043360472,
        1.5627835467457771,
        1.5515774991363287,
        1.5483498312532902,
        1.5398696288466454,
        1.536437327042222
    ],
    "val_acc": [
        0.37565104166666663,
        0.4487847222222222,
        0.4978298611111111,
        0.5475260416666667,
        0.5651041666666666,
        0.5831163194444444,
        0.6026475694444444,
        0.6102430555555556,
        0.6180555555555556,
        0.6380208333333333,
        0.6414930555555556,
        0.6534288194444444,
        0.6525607638888888,
        0.6573350694444444,
        0.6692708333333333,
        0.6786024305555556,
        0.679470486111111,
        0.689236111111111,
        0.6959635416666667,
        0.7000868055555556,
        0.7005208333333333,
        0.7063802083333335,
        0.7092013888888888,
        0.716796875,
        0.7165798611111112,
        0.7204861111111112,
        0.7209201388888888,
        0.7278645833333334,
        0.728515625,
        0.7315538194444444,
        0.7313368055555556,
        0.7361111111111112,
        0.7439236111111112,
        0.7389322916666667,
        0.7415364583333333,
        0.748046875,
        0.7471788194444444,
        0.7445746527777779,
        0.7528211805555556,
        0.7437065972222223,
        0.7562934027777777,
        0.7549913194444444,
        0.7582465277777777,
        0.7625868055555556,
        0.7606336805555556,
        0.7632378472222221,
        0.7604166666666667,
        0.7630208333333334,
        0.7625868055555556,
        0.7643229166666666
    ],
    "test_loss": [],
    "test_acc": []
}