{
    "train_loss": [
        1.3146657347679138,
        1.3102461099624634,
        1.2654143273830414,
        1.2834701240062714,
        1.2640138864517212,
        1.2638172805309296,
        1.318748265504837,
        1.2082851231098175,
        1.1753769516944885,
        1.22422456741333,
        1.2374446094036102,
        1.204110473394394,
        1.2534757852554321,
        1.185271441936493,
        1.194579392671585,
        1.187790960073471,
        1.1617259979248047,
        1.220503956079483,
        1.170546680688858,
        1.1601778268814087,
        1.1370950043201447,
        1.1292155086994171,
        1.1621489822864532,
        1.1378088891506195,
        1.116742730140686,
        1.1399996280670166,
        1.1201658844947815,
        1.1220555007457733,
        1.1326090693473816,
        1.046194612979889,
        1.1177393794059753,
        1.1076923310756683,
        1.0080429315567017,
        1.1316297352313995,
        1.0231980085372925,
        1.095725268125534,
        1.1115595996379852,
        1.0620610117912292,
        1.062920480966568,
        1.1025104522705078,
        1.0548424124717712,
        1.054850995540619,
        1.0534998923540115,
        1.0270649939775467,
        1.0365608632564545,
        1.010838434100151,
        1.0493099987506866,
        1.039635330438614,
        1.004203051328659,
        1.045075610280037
    ],
    "train_acc": [
        0.44394841269841273,
        0.43005952380952384,
        0.43700396825396826,
        0.4117063492063492,
        0.408234126984127,
        0.43353174603174605,
        0.4365079365079365,
        0.4618055555555555,
        0.48710317460317465,
        0.45089285714285715,
        0.45436507936507936,
        0.43601190476190477,
        0.42857142857142855,
        0.5,
        0.47172619047619047,
        0.5069444444444444,
        0.5466269841269842,
        0.4816468253968254,
        0.5064484126984127,
        0.5138888888888888,
        0.5317460317460316,
        0.5248015873015872,
        0.5208333333333333,
        0.5277777777777778,
        0.5496031746031746,
        0.5317460317460317,
        0.5064484126984127,
        0.5243055555555556,
        0.5381944444444444,
        0.6026785714285714,
        0.5342261904761905,
        0.5451388888888888,
        0.6205357142857143,
        0.5267857142857143,
        0.6274801587301587,
        0.5520833333333334,
        0.5555555555555556,
        0.5734126984126984,
        0.5659722222222222,
        0.5481150793650793,
        0.6091269841269842,
        0.5838293650793651,
        0.5659722222222222,
        0.5912698412698413,
        0.6086309523809524,
        0.6374007936507936,
        0.5406746031746033,
        0.5833333333333334,
        0.6125992063492064,
        0.5942460317460316
    ],
    "val_loss": [
        1.165676474571228,
        1.174651861190796,
        1.1832554340362549,
        1.19288969039917,
        1.1978625059127808,
        1.2023355960845947,
        1.2064934968948364,
        1.2097166776657104,
        1.2051280736923218,
        1.201229214668274,
        1.200669527053833,
        1.198046326637268,
        1.1938133239746094,
        1.1938503980636597,
        1.190690517425537,
        1.187836766242981,
        1.1837173700332642,
        1.180934190750122,
        1.1801137924194336,
        1.1766690015792847,
        1.17336106300354,
        1.1715171337127686,
        1.1710035800933838,
        1.1682863235473633,
        1.167266845703125,
        1.1657605171203613,
        1.1616955995559692,
        1.1610310077667236,
        1.1597622632980347,
        1.1579742431640625,
        1.155153512954712,
        1.1518182754516602,
        1.1502423286437988,
        1.148370385169983,
        1.1461758613586426,
        1.1440225839614868,
        1.1435054540634155,
        1.1415953636169434,
        1.1399924755096436,
        1.1369383335113525,
        1.1347788572311401,
        1.1341333389282227,
        1.13258957862854,
        1.1319620609283447,
        1.1316481828689575,
        1.1296330690383911,
        1.1277908086776733,
        1.1258858442306519,
        1.1257041692733765,
        1.125563144683838
    ],
    "val_acc": [
        0.5,
        0.5172413793103449,
        0.5517241379310345,
        0.5,
        0.5172413793103449,
        0.5172413793103449,
        0.5172413793103449,
        0.5172413793103449,
        0.5172413793103449,
        0.5172413793103449,
        0.5344827586206896,
        0.5344827586206896,
        0.5344827586206896,
        0.5344827586206896,
        0.5344827586206896,
        0.5517241379310345,
        0.5517241379310345,
        0.5517241379310345,
        0.5517241379310345,
        0.5517241379310345,
        0.5517241379310345,
        0.5517241379310345,
        0.5517241379310345,
        0.5517241379310345,
        0.5517241379310345,
        0.5689655172413793,
        0.5689655172413793,
        0.5689655172413793,
        0.5689655172413793,
        0.5689655172413793,
        0.5689655172413793,
        0.5689655172413793,
        0.5862068965517241,
        0.5862068965517241,
        0.5862068965517241,
        0.5862068965517241,
        0.5862068965517241,
        0.5862068965517241,
        0.5862068965517241,
        0.5862068965517241,
        0.603448275862069,
        0.603448275862069,
        0.603448275862069,
        0.5862068965517241,
        0.5862068965517241,
        0.5862068965517241,
        0.603448275862069,
        0.603448275862069,
        0.603448275862069,
        0.5862068965517241
    ],
    "test_loss": [],
    "test_acc": []
}