{
    "train_loss": [
        2.1069209463894367,
        2.0307880733162165,
        1.995360866189003,
        1.9651218354701996,
        1.9417314864695072,
        1.925690496340394,
        1.9067897126078606,
        1.893723202869296,
        1.878419417887926,
        1.8665792029350996,
        1.8507782109081745,
        1.8370282873511314,
        1.8262392058968544,
        1.8114247024059296,
        1.799501247704029,
        1.7893179971724749,
        1.7771534211933613,
        1.7650864124298096,
        1.7578868065029383,
        1.7453142181038857,
        1.7341398522257805,
        1.724896315485239,
        1.7152533791959286,
        1.707790246233344,
        1.6932319551706314,
        1.6848708037286997,
        1.6751017179340124,
        1.6654310505837202,
        1.6576070077717304,
        1.6505341213196516,
        1.6423980444669724,
        1.6298416834324598,
        1.619354635477066,
        1.6129320058971643,
        1.6017067357897758,
        1.596866188570857,
        1.5858086720108986,
        1.5782657992094755,
        1.5653433557599783,
        1.5554051231592894,
        1.5483553316444159,
        1.541419718414545,
        1.5312876179814339,
        1.5188054516911507,
        1.513521060347557,
        1.50244365260005,
        1.4960487205535173,
        1.4854380656033754,
        1.4787544310092926,
        1.4700494538992643
    ],
    "train_acc": [
        0.3200954861111111,
        0.41623263888888884,
        0.45920138888888884,
        0.48893229166666663,
        0.5208333333333334,
        0.5303819444444444,
        0.5555555555555556,
        0.5635850694444444,
        0.5807291666666666,
        0.5965711805555556,
        0.6104600694444444,
        0.615017361111111,
        0.6312934027777778,
        0.6462673611111112,
        0.6571180555555556,
        0.6655815972222221,
        0.6712239583333334,
        0.6773003472222222,
        0.6833767361111112,
        0.693576388888889,
        0.6918402777777778,
        0.6994357638888888,
        0.7096354166666666,
        0.7135416666666666,
        0.716796875,
        0.7189670138888888,
        0.728298611111111,
        0.7252604166666667,
        0.7293836805555556,
        0.7345920138888888,
        0.7406684027777778,
        0.7352430555555556,
        0.7408854166666667,
        0.7450086805555556,
        0.7417534722222222,
        0.748046875,
        0.7552083333333333,
        0.7554253472222222,
        0.7625868055555556,
        0.7549913194444444,
        0.7582465277777777,
        0.7671440972222222,
        0.7643229166666666,
        0.7641059027777777,
        0.7552083333333333,
        0.7703993055555556,
        0.7688802083333333,
        0.7673611111111112,
        0.7677951388888888,
        0.7719184027777778
    ],
    "val_loss": [
        2.041751453652978,
        2.0005070716142654,
        1.971799386665225,
        1.9413795787841082,
        1.9274251628667116,
        1.9117928370833397,
        1.887376444414258,
        1.8703264687210321,
        1.8625554908066988,
        1.8452159892767668,
        1.827118644490838,
        1.8158317822963,
        1.808554980903864,
        1.7929327134042978,
        1.7763422708958387,
        1.762852342799306,
        1.751442339271307,
        1.7476012837141752,
        1.731877464801073,
        1.7267296891659498,
        1.7172635961323977,
        1.7049398478120565,
        1.6949247978627682,
        1.682768302038312,
        1.670850943773985,
        1.6661541257053614,
        1.6524624805897474,
        1.6462153680622578,
        1.6362962182611227,
        1.6338767260313034,
        1.6152598932385445,
        1.600017011165619,
        1.599011356011033,
        1.5884729363024235,
        1.5799281354993582,
        1.5767928455024958,
        1.5641318559646606,
        1.550326893106103,
        1.5397301744669676,
        1.5315383803099394,
        1.5236409772187471,
        1.51605124771595,
        1.506448520347476,
        1.4918323494493961,
        1.4891583323478699,
        1.4833038598299026,
        1.470157077535987,
        1.4605305157601833,
        1.4480051100254059,
        1.4476018715649843
    ],
    "val_acc": [
        0.3962673611111111,
        0.4581163194444444,
        0.4952256944444445,
        0.5275607638888888,
        0.5314670138888888,
        0.5633680555555556,
        0.5705295138888888,
        0.5939670138888888,
        0.6139322916666667,
        0.6126302083333333,
        0.6336805555555556,
        0.6362847222222222,
        0.6571180555555556,
        0.6714409722222221,
        0.6727430555555556,
        0.689453125,
        0.69140625,
        0.6963975694444444,
        0.7087673611111112,
        0.707248263888889,
        0.7163628472222223,
        0.7170138888888888,
        0.7183159722222222,
        0.7289496527777778,
        0.7361111111111112,
        0.7326388888888888,
        0.7319878472222222,
        0.7387152777777779,
        0.7476128472222222,
        0.7513020833333333,
        0.7554253472222222,
        0.7523871527777777,
        0.7560763888888888,
        0.7610677083333333,
        0.7654079861111112,
        0.7604166666666666,
        0.7682291666666667,
        0.7623697916666667,
        0.767578125,
        0.7725694444444444,
        0.7743055555555556,
        0.7764756944444444,
        0.777126736111111,
        0.775390625,
        0.7819010416666667,
        0.7799479166666667,
        0.7782118055555556,
        0.7836371527777778,
        0.783203125,
        0.78125
    ],
    "test_loss": [],
    "test_acc": []
}