{
    "train_loss": [
        2.1526046320796013,
        2.0487449169158936,
        2.0152417831122875,
        1.9835617914795876,
        1.9563113991171122,
        1.9328578617423773,
        1.9156994484364986,
        1.8959877789020538,
        1.88047812320292,
        1.8675601053982973,
        1.855027660727501,
        1.8439006339758635,
        1.8357296846807003,
        1.8270408306270838,
        1.8151579331606627,
        1.8086772542446852,
        1.7996514942497015,
        1.7911558169871569,
        1.7836615554988384,
        1.77768599614501,
        1.7726588863879442,
        1.766185451298952,
        1.760348666459322,
        1.752129938453436,
        1.745263945311308,
        1.739111002534628,
        1.7337707057595253,
        1.7270023319870234,
        1.7240087781101465,
        1.717081418260932,
        1.7125780917704105,
        1.706156825646758,
        1.6987444870173931,
        1.6963093467056751,
        1.6885373685508966,
        1.683295888826251,
        1.6772293467074633,
        1.670273993164301,
        1.6651234198361635,
        1.6570516675710678,
        1.6535858511924744,
        1.6474845111370087,
        1.6411666106432676,
        1.6343220211565495,
        1.6290370356291533,
        1.6229690182954073,
        1.614311657845974,
        1.6088951956480742,
        1.6019773613661528,
        1.600257670506835
    ],
    "train_acc": [
        0.3146701388888889,
        0.4021267361111111,
        0.4424913194444445,
        0.49609375,
        0.5240885416666667,
        0.548828125,
        0.5653211805555556,
        0.5900607638888888,
        0.5993923611111112,
        0.6195746527777778,
        0.6208767361111112,
        0.6395399305555556,
        0.6432291666666666,
        0.6525607638888888,
        0.6534288194444444,
        0.6642795138888888,
        0.6701388888888888,
        0.6723090277777778,
        0.6759982638888888,
        0.6818576388888888,
        0.6883680555555556,
        0.7018229166666667,
        0.6976996527777778,
        0.6974826388888888,
        0.7063802083333333,
        0.7059461805555556,
        0.7046440972222221,
        0.7124565972222222,
        0.7196180555555556,
        0.7152777777777778,
        0.7202690972222222,
        0.72265625,
        0.7198350694444444,
        0.7174479166666667,
        0.7239583333333333,
        0.7287326388888888,
        0.7269965277777778,
        0.7315538194444444,
        0.7287326388888888,
        0.7354600694444444,
        0.7354600694444444,
        0.7309027777777778,
        0.7393663194444444,
        0.7378472222222222,
        0.7415364583333334,
        0.741970486111111,
        0.7465277777777777,
        0.7413194444444444,
        0.7411024305555557,
        0.740234375
    ],
    "val_loss": [
        2.060053162276745,
        2.0202985517680645,
        1.9888565000146627,
        1.9635115582495928,
        1.9314835648983717,
        1.9102378524839878,
        1.8939691223204136,
        1.8748698104172945,
        1.862190105021,
        1.847814604640007,
        1.8391407411545515,
        1.8272091466933489,
        1.8210123796015978,
        1.810108695179224,
        1.7995144706219435,
        1.795964740216732,
        1.783208329230547,
        1.7737688589841127,
        1.7659147065132856,
        1.7593164406716824,
        1.7610335499048233,
        1.7496466971933842,
        1.7383577954024076,
        1.7323688138276339,
        1.727082321420312,
        1.7242735289037228,
        1.7160157933831215,
        1.7065603509545326,
        1.7084480077028275,
        1.6966621037572622,
        1.6983284633606672,
        1.6853814609348774,
        1.687407972291112,
        1.675008961930871,
        1.6671143658459187,
        1.6642431654036045,
        1.6555570419877768,
        1.6523657161742449,
        1.647825388237834,
        1.6409925799816847,
        1.6315456870943308,
        1.6271403692662716,
        1.623549498617649,
        1.6173052322119474,
        1.6042993180453777,
        1.5968420021235943,
        1.5901812091469765,
        1.5841889325529337,
        1.5787650793790817,
        1.5836981274187565
    ],
    "val_acc": [
        0.3977864583333333,
        0.4440104166666667,
        0.4950086805555556,
        0.5262586805555556,
        0.5533854166666667,
        0.5774739583333334,
        0.5978732638888888,
        0.6104600694444444,
        0.6286892361111112,
        0.6336805555555556,
        0.6508246527777778,
        0.6575520833333334,
        0.6588541666666667,
        0.6662326388888888,
        0.6751302083333333,
        0.6814236111111112,
        0.6879340277777778,
        0.6935763888888888,
        0.6966145833333333,
        0.7022569444444444,
        0.7102864583333333,
        0.7068142361111112,
        0.714626736111111,
        0.7172309027777778,
        0.7120225694444444,
        0.7094184027777778,
        0.7282986111111112,
        0.7269965277777779,
        0.7326388888888888,
        0.7339409722222222,
        0.732204861111111,
        0.732421875,
        0.7424045138888888,
        0.7400173611111112,
        0.7389322916666667,
        0.7371961805555556,
        0.7404513888888888,
        0.7434895833333334,
        0.746310763888889,
        0.7434895833333334,
        0.7476128472222223,
        0.7532552083333333,
        0.7415364583333333,
        0.7526041666666667,
        0.7536892361111112,
        0.7526041666666666,
        0.755859375,
        0.7612847222222222,
        0.7582465277777778,
        0.76171875
    ],
    "test_loss": [],
    "test_acc": []
}