{
    "train_loss": [
        1.82673841714859,
        1.7649072408676147,
        1.8228179812431335,
        1.8006479740142822,
        1.8298743963241577,
        1.7278118133544922,
        1.7093139588832855,
        1.739169180393219,
        1.70774245262146,
        1.7124854922294617,
        1.6531022489070892,
        1.6610691547393799,
        1.6478426158428192,
        1.6474241614341736,
        1.661579042673111,
        1.6019735634326935,
        1.632264256477356,
        1.6255685687065125,
        1.6177577078342438,
        1.620496243238449,
        1.6005102396011353,
        1.5582827627658844,
        1.5601190626621246,
        1.5391734838485718,
        1.5641614198684692,
        1.5623299181461334,
        1.5796056687831879,
        1.639796406030655,
        1.530587077140808,
        1.5153500139713287,
        1.5427614152431488,
        1.5461171865463257,
        1.549736738204956,
        1.5257799923419952,
        1.5136445760726929,
        1.528294563293457,
        1.4909627735614777,
        1.4869382977485657,
        1.4300150573253632,
        1.4625941216945648,
        1.4645098447799683,
        1.4655367732048035,
        1.48467355966568,
        1.4135843515396118,
        1.4464340806007385,
        1.4626376032829285,
        1.460720032453537,
        1.4399866461753845,
        1.425991028547287,
        1.4618358612060547
    ],
    "train_acc": [
        0.5873015873015873,
        0.6155753968253967,
        0.5689484126984127,
        0.5724206349206349,
        0.5868055555555556,
        0.5297619047619048,
        0.6190476190476191,
        0.6150793650793651,
        0.6185515873015872,
        0.5758928571428571,
        0.6478174603174602,
        0.636904761904762,
        0.658234126984127,
        0.5828373015873015,
        0.6259920634920635,
        0.6651785714285714,
        0.6364087301587301,
        0.6254960317460316,
        0.6220238095238095,
        0.6929563492063492,
        0.668154761904762,
        0.6612103174603174,
        0.6929563492063492,
        0.7251984126984128,
        0.685515873015873,
        0.6215277777777778,
        0.6324404761904763,
        0.6101190476190477,
        0.689484126984127,
        0.706845238095238,
        0.6463293650793651,
        0.6567460317460319,
        0.660218253968254,
        0.6889880952380953,
        0.6959325396825397,
        0.7103174603174602,
        0.7172619047619047,
        0.7028769841269842,
        0.7137896825396824,
        0.7247023809523809,
        0.7063492063492064,
        0.7063492063492064,
        0.720734126984127,
        0.7529761904761905,
        0.6989087301587301,
        0.7311507936507936,
        0.7276785714285714,
        0.6989087301587301,
        0.7098214285714286,
        0.7098214285714286
    ],
    "val_loss": [
        2.060537815093994,
        2.055870532989502,
        2.054556369781494,
        2.0550966262817383,
        2.0547666549682617,
        2.054065227508545,
        2.0502233505249023,
        2.0491437911987305,
        2.0457115173339844,
        2.0412614345550537,
        2.0363147258758545,
        2.0343000888824463,
        2.0295228958129883,
        2.0251269340515137,
        2.0200531482696533,
        2.016714572906494,
        2.010423183441162,
        2.0051841735839844,
        1.9999723434448242,
        1.9956040382385254,
        1.9936058521270752,
        1.988598346710205,
        1.9844019412994385,
        1.9812300205230713,
        1.9796593189239502,
        1.9783527851104736,
        1.9754095077514648,
        1.9733190536499023,
        1.9692060947418213,
        1.9645321369171143,
        1.9616060256958008,
        1.95989990234375,
        1.955843448638916,
        1.95140540599823,
        1.946467638015747,
        1.9451096057891846,
        1.9428107738494873,
        1.9400346279144287,
        1.936159372329712,
        1.9322466850280762,
        1.9297566413879395,
        1.9287190437316895,
        1.927364468574524,
        1.9235947132110596,
        1.920978307723999,
        1.918466567993164,
        1.917137622833252,
        1.9157087802886963,
        1.914409875869751,
        1.9141396284103394
    ],
    "val_acc": [
        0.3793103448275862,
        0.39655172413793105,
        0.4482758620689655,
        0.43103448275862066,
        0.43103448275862066,
        0.43103448275862066,
        0.43103448275862066,
        0.41379310344827586,
        0.41379310344827586,
        0.41379310344827586,
        0.41379310344827586,
        0.43103448275862066,
        0.4482758620689655,
        0.4482758620689655,
        0.4482758620689655,
        0.46551724137931033,
        0.4482758620689655,
        0.46551724137931033,
        0.4482758620689655,
        0.46551724137931033,
        0.4482758620689655,
        0.4482758620689655,
        0.4482758620689655,
        0.4482758620689655,
        0.4482758620689655,
        0.4482758620689655,
        0.4482758620689655,
        0.4482758620689655,
        0.4482758620689655,
        0.4482758620689655,
        0.4482758620689655,
        0.4482758620689655,
        0.4482758620689655,
        0.46551724137931033,
        0.4827586206896552,
        0.4827586206896552,
        0.4827586206896552,
        0.4827586206896552,
        0.4827586206896552,
        0.4827586206896552,
        0.4827586206896552,
        0.4827586206896552,
        0.4827586206896552,
        0.4827586206896552,
        0.4827586206896552,
        0.4827586206896552,
        0.4827586206896552,
        0.4827586206896552,
        0.4827586206896552,
        0.4827586206896552
    ],
    "test_loss": [],
    "test_acc": []
}