{
    "train_loss": [
        1.3642459008842707,
        1.3120708111673594,
        1.2674261964857578,
        1.2279980331659317,
        1.1971593294292688,
        1.172380143776536,
        1.1505586430430412,
        1.1332241129130125,
        1.1145128896459937,
        1.100888105109334,
        1.0873602153733373,
        1.074057823047042,
        1.0623787799850106,
        1.0501622529700398,
        1.0399637147784233,
        1.0291024027392268,
        1.0167284663766623,
        1.0067378347739577,
        0.9947104398161173,
        0.9839369710534811,
        0.9738531578332186,
        0.9649079637601972,
        0.9549415549263358,
        0.9467701632529497,
        0.93629792612046,
        0.9284401228651404,
        0.9216208951547742,
        0.9120028894394636,
        0.9047717154026031,
        0.895789073780179,
        0.8886729525402188,
        0.8827216317877173,
        0.8797606388106942,
        0.8726790864020586,
        0.8643316840752959,
        0.8589141247794032,
        0.8560731941834092,
        0.8496649581938982,
        0.8439932586625218,
        0.8411233592778444,
        0.837237635627389,
        0.8309300914406776,
        0.8282915176823735,
        0.8223241316154599,
        0.8169733211398125,
        0.8138316795229912,
        0.8100830232724547,
        0.8068877458572388,
        0.8015608433634043,
        0.8000916223973036
    ],
    "train_acc": [
        0.3125,
        0.408203125,
        0.4520399305555555,
        0.4743923611111111,
        0.4930555555555555,
        0.5108506944444444,
        0.5266927083333333,
        0.5403645833333333,
        0.5625,
        0.5620659722222222,
        0.5731336805555556,
        0.5857204861111112,
        0.5922309027777778,
        0.6024305555555556,
        0.6119791666666666,
        0.619140625,
        0.6202256944444444,
        0.634765625,
        0.6423611111111112,
        0.6458333333333334,
        0.6499565972222222,
        0.656032986111111,
        0.6614583333333333,
        0.6649305555555556,
        0.6705729166666666,
        0.673828125,
        0.6759982638888888,
        0.6770833333333334,
        0.6833767361111112,
        0.6879340277777777,
        0.6929253472222223,
        0.6979166666666667,
        0.6929253472222222,
        0.7037760416666667,
        0.7033420138888888,
        0.7105034722222222,
        0.7096354166666666,
        0.7107204861111112,
        0.7115885416666666,
        0.7191840277777777,
        0.7154947916666665,
        0.7243923611111112,
        0.7191840277777778,
        0.7269965277777777,
        0.7261284722222222,
        0.7230902777777777,
        0.7328559027777778,
        0.7272135416666665,
        0.7332899305555556,
        0.7354600694444444
    ],
    "val_loss": [
        1.3265107423067093,
        1.2806212697178125,
        1.235305393114686,
        1.2023043949157,
        1.1741822827607393,
        1.1508359629660845,
        1.1292085144668818,
        1.1104614920914173,
        1.0945416651666164,
        1.0828290823847055,
        1.067703147418797,
        1.05695784650743,
        1.044484345242381,
        1.0334883769974113,
        1.0205313507467508,
        1.008902889676392,
        0.9995938949286938,
        0.9870254946872592,
        0.9777476992458105,
        0.9672288689762354,
        0.9561570268124342,
        0.9454791881144047,
        0.938910648226738,
        0.927692455239594,
        0.919115268625319,
        0.9125140709802508,
        0.9015697678551078,
        0.8961144890636206,
        0.8876163708046079,
        0.879189558327198,
        0.874814779497683,
        0.867819719016552,
        0.8614895762875676,
        0.8580167731270194,
        0.8499696822836995,
        0.8437737142667174,
        0.8389559844508767,
        0.8362084049731493,
        0.8304620487615466,
        0.8270335290580988,
        0.8214123006910086,
        0.8150401776656508,
        0.8109116880223155,
        0.8087410610169172,
        0.8033272987231612,
        0.8023709198459983,
        0.7953295670449734,
        0.7916031247004867,
        0.787055054679513,
        0.7833992447704077
    ],
    "val_acc": [
        0.3956163194444445,
        0.4450954861111111,
        0.48025173611111116,
        0.49674479166666663,
        0.5182291666666667,
        0.5334201388888888,
        0.5483940972222222,
        0.55859375,
        0.5737847222222223,
        0.5811631944444444,
        0.5961371527777777,
        0.5948350694444444,
        0.6098090277777778,
        0.6148003472222222,
        0.6258680555555556,
        0.6284722222222222,
        0.6436631944444444,
        0.6488715277777778,
        0.6540798611111112,
        0.6579861111111112,
        0.6681857638888888,
        0.66796875,
        0.6749131944444444,
        0.6812065972222222,
        0.681640625,
        0.679470486111111,
        0.6888020833333333,
        0.6898871527777777,
        0.6968315972222222,
        0.6994357638888888,
        0.7037760416666666,
        0.7059461805555556,
        0.7068142361111112,
        0.7105034722222222,
        0.7161458333333334,
        0.7159288194444444,
        0.7202690972222221,
        0.7161458333333334,
        0.72265625,
        0.7298177083333334,
        0.7291666666666666,
        0.7306857638888888,
        0.7361111111111112,
        0.7328559027777778,
        0.7389322916666666,
        0.7352430555555556,
        0.7374131944444444,
        0.7432725694444444,
        0.7484809027777778,
        0.7406684027777778
    ],
    "test_loss": [],
    "test_acc": []
}