{
    "train_loss": [
        1.110264241695404,
        1.1144819259643555,
        1.0672029107809067,
        1.1479863822460175,
        1.0070312321186066,
        1.0404250770807266,
        1.0551941692829132,
        1.0697358548641205,
        1.0822111815214157,
        1.0932836830615997,
        1.086842492222786,
        1.041316658258438,
        1.0593442916870117,
        1.0374526530504227,
        1.0562686771154404,
        1.0396833717823029,
        1.0532137304544449,
        1.0043367147445679,
        1.0048947036266327,
        0.9810712039470673,
        0.9397066235542297,
        0.9912134557962418,
        1.0108308643102646,
        1.0060527175664902,
        0.974578008055687,
        1.0188333243131638,
        1.0050869286060333,
        1.106815442442894,
        1.0020282417535782,
        0.9834916144609451,
        0.9534983038902283,
        0.968725323677063,
        1.0268987268209457,
        1.0422924309968948,
        0.9826374650001526,
        0.9684050679206848,
        0.9942576736211777,
        1.0073710232973099,
        1.0087502151727676,
        0.9484685361385345,
        0.949848473072052,
        1.0004035979509354,
        0.9511755704879761,
        0.9660484194755554,
        0.8804619908332825,
        0.9159221202135086,
        0.939924493432045,
        0.9375487416982651,
        0.8750000894069672,
        0.9788573682308197
    ],
    "train_acc": [
        0.545138888888889,
        0.5307539682539683,
        0.5952380952380952,
        0.49851190476190477,
        0.591765873015873,
        0.5808531746031746,
        0.5699404761904763,
        0.5520833333333334,
        0.5520833333333333,
        0.5376984126984127,
        0.5912698412698413,
        0.5768849206349207,
        0.5803571428571428,
        0.5912698412698413,
        0.5590277777777777,
        0.5481150793650793,
        0.5803571428571428,
        0.6200396825396826,
        0.6235119047619048,
        0.5947420634920635,
        0.6448412698412699,
        0.5873015873015872,
        0.6016865079365079,
        0.5620039682539683,
        0.6155753968253969,
        0.6121031746031746,
        0.5798611111111112,
        0.5436507936507936,
        0.5798611111111112,
        0.6121031746031745,
        0.6299603174603174,
        0.6369047619047619,
        0.5545634920634921,
        0.6294642857142857,
        0.6617063492063492,
        0.6046626984126984,
        0.6116071428571428,
        0.5828373015873015,
        0.5615079365079365,
        0.6334325396825397,
        0.658234126984127,
        0.6150793650793651,
        0.6473214285714286,
        0.6294642857142857,
        0.7048611111111112,
        0.658234126984127,
        0.6185515873015873,
        0.6473214285714286,
        0.6939484126984127,
        0.6364087301587301
    ],
    "val_loss": [
        1.0674461126327515,
        1.0553619861602783,
        1.0437358617782593,
        1.0422877073287964,
        1.0383436679840088,
        1.0330781936645508,
        1.0260865688323975,
        1.0235127210617065,
        1.0219142436981201,
        1.0173790454864502,
        1.0149365663528442,
        1.0088540315628052,
        1.008089542388916,
        1.0034277439117432,
        1.0000563859939575,
        0.9981526136398315,
        0.9973105788230896,
        0.9977342486381531,
        0.9953120946884155,
        0.9910189509391785,
        0.9911611080169678,
        0.9911134243011475,
        0.9884867072105408,
        0.9878396391868591,
        0.9844226241111755,
        0.9824919104576111,
        0.9781109094619751,
        0.9761554002761841,
        0.9762755036354065,
        0.9748547077178955,
        0.970018208026886,
        0.9702722430229187,
        0.9691808223724365,
        0.9691779613494873,
        0.9688977003097534,
        0.9691795110702515,
        0.9677631258964539,
        0.9650067687034607,
        0.9584895372390747,
        0.9562708735466003,
        0.9570494890213013,
        0.9560176730155945,
        0.9536155462265015,
        0.9520121812820435,
        0.9512195587158203,
        0.9491561651229858,
        0.9495639204978943,
        0.9503627419471741,
        0.9491809606552124,
        0.9444720149040222
    ],
    "val_acc": [
        0.6724137931034483,
        0.6896551724137931,
        0.6896551724137931,
        0.6896551724137931,
        0.6724137931034483,
        0.6724137931034483,
        0.6724137931034483,
        0.6724137931034483,
        0.6724137931034483,
        0.6724137931034483,
        0.6724137931034483,
        0.6896551724137931,
        0.6896551724137931,
        0.6896551724137931,
        0.6896551724137931,
        0.6896551724137931,
        0.6896551724137931,
        0.6896551724137931,
        0.6896551724137931,
        0.6896551724137931,
        0.6896551724137931,
        0.6896551724137931,
        0.6896551724137931,
        0.6896551724137931,
        0.6724137931034483,
        0.6896551724137931,
        0.6724137931034483,
        0.6896551724137931,
        0.6724137931034483,
        0.6724137931034483,
        0.6724137931034483,
        0.6724137931034483,
        0.6724137931034483,
        0.6896551724137931,
        0.6724137931034483,
        0.6724137931034483,
        0.6724137931034483,
        0.6896551724137931,
        0.6379310344827587,
        0.6379310344827587,
        0.6379310344827587,
        0.6379310344827587,
        0.6379310344827587,
        0.6379310344827587,
        0.6379310344827587,
        0.6379310344827587,
        0.6379310344827587,
        0.6379310344827587,
        0.6551724137931034,
        0.6724137931034483
    ],
    "test_loss": [],
    "test_acc": []
}