{
    "train_loss": [
        2.0782932713627815,
        2.009239887818694,
        1.9667319376021624,
        1.9257864505052567,
        1.8934247996658087,
        1.8679392766207457,
        1.8387270122766495,
        1.8161835614591837,
        1.7979121450334787,
        1.774304999038577,
        1.7575478479266167,
        1.7409098390489817,
        1.7224772833287716,
        1.7118489276617765,
        1.6902060434222221,
        1.67378256842494,
        1.659803345799446,
        1.6484911758452654,
        1.624936942011118,
        1.6091277357190847,
        1.5935138948261738,
        1.577199924737215,
        1.5595685373991728,
        1.553140003234148,
        1.5334665328264236,
        1.5180202908813953,
        1.5063223652541637,
        1.4880501832813025,
        1.478881785646081,
        1.465580465272069,
        1.4507895335555077,
        1.439779682084918,
        1.4291042033582926,
        1.4128771815449,
        1.4025395587086678,
        1.392299784347415,
        1.3805638626217842,
        1.3660648502409458,
        1.3563159368932247,
        1.3459078762680292,
        1.3348527885973454,
        1.3200966827571392,
        1.3108157683163881,
        1.294381145387888,
        1.2887009270489216,
        1.2760789301246405,
        1.2651839721947908,
        1.251779668033123,
        1.2497959583997726,
        1.2299204394221306
    ],
    "train_acc": [
        0.3172743055555556,
        0.3988715277777778,
        0.4407552083333333,
        0.4659288194444444,
        0.49001736111111116,
        0.5054253472222222,
        0.5212673611111112,
        0.5290798611111112,
        0.5373263888888888,
        0.550998263888889,
        0.5653211805555556,
        0.5711805555555556,
        0.579861111111111,
        0.5911458333333334,
        0.6022135416666667,
        0.6089409722222223,
        0.6176215277777777,
        0.6256510416666666,
        0.6306423611111112,
        0.6388888888888888,
        0.6521267361111112,
        0.6499565972222222,
        0.6564670138888888,
        0.6640625,
        0.663845486111111,
        0.6703559027777778,
        0.6736111111111112,
        0.6749131944444444,
        0.6764322916666666,
        0.6807725694444444,
        0.6814236111111112,
        0.683810763888889,
        0.6918402777777777,
        0.6918402777777779,
        0.6937934027777779,
        0.6948784722222222,
        0.6961805555555556,
        0.6987847222222222,
        0.69921875,
        0.6983506944444444,
        0.7018229166666667,
        0.7052951388888888,
        0.6994357638888888,
        0.6976996527777778,
        0.7061631944444444,
        0.7109375,
        0.7042100694444444,
        0.7113715277777778,
        0.7157118055555556,
        0.7159288194444444
    ],
    "val_loss": [
        2.020848410204053,
        1.9757868200540543,
        1.9320387542247772,
        1.8941156826913357,
        1.8649246990680695,
        1.836090249940753,
        1.8110904060304165,
        1.8057810701429844,
        1.771063869819045,
        1.751104362308979,
        1.7287152111530304,
        1.7195293828845024,
        1.710767874494195,
        1.6832691114395857,
        1.6595918275415897,
        1.6558991000056267,
        1.6251726504415274,
        1.6163113955408335,
        1.593600930646062,
        1.578969296067953,
        1.5680467877537012,
        1.5434050168842077,
        1.540810639038682,
        1.5227355360984802,
        1.5117880441248417,
        1.4939460046589375,
        1.4895073622465134,
        1.477801924571395,
        1.4550325144082308,
        1.4424833841621876,
        1.4390153493732214,
        1.413409961387515,
        1.4005895368754864,
        1.3879779130220413,
        1.3731041513383389,
        1.3648008443415165,
        1.3440605904906988,
        1.3533706814050674,
        1.342601390555501,
        1.3129629017785192,
        1.3163090636953712,
        1.2843384901061654,
        1.2919668210670352,
        1.2748258607462049,
        1.2701065288856626,
        1.2427755612879992,
        1.2350580245256424,
        1.220229860395193,
        1.2128802761435509,
        1.198171654716134
    ],
    "val_acc": [
        0.3895399305555555,
        0.4318576388888889,
        0.4754774305555556,
        0.4878472222222222,
        0.5034722222222222,
        0.5245225694444444,
        0.537109375,
        0.5518663194444444,
        0.5577256944444444,
        0.5668402777777779,
        0.5802951388888888,
        0.5944010416666666,
        0.5959201388888888,
        0.6100260416666666,
        0.617404513888889,
        0.6265190972222222,
        0.6338975694444444,
        0.6373697916666666,
        0.6506076388888888,
        0.6527777777777777,
        0.6631944444444444,
        0.6681857638888888,
        0.6712239583333333,
        0.6688368055555556,
        0.6783854166666665,
        0.6803385416666666,
        0.6788194444444444,
        0.687717013888889,
        0.689453125,
        0.6946614583333333,
        0.6940104166666666,
        0.6979166666666667,
        0.703125,
        0.7024739583333334,
        0.7057291666666667,
        0.7100694444444444,
        0.7081163194444444,
        0.7076822916666666,
        0.7096354166666666,
        0.7100694444444444,
        0.7102864583333334,
        0.714626736111111,
        0.7115885416666667,
        0.7152777777777778,
        0.7183159722222223,
        0.7200520833333333,
        0.7224392361111112,
        0.7220052083333333,
        0.724826388888889,
        0.7259114583333334
    ],
    "test_loss": [],
    "test_acc": []
}