{
    "train_loss": [
        1.1993080079555511,
        1.2785619497299194,
        1.1741073727607727,
        1.103644222021103,
        1.184445708990097,
        1.1763637363910675,
        1.1452624797821045,
        1.0736538916826248,
        1.0891531556844711,
        1.1194497346878052,
        1.0699267834424973,
        1.0525600761175156,
        1.1008219420909882,
        1.1515733301639557,
        1.0859862267971039,
        1.0317906141281128,
        1.0765830278396606,
        1.0328957736492157,
        1.0414925515651703,
        1.0298172533512115,
        1.0263944268226624,
        1.0103388279676437,
        1.042296677827835,
        1.07573701441288,
        0.9916798174381256,
        1.0465669333934784,
        1.0110987424850464,
        1.0484801977872849,
        1.0211956948041916,
        1.043789729475975,
        1.0018786638975143,
        0.9713550359010696,
        0.9669914990663528,
        1.0064557939767838,
        1.0599795877933502,
        0.9832547307014465,
        0.9985054284334183,
        1.0274618119001389,
        0.9548159390687943,
        0.9360687285661697,
        0.9691166430711746,
        0.9970387071371078,
        0.9663276076316833,
        0.9724487066268921,
        0.9690450578927994,
        0.980109915137291,
        0.9361124485731125,
        0.9102974236011505,
        0.9524786323308945,
        0.9778456687927246
    ],
    "train_acc": [
        0.46577380952380953,
        0.40426587301587297,
        0.46875,
        0.5575396825396826,
        0.4464285714285714,
        0.4642857142857143,
        0.4642857142857143,
        0.5178571428571428,
        0.5426587301587301,
        0.5173611111111112,
        0.5461309523809523,
        0.5565476190476191,
        0.5208333333333333,
        0.4702380952380952,
        0.5421626984126984,
        0.5669642857142857,
        0.5734126984126984,
        0.5843253968253969,
        0.5699404761904762,
        0.5907738095238095,
        0.5947420634920635,
        0.6051587301587302,
        0.558531746031746,
        0.5798611111111112,
        0.6691468253968254,
        0.5758928571428571,
        0.6086309523809523,
        0.5902777777777777,
        0.6046626984126984,
        0.6259920634920635,
        0.607638888888889,
        0.636904761904762,
        0.6329365079365079,
        0.6220238095238095,
        0.6215277777777778,
        0.628968253968254,
        0.6324404761904763,
        0.6532738095238095,
        0.6681547619047619,
        0.6825396825396824,
        0.6220238095238095,
        0.6393849206349207,
        0.668154761904762,
        0.6284722222222222,
        0.6463293650793651,
        0.6532738095238095,
        0.6750992063492064,
        0.7038690476190476,
        0.6780753968253967,
        0.6746031746031745
    ],
    "val_loss": [
        1.1307497024536133,
        1.1189184188842773,
        1.1071484088897705,
        1.0991630554199219,
        1.0917141437530518,
        1.083773136138916,
        1.077101230621338,
        1.0726263523101807,
        1.068406105041504,
        1.0635511875152588,
        1.0596078634262085,
        1.056949257850647,
        1.05311918258667,
        1.050386667251587,
        1.0467435121536255,
        1.043268084526062,
        1.0396969318389893,
        1.0385401248931885,
        1.0366146564483643,
        1.0349442958831787,
        1.0334144830703735,
        1.0311752557754517,
        1.0296247005462646,
        1.0279918909072876,
        1.0268906354904175,
        1.024604082107544,
        1.022050142288208,
        1.020558476448059,
        1.018019437789917,
        1.0181063413619995,
        1.0169947147369385,
        1.015518307685852,
        1.0145690441131592,
        1.0138393640518188,
        1.013303279876709,
        1.0117363929748535,
        1.010435700416565,
        1.0079679489135742,
        1.0061248540878296,
        1.0049188137054443,
        1.0038385391235352,
        1.003211498260498,
        1.001521110534668,
        1.000744104385376,
        1.0005303621292114,
        0.9995009899139404,
        0.9986844062805176,
        0.9975555539131165,
        0.9954921007156372,
        0.9946159720420837
    ],
    "val_acc": [
        0.5172413793103449,
        0.5517241379310345,
        0.5689655172413793,
        0.5517241379310345,
        0.5517241379310345,
        0.5689655172413793,
        0.5689655172413793,
        0.5689655172413793,
        0.5862068965517241,
        0.6206896551724138,
        0.6379310344827587,
        0.603448275862069,
        0.603448275862069,
        0.603448275862069,
        0.603448275862069,
        0.603448275862069,
        0.603448275862069,
        0.603448275862069,
        0.603448275862069,
        0.603448275862069,
        0.603448275862069,
        0.603448275862069,
        0.603448275862069,
        0.5862068965517241,
        0.5862068965517241,
        0.5862068965517241,
        0.603448275862069,
        0.5862068965517241,
        0.5862068965517241,
        0.5862068965517241,
        0.5862068965517241,
        0.5862068965517241,
        0.5862068965517241,
        0.5862068965517241,
        0.5689655172413793,
        0.5689655172413793,
        0.5689655172413793,
        0.5689655172413793,
        0.5689655172413793,
        0.5862068965517241,
        0.5862068965517241,
        0.5862068965517241,
        0.5862068965517241,
        0.5862068965517241,
        0.5862068965517241,
        0.5862068965517241,
        0.5862068965517241,
        0.5862068965517241,
        0.5862068965517241,
        0.5862068965517241
    ],
    "test_loss": [],
    "test_acc": []
}