{
    "train_loss": [
        2.033592462539673,
        2.0468846261501312,
        2.0444363951683044,
        2.052939772605896,
        1.99043607711792,
        2.02171128988266,
        1.9615165293216705,
        1.955825686454773,
        1.9827800691127777,
        1.9698786437511444,
        1.943042367696762,
        1.9374575912952423,
        1.9556792974472046,
        1.9230400025844574,
        1.916305422782898,
        1.9351429343223572,
        1.896988570690155,
        1.9226426184177399,
        1.8739871680736542,
        1.915201336145401,
        1.8936390578746796,
        1.879579871892929,
        1.9049077332019806,
        1.8990396559238434,
        1.8564869165420532,
        1.8659901916980743,
        1.8605082333087921,
        1.874811828136444,
        1.8418803811073303,
        1.836027354001999,
        1.8436438143253326,
        1.8469871282577515,
        1.8263373672962189,
        1.8313224911689758,
        1.8276079297065735,
        1.8270073235034943,
        1.810515820980072,
        1.804198831319809,
        1.8171641826629639,
        1.8087466061115265,
        1.802977591753006,
        1.8114536106586456,
        1.7875404357910156,
        1.7907176613807678,
        1.7870275378227234,
        1.767433077096939,
        1.7307225465774536,
        1.7552146315574646,
        1.7990261018276215,
        1.7509716153144836
    ],
    "train_acc": [
        0.5416666666666666,
        0.5848214285714286,
        0.5634920634920635,
        0.5520833333333333,
        0.5416666666666666,
        0.49503968253968256,
        0.6200396825396826,
        0.5808531746031746,
        0.5843253968253967,
        0.5089285714285714,
        0.5555555555555556,
        0.5694444444444444,
        0.5446428571428571,
        0.5877976190476191,
        0.5411706349206349,
        0.5803571428571428,
        0.5694444444444444,
        0.5873015873015872,
        0.5803571428571428,
        0.5873015873015874,
        0.6011904761904763,
        0.5654761904761905,
        0.5724206349206349,
        0.6294642857142857,
        0.6438492063492064,
        0.6185515873015872,
        0.6473214285714286,
        0.6225198412698413,
        0.6795634920634921,
        0.6398809523809523,
        0.6364087301587301,
        0.6359126984126984,
        0.6324404761904763,
        0.6220238095238095,
        0.689484126984127,
        0.6537698412698413,
        0.6393849206349206,
        0.6750992063492063,
        0.6393849206349206,
        0.685515873015873,
        0.6929563492063492,
        0.6676587301587301,
        0.6607142857142857,
        0.6498015873015872,
        0.660218253968254,
        0.6964285714285714,
        0.7390873015873016,
        0.7425595238095237,
        0.6815476190476191,
        0.699404761904762
    ],
    "val_loss": [
        2.015855550765991,
        1.9980703592300415,
        1.9897654056549072,
        1.985107660293579,
        1.9842736721038818,
        1.9819365739822388,
        1.9832448959350586,
        1.9846558570861816,
        1.985109567642212,
        1.985204815864563,
        1.9823538064956665,
        1.9784789085388184,
        1.9753810167312622,
        1.9712538719177246,
        1.9692611694335938,
        1.9674763679504395,
        1.9675177335739136,
        1.9668830633163452,
        1.9657599925994873,
        1.9651434421539307,
        1.9645943641662598,
        1.9636653661727905,
        1.9626281261444092,
        1.9619852304458618,
        1.9609172344207764,
        1.9604098796844482,
        1.9600517749786377,
        1.9586091041564941,
        1.9577897787094116,
        1.957468867301941,
        1.9570090770721436,
        1.956349492073059,
        1.9556083679199219,
        1.9556244611740112,
        1.9558188915252686,
        1.9555230140686035,
        1.954982042312622,
        1.9527451992034912,
        1.950569987297058,
        1.9486727714538574,
        1.9475082159042358,
        1.947533130645752,
        1.9466907978057861,
        1.946786880493164,
        1.947191834449768,
        1.9466122388839722,
        1.9470205307006836,
        1.9483895301818848,
        1.9478614330291748,
        1.9472899436950684
    ],
    "val_acc": [
        0.5689655172413793,
        0.5689655172413793,
        0.603448275862069,
        0.5862068965517241,
        0.5862068965517241,
        0.6379310344827587,
        0.6206896551724138,
        0.6206896551724138,
        0.6206896551724138,
        0.6379310344827587,
        0.6379310344827587,
        0.6379310344827587,
        0.6206896551724138,
        0.6206896551724138,
        0.6206896551724138,
        0.6379310344827587,
        0.6379310344827587,
        0.6379310344827587,
        0.6379310344827587,
        0.6379310344827587,
        0.6379310344827587,
        0.6379310344827587,
        0.6379310344827587,
        0.6551724137931034,
        0.6551724137931034,
        0.6379310344827587,
        0.6379310344827587,
        0.603448275862069,
        0.6206896551724138,
        0.603448275862069,
        0.6206896551724138,
        0.6206896551724138,
        0.6206896551724138,
        0.5862068965517241,
        0.5862068965517241,
        0.5862068965517241,
        0.5862068965517241,
        0.5862068965517241,
        0.5862068965517241,
        0.5862068965517241,
        0.5862068965517241,
        0.5862068965517241,
        0.5862068965517241,
        0.5862068965517241,
        0.5862068965517241,
        0.603448275862069,
        0.603448275862069,
        0.603448275862069,
        0.603448275862069,
        0.603448275862069
    ],
    "test_loss": [],
    "test_acc": []
}