{
    "train_loss": [
        2.1099003106355667,
        2.039104625582695,
        2.0076509546488523,
        1.9822450075298548,
        1.9615488927811384,
        1.9455629140138626,
        1.929662799462676,
        1.9175866153091192,
        1.9039985872805119,
        1.8926491606980562,
        1.881812633946538,
        1.8719757348299026,
        1.8591185007244349,
        1.8501455318182707,
        1.8398012723773718,
        1.8257109131664038,
        1.8181207422167063,
        1.8064582590013742,
        1.794867880642414,
        1.7851222790777683,
        1.77493910305202,
        1.764521399512887,
        1.7508283946663141,
        1.743614587932825,
        1.7331541534513235,
        1.7228432316333055,
        1.7140045389533043,
        1.7010351419448853,
        1.6947137359529734,
        1.6842429880052805,
        1.6774230487644672,
        1.6676884647458792,
        1.6527048721909523,
        1.64704061858356,
        1.6380792129784822,
        1.6282306797802448,
        1.621002584695816,
        1.6117349863052368,
        1.6037401370704174,
        1.5942986905574799,
        1.5819601621478796,
        1.5747774485498667,
        1.5658546090126038,
        1.5545461606234312,
        1.5431686714291573,
        1.534680524840951,
        1.530664123594761,
        1.5224088840186596,
        1.5124638136476278,
        1.5045331120491028
    ],
    "train_acc": [
        0.3159722222222222,
        0.3930121527777778,
        0.43684895833333337,
        0.4691840277777778,
        0.4982638888888889,
        0.5208333333333334,
        0.5342881944444444,
        0.5451388888888888,
        0.5614149305555556,
        0.56640625,
        0.5774739583333333,
        0.5876736111111112,
        0.5991753472222222,
        0.6085069444444444,
        0.6202256944444444,
        0.6323784722222222,
        0.6371527777777778,
        0.6360677083333333,
        0.6508246527777778,
        0.6560329861111112,
        0.6697048611111112,
        0.6733940972222222,
        0.6773003472222223,
        0.6805555555555556,
        0.6907552083333334,
        0.6985677083333333,
        0.6990017361111112,
        0.7098524305555556,
        0.7115885416666666,
        0.7139756944444444,
        0.710720486111111,
        0.7230902777777778,
        0.7241753472222222,
        0.7254774305555556,
        0.7256944444444444,
        0.728732638888889,
        0.736328125,
        0.7317708333333333,
        0.7302517361111112,
        0.7319878472222222,
        0.7395833333333333,
        0.7406684027777779,
        0.7376302083333333,
        0.7417534722222222,
        0.7439236111111112,
        0.7491319444444444,
        0.7506510416666666,
        0.74609375,
        0.7517361111111112,
        0.7493489583333334
    ],
    "val_loss": [
        2.046844221651554,
        2.0121751502156258,
        1.9822006579488516,
        1.9622361455112696,
        1.9404693245887756,
        1.9248987566679716,
        1.9104120396077633,
        1.9005334470421076,
        1.887466473504901,
        1.874318152666092,
        1.8647573962807655,
        1.8552981577813625,
        1.8415738102048635,
        1.827090036123991,
        1.8182853013277054,
        1.8072232753038406,
        1.796539144590497,
        1.784524952992797,
        1.7772718537598848,
        1.7622848954051733,
        1.748462500050664,
        1.740318302065134,
        1.743391154333949,
        1.7163829151540995,
        1.7119642067700624,
        1.7017243448644876,
        1.688799537718296,
        1.68452319316566,
        1.6699651945382357,
        1.6670335717499256,
        1.6523295901715755,
        1.6397269666194916,
        1.6412622593343258,
        1.6238130182027817,
        1.6121035423129797,
        1.6072965785861015,
        1.5958014596253633,
        1.5913480184972286,
        1.5809552483260632,
        1.5668912697583437,
        1.5582905020564795,
        1.5461123175919056,
        1.5453054122626781,
        1.531321208924055,
        1.5172826163470745,
        1.5068363156169653,
        1.5173961762338877,
        1.4875865746289492,
        1.494535380974412,
        1.475190682336688
    ],
    "val_acc": [
        0.3843315972222222,
        0.43012152777777773,
        0.4776475694444444,
        0.5041232638888888,
        0.5219184027777778,
        0.5479600694444444,
        0.5570746527777777,
        0.5672743055555556,
        0.5731336805555556,
        0.5859375,
        0.5909288194444444,
        0.6069878472222221,
        0.6267361111111112,
        0.632595486111111,
        0.6384548611111112,
        0.6434461805555555,
        0.658203125,
        0.6555989583333333,
        0.6744791666666667,
        0.671875,
        0.6829427083333333,
        0.6924913194444444,
        0.6976996527777778,
        0.7059461805555556,
        0.7048611111111112,
        0.7161458333333334,
        0.7152777777777777,
        0.7220052083333334,
        0.7241753472222223,
        0.7261284722222223,
        0.734592013888889,
        0.7315538194444444,
        0.7335069444444444,
        0.736328125,
        0.7426215277777778,
        0.7424045138888888,
        0.7398003472222222,
        0.7434895833333333,
        0.7447916666666666,
        0.7484809027777777,
        0.7476128472222222,
        0.7486979166666666,
        0.7534722222222222,
        0.755642361111111,
        0.7634548611111112,
        0.7578125,
        0.7543402777777779,
        0.759765625,
        0.7638888888888888,
        0.7625868055555556
    ],
    "test_loss": [],
    "test_acc": []
}