{
    "train_loss": [
        1.363584054633975,
        1.2951604332774878,
        1.2285810727626085,
        1.1745994426310062,
        1.1345319598913193,
        1.1054338794201612,
        1.0851200241595507,
        1.0665803337469697,
        1.0516608199104667,
        1.0388584043830633,
        1.0284925065934658,
        1.0192946093156934,
        1.0111975157633424,
        1.002885863184929,
        0.9962337175384164,
        0.990127582103014,
        0.985255709849298,
        0.9784004166722298,
        0.9738504560664296,
        0.9688010727986693,
        0.964233361184597,
        0.9600135292857885,
        0.9562920033931732,
        0.9512505251914263,
        0.9473151480779052,
        0.9425310678780079,
        0.9393833698704839,
        0.9346656175330281,
        0.9297088300809264,
        0.926368797197938,
        0.9231254551559687,
        0.9189468091353774,
        0.914491637609899,
        0.9100331561639905,
        0.9051314974203706,
        0.9026367692276835,
        0.897184913046658,
        0.8935415726155043,
        0.8886430151760578,
        0.8841497730463743,
        0.8787164436653256,
        0.8747493447735906,
        0.8694148426875472,
        0.8648876491934061,
        0.858480610884726,
        0.8539075693115592,
        0.8482861379161477,
        0.8438415778800845,
        0.8403425822034478,
        0.8358626309782267
    ],
    "train_acc": [
        0.32465277777777773,
        0.4275173611111111,
        0.4761284722222222,
        0.5162760416666667,
        0.5386284722222223,
        0.5609809027777777,
        0.5655381944444444,
        0.5774739583333333,
        0.5868055555555556,
        0.587890625,
        0.5998263888888888,
        0.6041666666666667,
        0.6082899305555556,
        0.6130642361111112,
        0.6174045138888888,
        0.623046875,
        0.6215277777777778,
        0.6254340277777778,
        0.6299913194444444,
        0.631076388888889,
        0.6343315972222222,
        0.6395399305555556,
        0.6404079861111112,
        0.6434461805555556,
        0.638671875,
        0.6477864583333333,
        0.6490885416666667,
        0.6527777777777778,
        0.6549479166666666,
        0.6599392361111112,
        0.6605902777777778,
        0.6634114583333333,
        0.6644965277777777,
        0.6655815972222222,
        0.6692708333333333,
        0.6686197916666666,
        0.6733940972222222,
        0.6766493055555556,
        0.6773003472222222,
        0.6842447916666667,
        0.68359375,
        0.689453125,
        0.6905381944444444,
        0.6888020833333334,
        0.69140625,
        0.6968315972222222,
        0.6966145833333333,
        0.6976996527777777,
        0.69921875,
        0.6985677083333334
    ],
    "val_loss": [
        1.324421675875783,
        1.2545012533664703,
        1.1927840784192085,
        1.1463221590965986,
        1.1129100751131773,
        1.0862330654636025,
        1.0671806782484055,
        1.051378264091909,
        1.0404192805290222,
        1.0261809257790446,
        1.0163371600210667,
        1.0088322469964623,
        0.9989531133323908,
        0.9923542542383075,
        0.9868898009881377,
        0.9802589481696486,
        0.9748669564723969,
        0.9680628692731261,
        0.9640459958463907,
        0.9603417720645666,
        0.9546141978353262,
        0.9496855037286878,
        0.9467941178008914,
        0.9417974045500159,
        0.936424876563251,
        0.9333142787218094,
        0.929957116022706,
        0.9252987429499626,
        0.9220071705058217,
        0.9171067485585809,
        0.9140572380274534,
        0.9084840435534716,
        0.9056834718212485,
        0.9016245808452368,
        0.8960290355607867,
        0.89041299931705,
        0.8866883292794228,
        0.8821702413260937,
        0.8772487631067634,
        0.8751331092789769,
        0.8670980548486114,
        0.8641490507870913,
        0.8599233264103532,
        0.8546051671728492,
        0.849522459320724,
        0.8420250723138452,
        0.8366882419213653,
        0.8321588039398193,
        0.8271870044991374,
        0.8252842482179403
    ],
    "val_acc": [
        0.40885416666666663,
        0.4661458333333333,
        0.5138888888888888,
        0.5338541666666666,
        0.5577256944444444,
        0.5692274305555556,
        0.5794270833333333,
        0.587890625,
        0.5948350694444444,
        0.6022135416666666,
        0.6087239583333334,
        0.6117621527777778,
        0.61328125,
        0.6167534722222221,
        0.619140625,
        0.6278211805555556,
        0.6306423611111112,
        0.6362847222222222,
        0.6354166666666667,
        0.638888888888889,
        0.6417100694444444,
        0.6401909722222222,
        0.6447482638888888,
        0.6467013888888888,
        0.6549479166666667,
        0.6527777777777778,
        0.6599392361111112,
        0.6612413194444444,
        0.6595052083333334,
        0.6618923611111112,
        0.6684027777777778,
        0.6686197916666667,
        0.6727430555555556,
        0.6773003472222222,
        0.677734375,
        0.6783854166666667,
        0.6801215277777779,
        0.6838107638888888,
        0.6831597222222221,
        0.689453125,
        0.6929253472222222,
        0.6953125,
        0.6961805555555556,
        0.6907552083333333,
        0.6957465277777778,
        0.7007378472222222,
        0.703125,
        0.7048611111111112,
        0.7083333333333333,
        0.7065972222222222
    ],
    "test_loss": [],
    "test_acc": []
}