{
    "train_loss": [
        2.1962158493697643,
        2.043398028239608,
        1.956110442057252,
        1.8842039871960878,
        1.83266955986619,
        1.788570998236537,
        1.7595906276255846,
        1.736505078151822,
        1.7080392148345709,
        1.6904914658516645,
        1.6718793474137783,
        1.6550800018012524,
        1.643127378076315,
        1.6221718695014715,
        1.6090857647359371,
        1.5959828961640596,
        1.5789750423282385,
        1.56913423538208,
        1.5595611594617367,
        1.5435307193547487,
        1.5380769483745098,
        1.5166891273111105,
        1.5125264171510935,
        1.4940770249813795,
        1.4788392260670662,
        1.4652568027377129,
        1.4548044204711914,
        1.4463606607168913,
        1.4281520023941994,
        1.4134918693453074,
        1.4011522140353918,
        1.3916441798210144,
        1.3814613409340382,
        1.3667500261217356,
        1.3528714533895254,
        1.3415131997317076,
        1.3314001131802797,
        1.3143532052636147,
        1.3042143285274506,
        1.2904869932681322,
        1.2782604079693556,
        1.2719876412302256,
        1.2627070043236017,
        1.2465630881488323,
        1.23213698156178,
        1.2270964290946722,
        1.2163093015551567,
        1.20328389108181,
        1.1912779547274113,
        1.1830951105803251
    ],
    "train_acc": [
        0.3289930555555556,
        0.4294704861111111,
        0.47721354166666663,
        0.5162760416666667,
        0.5418836805555556,
        0.5557725694444444,
        0.5692274305555556,
        0.5811631944444444,
        0.5876736111111112,
        0.5965711805555555,
        0.6022135416666666,
        0.6128472222222221,
        0.61328125,
        0.6243489583333333,
        0.6284722222222222,
        0.6360677083333334,
        0.6414930555555556,
        0.6417100694444444,
        0.6490885416666667,
        0.6495225694444444,
        0.6516927083333333,
        0.654296875,
        0.6616753472222222,
        0.6671006944444444,
        0.6666666666666666,
        0.6740451388888888,
        0.6703559027777777,
        0.6825086805555556,
        0.6822916666666667,
        0.6809895833333333,
        0.6881510416666667,
        0.6866319444444445,
        0.6885850694444444,
        0.6924913194444444,
        0.6987847222222222,
        0.7005208333333333,
        0.7068142361111112,
        0.7083333333333333,
        0.7109375,
        0.7078993055555556,
        0.7131076388888888,
        0.714626736111111,
        0.7124565972222222,
        0.7120225694444444,
        0.7191840277777778,
        0.7174479166666667,
        0.7259114583333333,
        0.7259114583333333,
        0.7272135416666667,
        0.7272135416666667
    ],
    "val_loss": [
        2.078813049942255,
        1.9854353684931993,
        1.903342641890049,
        1.83848113194108,
        1.7948113158345222,
        1.762077957391739,
        1.731960752978921,
        1.7049073483794928,
        1.6835700999945402,
        1.674856472760439,
        1.6445501148700714,
        1.6287452299147844,
        1.6139106526970863,
        1.598117085173726,
        1.5920403692871332,
        1.5700919721275568,
        1.564595716074109,
        1.5462454482913017,
        1.5304315406829119,
        1.5216540209949017,
        1.5072002336382866,
        1.503894018009305,
        1.4875124581158161,
        1.4788983650505543,
        1.4579278826713562,
        1.440262846648693,
        1.4307159595191479,
        1.4283109214156866,
        1.4004664793610573,
        1.3915798012167215,
        1.3812570609152317,
        1.3655285965651274,
        1.3515455462038517,
        1.3489287737756968,
        1.3247279562056065,
        1.3222808465361595,
        1.3103313464671373,
        1.2977963164448738,
        1.2795427441596985,
        1.2654047720134258,
        1.2576918937265873,
        1.2457039188593626,
        1.2384744212031364,
        1.2236336041241884,
        1.2079128483310342,
        1.202770615927875,
        1.192043754272163,
        1.1748137474060059,
        1.1623213682323694,
        1.168691142462194
    ],
    "val_acc": [
        0.4114583333333333,
        0.46115451388888884,
        0.5036892361111112,
        0.5360243055555556,
        0.5592447916666667,
        0.5711805555555556,
        0.5792100694444444,
        0.5902777777777777,
        0.5989583333333333,
        0.6063368055555556,
        0.6139322916666667,
        0.6187065972222223,
        0.6265190972222222,
        0.6319444444444444,
        0.6375868055555556,
        0.6438802083333333,
        0.6397569444444444,
        0.6484375,
        0.654513888888889,
        0.658203125,
        0.6595052083333333,
        0.6627604166666666,
        0.6707899305555556,
        0.674045138888889,
        0.6751302083333333,
        0.6773003472222222,
        0.6853298611111112,
        0.6851128472222223,
        0.6883680555555556,
        0.6885850694444444,
        0.6990017361111112,
        0.6996527777777778,
        0.6970486111111112,
        0.7072482638888888,
        0.7033420138888888,
        0.7078993055555556,
        0.712890625,
        0.7131076388888888,
        0.7135416666666667,
        0.7163628472222221,
        0.7189670138888888,
        0.7204861111111112,
        0.7200520833333334,
        0.7211371527777778,
        0.7252604166666665,
        0.7293836805555556,
        0.7317708333333333,
        0.7354600694444444,
        0.7341579861111112,
        0.7371961805555556
    ],
    "test_loss": [],
    "test_acc": []
}