{
    "train_loss": [
        1.883580505847931,
        1.8028634190559387,
        1.82610684633255,
        1.798274666070938,
        1.805190771818161,
        1.842020869255066,
        1.8104019165039062,
        1.7902608215808868,
        1.817952036857605,
        1.786434143781662,
        1.7895797491073608,
        1.7902554273605347,
        1.7469019889831543,
        1.7746700942516327,
        1.7377438843250275,
        1.7294797897338867,
        1.7187287509441376,
        1.7209987342357635,
        1.7319942116737366,
        1.7348026633262634,
        1.6898619532585144,
        1.7143849432468414,
        1.7061651349067688,
        1.7031830549240112,
        1.6925205886363983,
        1.7103865146636963,
        1.7041695713996887,
        1.68837171792984,
        1.6985990107059479,
        1.682476669549942,
        1.6935224533081055,
        1.6740652322769165,
        1.651632308959961,
        1.6652892231941223,
        1.6758491396903992,
        1.6601530313491821,
        1.6688289940357208,
        1.6674036979675293,
        1.6561811864376068,
        1.6397408843040466,
        1.666975349187851,
        1.6663120687007904,
        1.637691617012024,
        1.6286645829677582,
        1.6649430096149445,
        1.6379174292087555,
        1.6298407316207886,
        1.6293553411960602,
        1.6048446893692017,
        1.604270577430725
    ],
    "train_acc": [
        0.6641865079365079,
        0.6889880952380953,
        0.660218253968254,
        0.7103174603174602,
        0.7242063492063492,
        0.7311507936507936,
        0.7271825396825397,
        0.7455357142857143,
        0.6984126984126984,
        0.7132936507936509,
        0.7554563492063492,
        0.7341269841269842,
        0.7485119047619048,
        0.7445436507936508,
        0.769345238095238,
        0.7698412698412699,
        0.7733134920634921,
        0.7733134920634921,
        0.7261904761904763,
        0.7693452380952381,
        0.7802579365079366,
        0.7624007936507936,
        0.7728174603174602,
        0.7728174603174603,
        0.8120039682539684,
        0.7728174603174602,
        0.7653769841269842,
        0.7653769841269842,
        0.7971230158730158,
        0.8045634920634921,
        0.779265873015873,
        0.7971230158730158,
        0.8472222222222222,
        0.814484126984127,
        0.8219246031746031,
        0.84375,
        0.775297619047619,
        0.836309523809524,
        0.8541666666666667,
        0.8288690476190477,
        0.7678571428571428,
        0.8179563492063492,
        0.8392857142857143,
        0.8214285714285714,
        0.8179563492063492,
        0.810515873015873,
        0.8392857142857143,
        0.8249007936507936,
        0.8432539682539684,
        0.8606150793650793
    ],
    "val_loss": [
        1.930782437324524,
        1.9237474203109741,
        1.9208357334136963,
        1.9211770296096802,
        1.9178719520568848,
        1.9127520322799683,
        1.9080085754394531,
        1.9046598672866821,
        1.9004055261611938,
        1.8971765041351318,
        1.8955901861190796,
        1.8951225280761719,
        1.8938068151474,
        1.892448902130127,
        1.8915618658065796,
        1.8924216032028198,
        1.8924704790115356,
        1.8901993036270142,
        1.8886852264404297,
        1.8863420486450195,
        1.8845654726028442,
        1.8849436044692993,
        1.88516366481781,
        1.8834084272384644,
        1.88290274143219,
        1.882615327835083,
        1.8797168731689453,
        1.878693699836731,
        1.8764184713363647,
        1.8748213052749634,
        1.8750739097595215,
        1.874803066253662,
        1.8725403547286987,
        1.8683340549468994,
        1.865794062614441,
        1.8636378049850464,
        1.8625073432922363,
        1.861989140510559,
        1.8623696565628052,
        1.86262845993042,
        1.8634891510009766,
        1.8633538484573364,
        1.862257719039917,
        1.8623425960540771,
        1.8597570657730103,
        1.8600120544433594,
        1.86076021194458,
        1.8606200218200684,
        1.8609397411346436,
        1.8616414070129395
    ],
    "val_acc": [
        0.6551724137931034,
        0.6724137931034483,
        0.6724137931034483,
        0.6724137931034483,
        0.6724137931034483,
        0.6724137931034483,
        0.6724137931034483,
        0.6724137931034483,
        0.6724137931034483,
        0.6724137931034483,
        0.6551724137931034,
        0.6724137931034483,
        0.6551724137931034,
        0.6551724137931034,
        0.6551724137931034,
        0.6551724137931034,
        0.6551724137931034,
        0.6724137931034483,
        0.6724137931034483,
        0.6724137931034483,
        0.6896551724137931,
        0.6896551724137931,
        0.6896551724137931,
        0.6896551724137931,
        0.7068965517241379,
        0.7068965517241379,
        0.7068965517241379,
        0.7068965517241379,
        0.7068965517241379,
        0.7068965517241379,
        0.7068965517241379,
        0.7068965517241379,
        0.7068965517241379,
        0.7068965517241379,
        0.7068965517241379,
        0.7068965517241379,
        0.7068965517241379,
        0.7068965517241379,
        0.7068965517241379,
        0.7068965517241379,
        0.7068965517241379,
        0.7068965517241379,
        0.7068965517241379,
        0.7241379310344828,
        0.7241379310344828,
        0.7241379310344828,
        0.7241379310344828,
        0.7241379310344828,
        0.7241379310344828,
        0.7068965517241379
    ],
    "test_loss": [],
    "test_acc": []
}