{
    "train_loss": [
        2.112991351634264,
        2.0430489908903837,
        2.0124997701495886,
        1.9883333202451468,
        1.9665486477315426,
        1.9505296293646097,
        1.9392648432403803,
        1.9229736123234034,
        1.9097298383712769,
        1.8993793465197086,
        1.8875101208686829,
        1.8794937897473574,
        1.8665411230176687,
        1.857833294197917,
        1.8474677801132202,
        1.8354326747357845,
        1.8251501247286797,
        1.8169298227876425,
        1.8083949852734804,
        1.798525482416153,
        1.7890971843153238,
        1.7764503993093967,
        1.7678977958858013,
        1.7600660603493452,
        1.7534007485955954,
        1.7388243842869997,
        1.7367142792791128,
        1.7236720994114876,
        1.7158916126936674,
        1.7078372817486525,
        1.698102319613099,
        1.6886307634413242,
        1.6773970741778612,
        1.6710542123764753,
        1.662731857970357,
        1.6518083978444338,
        1.641612235456705,
        1.6361654661595821,
        1.626697825267911,
        1.619130838662386,
        1.6111107021570206,
        1.596480768173933,
        1.5930734388530254,
        1.5818695165216923,
        1.5719724856317043,
        1.5637303441762924,
        1.5573401395231485,
        1.5460196882486343,
        1.5378889050334692,
        1.5320829395204782
    ],
    "train_acc": [
        0.30447048611111116,
        0.39127604166666663,
        0.44162326388888884,
        0.4605034722222222,
        0.5071614583333334,
        0.5236545138888888,
        0.529079861111111,
        0.5442708333333333,
        0.5583767361111112,
        0.5618489583333333,
        0.580078125,
        0.58984375,
        0.6041666666666665,
        0.6069878472222222,
        0.6187065972222222,
        0.6321614583333334,
        0.6319444444444445,
        0.6351996527777778,
        0.6482204861111112,
        0.6573350694444444,
        0.6595052083333333,
        0.671657986111111,
        0.671875,
        0.6733940972222222,
        0.6822916666666667,
        0.6870659722222221,
        0.6924913194444444,
        0.6907552083333334,
        0.7000868055555556,
        0.7013888888888888,
        0.7092013888888888,
        0.716796875,
        0.7174479166666666,
        0.7152777777777778,
        0.7217881944444445,
        0.7259114583333335,
        0.7228732638888888,
        0.73046875,
        0.7278645833333334,
        0.7315538194444444,
        0.7348090277777778,
        0.7358940972222222,
        0.7298177083333333,
        0.7365451388888888,
        0.7374131944444444,
        0.7434895833333333,
        0.7426215277777778,
        0.7454427083333333,
        0.7408854166666667,
        0.7473958333333334
    ],
    "val_loss": [
        2.0475064534693956,
        2.0171906780451536,
        1.988870769739151,
        1.9665323328226805,
        1.946937222033739,
        1.930832251906395,
        1.918460588902235,
        1.9028978198766708,
        1.8893420323729515,
        1.8852919209748507,
        1.869795462116599,
        1.8566679898649454,
        1.8467643428593874,
        1.8392887488007545,
        1.8261856585741043,
        1.8169302884489298,
        1.8059765361249447,
        1.794796222820878,
        1.7997259367257357,
        1.7755279410630465,
        1.7673045713454485,
        1.7589120045304298,
        1.7476501185446978,
        1.735707052052021,
        1.7241879813373089,
        1.7310585044324398,
        1.7145551461726427,
        1.7065539006143808,
        1.6912901252508163,
        1.6835331786423922,
        1.676230039447546,
        1.6631971504539251,
        1.6550223398953676,
        1.6474343948066235,
        1.6400971990078688,
        1.6225665863603354,
        1.6172389555722475,
        1.6173252258449793,
        1.5999564621597528,
        1.5981631129980087,
        1.5844554882496595,
        1.5803975127637386,
        1.5747595969587564,
        1.551100404933095,
        1.5460142754018307,
        1.5401448607444763,
        1.5367759708315134,
        1.5286302119493484,
        1.5125316567718983,
        1.5033181607723236
    ],
    "val_acc": [
        0.3895399305555555,
        0.43923611111111116,
        0.4722222222222222,
        0.5065104166666666,
        0.5319010416666667,
        0.5451388888888888,
        0.5562065972222223,
        0.5642361111111112,
        0.5818142361111112,
        0.5863715277777778,
        0.5941840277777778,
        0.6119791666666667,
        0.6178385416666666,
        0.6304253472222222,
        0.6419270833333333,
        0.6480034722222222,
        0.6534288194444444,
        0.6595052083333334,
        0.6590711805555556,
        0.6749131944444444,
        0.6783854166666667,
        0.685546875,
        0.6959635416666666,
        0.6990017361111112,
        0.6970486111111112,
        0.6985677083333334,
        0.7081163194444444,
        0.7124565972222222,
        0.716796875,
        0.7204861111111112,
        0.7237413194444444,
        0.7233072916666666,
        0.7256944444444444,
        0.73828125,
        0.7380642361111112,
        0.7404513888888888,
        0.7424045138888888,
        0.7400173611111112,
        0.7437065972222222,
        0.7473958333333333,
        0.740234375,
        0.7526041666666667,
        0.7484809027777777,
        0.7428385416666666,
        0.7549913194444444,
        0.755859375,
        0.7560763888888888,
        0.7526041666666666,
        0.757595486111111,
        0.757595486111111
    ],
    "test_loss": [],
    "test_acc": []
}