{
    "train_loss": [
        1.9495225250720978,
        1.995622605085373,
        1.8698374032974243,
        1.880580335855484,
        1.8982280492782593,
        1.860732614994049,
        1.8501355350017548,
        1.8188934922218323,
        1.8622258007526398,
        1.8238126635551453,
        1.842900425195694,
        1.8257209062576294,
        1.8438282012939453,
        1.809890240430832,
        1.7880463302135468,
        1.783131867647171,
        1.7613824605941772,
        1.7711118161678314,
        1.7413950562477112,
        1.7629148066043854,
        1.7631628215312958,
        1.7825605869293213,
        1.7146205306053162,
        1.7102085053920746,
        1.738221526145935,
        1.7226076424121857,
        1.715297907590866,
        1.686653345823288,
        1.703054040670395,
        1.726741999387741,
        1.6915258467197418,
        1.6825405061244965,
        1.710125982761383,
        1.6763537228107452,
        1.6842253506183624,
        1.7071624398231506,
        1.6696218848228455,
        1.6424488723278046,
        1.6206242740154266,
        1.6606826782226562,
        1.6227515637874603,
        1.644148588180542,
        1.6462563574314117,
        1.6148412227630615,
        1.589653879404068,
        1.5940092504024506,
        1.619026005268097,
        1.6401527225971222,
        1.6438346803188324,
        1.6073348820209503
    ],
    "train_acc": [
        0.6359126984126984,
        0.6245039682539683,
        0.7003968253968255,
        0.6746031746031745,
        0.6671626984126984,
        0.6815476190476191,
        0.6706349206349207,
        0.6706349206349205,
        0.6631944444444444,
        0.7063492063492064,
        0.7023809523809523,
        0.6666666666666667,
        0.6875,
        0.712797619047619,
        0.7415674603174603,
        0.751984126984127,
        0.7698412698412699,
        0.7663690476190476,
        0.7911706349206349,
        0.751984126984127,
        0.7157738095238095,
        0.701388888888889,
        0.7767857142857143,
        0.7514880952380952,
        0.7336309523809523,
        0.7301587301587301,
        0.7584325396825398,
        0.7549603174603174,
        0.761904761904762,
        0.7728174603174603,
        0.7509920634920634,
        0.7509920634920635,
        0.7797619047619047,
        0.783234126984127,
        0.7941468253968254,
        0.779265873015873,
        0.7867063492063492,
        0.8005952380952381,
        0.8080357142857143,
        0.7827380952380953,
        0.8293650793650793,
        0.8045634920634921,
        0.7504960317460316,
        0.7971230158730158,
        0.8258928571428572,
        0.8184523809523809,
        0.8253968253968255,
        0.793154761904762,
        0.8005952380952381,
        0.8040674603174602
    ],
    "val_loss": [
        1.901017189025879,
        1.8917042016983032,
        1.888461947441101,
        1.8850924968719482,
        1.8837023973464966,
        1.8816999197006226,
        1.87961745262146,
        1.8774689435958862,
        1.8751980066299438,
        1.8739742040634155,
        1.8714863061904907,
        1.868638038635254,
        1.8670802116394043,
        1.86605966091156,
        1.8647756576538086,
        1.862518310546875,
        1.86202871799469,
        1.862012505531311,
        1.8610503673553467,
        1.8598123788833618,
        1.8567967414855957,
        1.8541853427886963,
        1.8528125286102295,
        1.851426601409912,
        1.8507438898086548,
        1.850542664527893,
        1.8504735231399536,
        1.8499631881713867,
        1.8497142791748047,
        1.848334550857544,
        1.8479043245315552,
        1.847715973854065,
        1.8474785089492798,
        1.8481789827346802,
        1.8487942218780518,
        1.8493924140930176,
        1.8484524488449097,
        1.8473550081253052,
        1.8464114665985107,
        1.8443926572799683,
        1.8436570167541504,
        1.8440825939178467,
        1.8421428203582764,
        1.8397932052612305,
        1.8384250402450562,
        1.8362411260604858,
        1.836171269416809,
        1.8357200622558594,
        1.8361953496932983,
        1.8368905782699585
    ],
    "val_acc": [
        0.7586206896551724,
        0.7758620689655172,
        0.7586206896551724,
        0.7758620689655172,
        0.7586206896551724,
        0.7758620689655172,
        0.7758620689655172,
        0.7758620689655172,
        0.7758620689655172,
        0.7586206896551724,
        0.7758620689655172,
        0.7758620689655172,
        0.7758620689655172,
        0.7931034482758621,
        0.7931034482758621,
        0.7931034482758621,
        0.7931034482758621,
        0.7931034482758621,
        0.7931034482758621,
        0.7931034482758621,
        0.7931034482758621,
        0.7931034482758621,
        0.7931034482758621,
        0.7931034482758621,
        0.7931034482758621,
        0.7931034482758621,
        0.7931034482758621,
        0.7931034482758621,
        0.7931034482758621,
        0.7931034482758621,
        0.7931034482758621,
        0.7758620689655172,
        0.7758620689655172,
        0.7758620689655172,
        0.7758620689655172,
        0.7758620689655172,
        0.7758620689655172,
        0.8103448275862069,
        0.7931034482758621,
        0.7758620689655172,
        0.7931034482758621,
        0.7931034482758621,
        0.7758620689655172,
        0.7758620689655172,
        0.7758620689655172,
        0.7758620689655172,
        0.7758620689655172,
        0.7758620689655172,
        0.7758620689655172,
        0.7758620689655172
    ],
    "test_loss": [],
    "test_acc": []
}