{
    "train_loss": [
        2.0799170434474945,
        2.00770671851933,
        1.9616863038390875,
        1.9206289909780025,
        1.8839885704219341,
        1.8547516483813524,
        1.8265789803117514,
        1.8034340795129538,
        1.7835702951997519,
        1.7640603762120008,
        1.7463387828320265,
        1.7304890491068363,
        1.7140853628516197,
        1.6994497068226337,
        1.680970834568143,
        1.665413225069642,
        1.6480637770146132,
        1.6324912495911121,
        1.6138898115605116,
        1.5971023086458445,
        1.581237267702818,
        1.562661848962307,
        1.5441119018942118,
        1.5430829990655184,
        1.5211038291454315,
        1.501298625022173,
        1.4923250433057547,
        1.4718679878860712,
        1.4637189134955406,
        1.4492683708667755,
        1.4329026639461517,
        1.422767760232091,
        1.4102702792733908,
        1.402595341205597,
        1.3909008465707302,
        1.3718402460217476,
        1.3582721967250109,
        1.3481880892068148,
        1.3363605327904224,
        1.3246580064296722,
        1.3174345400184393,
        1.3023375179618597,
        1.2912106048315763,
        1.2842232380062342,
        1.2683373522013426,
        1.2573459390550852,
        1.2503778990358114,
        1.234675133600831,
        1.22513772174716,
        1.2185094431042671
    ],
    "train_acc": [
        0.3153211805555556,
        0.4051649305555555,
        0.4403211805555556,
        0.4711371527777778,
        0.4921875,
        0.5047743055555556,
        0.5299479166666667,
        0.5381944444444444,
        0.5486111111111112,
        0.5575086805555556,
        0.5759548611111112,
        0.5772569444444444,
        0.5861545138888888,
        0.5939670138888888,
        0.6050347222222222,
        0.6098090277777778,
        0.6137152777777778,
        0.6273871527777777,
        0.6319444444444444,
        0.6421440972222223,
        0.6434461805555556,
        0.6512586805555556,
        0.6655815972222221,
        0.6651475694444445,
        0.670138888888889,
        0.674045138888889,
        0.6801215277777777,
        0.6790364583333334,
        0.6853298611111112,
        0.689236111111111,
        0.6929253472222222,
        0.6905381944444444,
        0.6987847222222223,
        0.69921875,
        0.7009548611111112,
        0.703125,
        0.7033420138888888,
        0.710720486111111,
        0.7120225694444444,
        0.7144097222222222,
        0.7180989583333333,
        0.7180989583333333,
        0.7150607638888888,
        0.7202690972222222,
        0.7152777777777777,
        0.7239583333333333,
        0.7235243055555556,
        0.7313368055555556,
        0.7263454861111112,
        0.7241753472222221
    ],
    "val_loss": [
        2.0174456164240837,
        1.9728393740952015,
        1.9261124897748232,
        1.889772618189454,
        1.8579183761030436,
        1.8316360525786877,
        1.7984308432787657,
        1.778182029724121,
        1.7569460403174162,
        1.7409125920385122,
        1.7180977687239647,
        1.7088525146245956,
        1.700968874618411,
        1.6724808793514967,
        1.6546209063380957,
        1.6345433909446,
        1.6155906543135643,
        1.609192719683051,
        1.5854897405952215,
        1.5665315948426723,
        1.554764924570918,
        1.5370359010994434,
        1.5343933049589396,
        1.5032063573598862,
        1.4883901942521334,
        1.4840359389781952,
        1.4688536077737808,
        1.4498415105044842,
        1.4320307523012161,
        1.4190176595002413,
        1.4069512709975243,
        1.3986065778881311,
        1.3868954107165337,
        1.3736163079738617,
        1.3593868985772133,
        1.3432826325297356,
        1.3370163077488542,
        1.3169806636869907,
        1.3135561365634203,
        1.2943974239751697,
        1.2941990727558732,
        1.2764058578759432,
        1.2656137170270085,
        1.259728491306305,
        1.2497582342475653,
        1.2360941879451275,
        1.2285171654075384,
        1.2029921477660537,
        1.19366907607764,
        1.182290930300951
    ],
    "val_acc": [
        0.392578125,
        0.4359809027777778,
        0.47048611111111105,
        0.4939236111111111,
        0.5054253472222222,
        0.533203125,
        0.5425347222222222,
        0.55859375,
        0.5674913194444444,
        0.5785590277777778,
        0.5870225694444444,
        0.5915798611111112,
        0.6050347222222222,
        0.6087239583333334,
        0.617404513888889,
        0.6252170138888888,
        0.6328125,
        0.634765625,
        0.6449652777777777,
        0.6516927083333333,
        0.6651475694444444,
        0.6712239583333334,
        0.6755642361111112,
        0.6768663194444445,
        0.6812065972222222,
        0.6872829861111112,
        0.6853298611111112,
        0.6885850694444445,
        0.6948784722222223,
        0.7007378472222222,
        0.7061631944444444,
        0.7078993055555556,
        0.7048611111111112,
        0.7135416666666666,
        0.7141927083333334,
        0.7191840277777779,
        0.7230902777777777,
        0.7217881944444444,
        0.7211371527777778,
        0.7250434027777777,
        0.7289496527777778,
        0.7289496527777777,
        0.7276475694444444,
        0.7291666666666666,
        0.7315538194444444,
        0.7345920138888888,
        0.7352430555555556,
        0.734157986111111,
        0.7369791666666666,
        0.738498263888889
    ],
    "test_loss": [],
    "test_acc": []
}