{
    "train_loss": [
        2.4331084303557873,
        2.171640731394291,
        2.0852543003857136,
        2.032791567966342,
        1.9902719520032406,
        1.9602504838258028,
        1.9351567886769772,
        1.9141687024384737,
        1.8934228122234344,
        1.8758460003882647,
        1.861103754490614,
        1.8477174062281847,
        1.8356732614338398,
        1.8232983350753784,
        1.8098417315632105,
        1.8010842334479094,
        1.790568895637989,
        1.7775392960757017,
        1.7691223043948412,
        1.7579826973378658,
        1.7477405425161123,
        1.7356180679053068,
        1.7283185571432114,
        1.7203410156071186,
        1.7115670833736658,
        1.7038327157497406,
        1.6913324296474457,
        1.6841720640659332,
        1.6761403623968363,
        1.6692588161677122,
        1.660049157217145,
        1.6545998770743608,
        1.6428958978503942,
        1.6360313780605793,
        1.6304288841784,
        1.6234362944960594,
        1.6156714390963316,
        1.6050214227288961,
        1.600410582497716,
        1.5907225646078587,
        1.5853988081216812,
        1.5762789212167263,
        1.5695167817175388,
        1.5598514173179865,
        1.5518075451254845,
        1.5456948559731245,
        1.5375802963972092,
        1.5313827469944954,
        1.523893814533949,
        1.514253981411457
    ],
    "train_acc": [
        0.2990451388888889,
        0.4069010416666667,
        0.466796875,
        0.5047743055555556,
        0.5407986111111112,
        0.5618489583333333,
        0.5774739583333333,
        0.5924479166666667,
        0.6078559027777777,
        0.6128472222222221,
        0.6234809027777778,
        0.6378038194444444,
        0.638671875,
        0.6460503472222222,
        0.6579861111111112,
        0.6614583333333333,
        0.6692708333333333,
        0.6701388888888888,
        0.6764322916666666,
        0.6825086805555556,
        0.6905381944444444,
        0.6990017361111112,
        0.6937934027777779,
        0.7046440972222223,
        0.709201388888889,
        0.7102864583333333,
        0.7172309027777778,
        0.7213541666666667,
        0.7235243055555556,
        0.7263454861111112,
        0.7322048611111112,
        0.7322048611111112,
        0.7398003472222223,
        0.7393663194444444,
        0.7411024305555555,
        0.73828125,
        0.7378472222222223,
        0.7456597222222222,
        0.7476128472222223,
        0.7521701388888888,
        0.7458767361111112,
        0.7526041666666666,
        0.7526041666666666,
        0.75390625,
        0.7588975694444445,
        0.7584635416666667,
        0.7601996527777778,
        0.7632378472222222,
        0.7630208333333334,
        0.7632378472222223
    ],
    "val_loss": [
        2.2253606244921684,
        2.106766749173403,
        2.043367378413677,
        2.0007877815514803,
        1.9603718295693398,
        1.934857191517949,
        1.91494969278574,
        1.889298066496849,
        1.874459896236658,
        1.8584504406899214,
        1.8454841915518045,
        1.8263036888092756,
        1.8143044114112854,
        1.800989417359233,
        1.7949605118483305,
        1.7825502548366785,
        1.7658821921795607,
        1.7630713302642107,
        1.747013010084629,
        1.7348399758338928,
        1.7273550387471914,
        1.7170933596789837,
        1.7215985096991062,
        1.7063841298222542,
        1.6918670143932104,
        1.6833639219403267,
        1.6693316381424665,
        1.6633218508213758,
        1.6571939568966627,
        1.6490421146154404,
        1.641070120036602,
        1.6293138936161995,
        1.62265538983047,
        1.617586374282837,
        1.6083574388176203,
        1.6065305583178997,
        1.5913023483008146,
        1.5840211883187294,
        1.584596173837781,
        1.5692055821418762,
        1.5751968752592802,
        1.553756769746542,
        1.5511735286563635,
        1.5398371890187263,
        1.530345669016242,
        1.5227478221058846,
        1.5196277908980846,
        1.5046283062547445,
        1.4991020653396845,
        1.4911980368196964
    ],
    "val_acc": [
        0.38888888888888884,
        0.4396701388888889,
        0.5002170138888888,
        0.5381944444444444,
        0.5653211805555556,
        0.5748697916666666,
        0.5926649305555556,
        0.6056857638888888,
        0.6223958333333333,
        0.625217013888889,
        0.6401909722222222,
        0.6475694444444444,
        0.6521267361111112,
        0.6610243055555556,
        0.6649305555555556,
        0.6744791666666667,
        0.6777343750000001,
        0.6809895833333333,
        0.6890190972222222,
        0.6970486111111112,
        0.7046440972222222,
        0.7022569444444444,
        0.7115885416666666,
        0.7174479166666667,
        0.7230902777777777,
        0.7215711805555556,
        0.7252604166666666,
        0.7356770833333333,
        0.7339409722222221,
        0.7367621527777778,
        0.7415364583333334,
        0.7430555555555556,
        0.7450086805555556,
        0.7549913194444444,
        0.7489149305555556,
        0.7528211805555556,
        0.7508680555555556,
        0.7562934027777777,
        0.7591145833333334,
        0.7534722222222223,
        0.7586805555555556,
        0.7647569444444444,
        0.767578125,
        0.7671440972222223,
        0.767578125,
        0.7680121527777778,
        0.7684461805555556,
        0.7738715277777778,
        0.7725694444444444,
        0.771701388888889
    ],
    "test_loss": [],
    "test_acc": []
}