{
    "train_loss": [
        0.947165459394455,
        0.9445226788520813,
        0.9268716126680374,
        1.0227306634187698,
        0.871578112244606,
        0.9274074286222458,
        0.9232620894908905,
        0.9263261705636978,
        0.8887554854154587,
        0.8927607536315918,
        0.9236296862363815,
        0.9591862708330154,
        0.8870885223150253,
        0.8947059214115143,
        0.8939139246940613,
        0.9097263813018799,
        0.8482473790645599,
        0.8246704190969467,
        0.8842156380414963,
        0.86136694252491,
        0.8214494585990906,
        0.8520059287548065,
        0.8092682510614395,
        0.8282987773418427,
        0.8220452666282654,
        0.8238791972398758,
        0.8361303210258484,
        0.7988560646772385,
        0.8325364291667938,
        0.7499394714832306,
        0.789608359336853,
        0.7777295708656311,
        0.8167595267295837,
        0.7760646492242813,
        0.8029538094997406,
        0.8474535793066025,
        0.7705667167901993,
        0.769977942109108,
        0.8235887587070465,
        0.7566051334142685,
        0.7328542321920395,
        0.8186592310667038,
        0.7779868692159653,
        0.7466591745615005,
        0.7351295500993729,
        0.769469678401947,
        0.7472340166568756,
        0.7806238681077957,
        0.7133401483297348,
        0.8146555572748184
    ],
    "train_acc": [
        0.6334325396825398,
        0.6046626984126984,
        0.6617063492063492,
        0.5610119047619048,
        0.6830357142857143,
        0.6145833333333334,
        0.6646825396825397,
        0.6750992063492064,
        0.675595238095238,
        0.6716269841269841,
        0.6572420634920635,
        0.5853174603174603,
        0.6750992063492064,
        0.6428571428571428,
        0.6572420634920635,
        0.6498015873015872,
        0.6785714285714286,
        0.7068452380952381,
        0.6711309523809524,
        0.6676587301587301,
        0.706845238095238,
        0.6780753968253967,
        0.7103174603174603,
        0.681547619047619,
        0.7028769841269842,
        0.6919642857142857,
        0.6954365079365079,
        0.7242063492063492,
        0.7058531746031745,
        0.7524801587301587,
        0.7276785714285714,
        0.7237103174603174,
        0.7450396825396826,
        0.7594246031746033,
        0.7306547619047619,
        0.6984126984126984,
        0.730654761904762,
        0.7202380952380952,
        0.7053571428571428,
        0.7450396825396826,
        0.7911706349206349,
        0.7123015873015872,
        0.7589285714285714,
        0.7554563492063492,
        0.7767857142857143,
        0.7405753968253969,
        0.7658730158730158,
        0.7336309523809524,
        0.7876984126984128,
        0.7331349206349207
    ],
    "val_loss": [
        1.0375878810882568,
        1.0316483974456787,
        1.0291357040405273,
        1.0261343717575073,
        1.0211994647979736,
        1.0171184539794922,
        1.0158085823059082,
        1.0114924907684326,
        1.0109065771102905,
        1.0080225467681885,
        1.0021617412567139,
        0.9990032911300659,
        0.9962738752365112,
        0.9930006861686707,
        0.9884220361709595,
        0.9853770136833191,
        0.9825547337532043,
        0.9785841703414917,
        0.9778874516487122,
        0.9743421077728271,
        0.9698620438575745,
        0.9676465392112732,
        0.963919997215271,
        0.9618791341781616,
        0.9585992693901062,
        0.9570947289466858,
        0.9557464122772217,
        0.9544506669044495,
        0.9516057372093201,
        0.9523399472236633,
        0.9489709138870239,
        0.9489341378211975,
        0.9458359479904175,
        0.9429515600204468,
        0.9408155679702759,
        0.935699462890625,
        0.9317237138748169,
        0.930196225643158,
        0.9293117523193359,
        0.9264917969703674,
        0.9273704290390015,
        0.9224290251731873,
        0.9217445850372314,
        0.9186660647392273,
        0.9176210761070251,
        0.9151723384857178,
        0.9154442548751831,
        0.9126916527748108,
        0.91106778383255,
        0.9075477719306946
    ],
    "val_acc": [
        0.5862068965517241,
        0.5862068965517241,
        0.5862068965517241,
        0.5862068965517241,
        0.5862068965517241,
        0.5862068965517241,
        0.5862068965517241,
        0.5862068965517241,
        0.5862068965517241,
        0.5862068965517241,
        0.5862068965517241,
        0.603448275862069,
        0.603448275862069,
        0.603448275862069,
        0.603448275862069,
        0.6379310344827587,
        0.6379310344827587,
        0.6379310344827587,
        0.6379310344827587,
        0.6379310344827587,
        0.6379310344827587,
        0.6379310344827587,
        0.6379310344827587,
        0.6379310344827587,
        0.6551724137931034,
        0.6551724137931034,
        0.6551724137931034,
        0.6551724137931034,
        0.6551724137931034,
        0.6551724137931034,
        0.6551724137931034,
        0.6551724137931034,
        0.6551724137931034,
        0.6551724137931034,
        0.6551724137931034,
        0.6551724137931034,
        0.6896551724137931,
        0.6896551724137931,
        0.6896551724137931,
        0.6896551724137931,
        0.6896551724137931,
        0.7068965517241379,
        0.7068965517241379,
        0.7068965517241379,
        0.7068965517241379,
        0.7068965517241379,
        0.7068965517241379,
        0.7068965517241379,
        0.7068965517241379,
        0.7068965517241379
    ],
    "test_loss": [],
    "test_acc": []
}