{
    "train_loss": [
        1.8775621354579926,
        1.8140423893928528,
        1.9074568450450897,
        1.9049133658409119,
        1.8689537644386292,
        1.8548586070537567,
        1.855095535516739,
        1.8110937774181366,
        1.8274365663528442,
        1.8473811447620392,
        1.942117989063263,
        1.8303809463977814,
        1.8330598175525665,
        1.735109567642212,
        1.7629347443580627,
        1.8037138879299164,
        1.7829919457435608,
        1.7774403095245361,
        1.7612045407295227,
        1.7400586307048798,
        1.6957588493824005,
        1.723242312669754,
        1.7659890353679657,
        1.6819895505905151,
        1.704245150089264,
        1.7037311792373657,
        1.6921641528606415,
        1.7092733979225159,
        1.676622599363327,
        1.7081345617771149,
        1.6359218955039978,
        1.6434195935726166,
        1.6753566265106201,
        1.716328352689743,
        1.7147243320941925,
        1.6212867498397827,
        1.6259105801582336,
        1.6432865858078003,
        1.6180306375026703,
        1.5970996618270874,
        1.6982720494270325,
        1.5696451663970947,
        1.62613844871521,
        1.595791757106781,
        1.5862924456596375,
        1.548375129699707,
        1.6183466613292694,
        1.5515922009944916,
        1.5424339175224304,
        1.557120144367218
    ],
    "train_acc": [
        0.5500992063492063,
        0.5575396825396826,
        0.48908730158730157,
        0.5282738095238095,
        0.5173611111111112,
        0.5173611111111112,
        0.5277777777777778,
        0.5243055555555556,
        0.5421626984126984,
        0.5381944444444444,
        0.4811507936507936,
        0.5099206349206349,
        0.5094246031746031,
        0.5456349206349207,
        0.5416666666666667,
        0.5376984126984127,
        0.5629960317460317,
        0.5451388888888888,
        0.5739087301587302,
        0.5808531746031746,
        0.5629960317460316,
        0.5699404761904763,
        0.5625,
        0.6016865079365079,
        0.5952380952380952,
        0.5947420634920635,
        0.5808531746031746,
        0.5768849206349207,
        0.5590277777777778,
        0.5768849206349207,
        0.6051587301587301,
        0.5982142857142857,
        0.5729166666666667,
        0.558531746031746,
        0.5044642857142857,
        0.6264880952380952,
        0.644345238095238,
        0.6304563492063492,
        0.5803571428571428,
        0.5873015873015873,
        0.5689484126984127,
        0.6195436507936508,
        0.5942460317460317,
        0.597718253968254,
        0.6334325396825397,
        0.6264880952380952,
        0.5868055555555556,
        0.5868055555555556,
        0.6517857142857143,
        0.5798611111111112
    ],
    "val_loss": [
        1.9564332962036133,
        1.9460527896881104,
        1.9366520643234253,
        1.931624174118042,
        1.9273587465286255,
        1.9230505228042603,
        1.9193363189697266,
        1.914038896560669,
        1.9094266891479492,
        1.9056403636932373,
        1.9017428159713745,
        1.8993157148361206,
        1.8964641094207764,
        1.8946235179901123,
        1.8933213949203491,
        1.8902661800384521,
        1.8872337341308594,
        1.8831818103790283,
        1.8788986206054688,
        1.8740897178649902,
        1.8693253993988037,
        1.8661715984344482,
        1.8642823696136475,
        1.8656136989593506,
        1.8657294511795044,
        1.8656316995620728,
        1.8642971515655518,
        1.8639824390411377,
        1.863207221031189,
        1.864971399307251,
        1.8642117977142334,
        1.8622889518737793,
        1.8602665662765503,
        1.859370231628418,
        1.8586184978485107,
        1.8571293354034424,
        1.8570823669433594,
        1.855865716934204,
        1.8559536933898926,
        1.8554130792617798,
        1.8555030822753906,
        1.856691598892212,
        1.8578091859817505,
        1.8578040599822998,
        1.8575832843780518,
        1.8587584495544434,
        1.858319640159607,
        1.8562228679656982,
        1.8547697067260742,
        1.854055404663086
    ],
    "val_acc": [
        0.5344827586206896,
        0.5344827586206896,
        0.5172413793103449,
        0.5,
        0.5,
        0.5172413793103449,
        0.5172413793103449,
        0.5172413793103449,
        0.5172413793103449,
        0.5344827586206896,
        0.5344827586206896,
        0.5344827586206896,
        0.5344827586206896,
        0.5344827586206896,
        0.5517241379310345,
        0.5517241379310345,
        0.5517241379310345,
        0.5517241379310345,
        0.5689655172413793,
        0.5689655172413793,
        0.5689655172413793,
        0.5689655172413793,
        0.5689655172413793,
        0.5689655172413793,
        0.5689655172413793,
        0.5689655172413793,
        0.5689655172413793,
        0.5689655172413793,
        0.5689655172413793,
        0.5689655172413793,
        0.5689655172413793,
        0.5689655172413793,
        0.5689655172413793,
        0.5689655172413793,
        0.5689655172413793,
        0.5689655172413793,
        0.5689655172413793,
        0.5517241379310345,
        0.5517241379310345,
        0.5517241379310345,
        0.5517241379310345,
        0.5689655172413793,
        0.5689655172413793,
        0.5689655172413793,
        0.5517241379310345,
        0.5862068965517241,
        0.5862068965517241,
        0.5689655172413793,
        0.5689655172413793,
        0.5689655172413793
    ],
    "test_loss": [],
    "test_acc": []
}