{
    "train_loss": [
        0.9802037477493286,
        1.0829463601112366,
        0.9987912029027939,
        1.0408531725406647,
        1.0156025290489197,
        1.0233678668737411,
        0.921000137925148,
        0.9703156799077988,
        0.9567384421825409,
        1.0133478492498398,
        0.9828775078058243,
        0.980371281504631,
        0.9889117479324341,
        0.9882616400718689,
        0.9522444158792496,
        0.948853000998497,
        0.9836473912000656,
        0.8993922024965286,
        0.9706450551748276,
        0.9283623248338699,
        0.9760875403881073,
        0.8977323919534683,
        0.9539482444524765,
        0.8764072507619858,
        0.9576340913772583,
        0.8782971352338791,
        0.8795467466115952,
        0.9327375888824463,
        0.8831314295530319,
        0.8555608838796616,
        0.9668439775705338,
        0.8775158226490021,
        0.9153788834810257,
        0.9152905941009521,
        0.8720593303442001,
        0.9246030449867249,
        0.8498547226190567,
        0.8952289968729019,
        0.877751424908638,
        0.8655617982149124,
        0.8809074610471725,
        0.8770698308944702,
        0.88895483314991,
        0.8838736712932587,
        0.8831193149089813,
        0.8422030210494995,
        0.8746373653411865,
        0.8041433542966843,
        0.8179793953895569,
        0.8435667455196381
    ],
    "train_acc": [
        0.6031746031746031,
        0.5094246031746031,
        0.5882936507936508,
        0.5451388888888888,
        0.5342261904761905,
        0.5629960317460317,
        0.6453373015873016,
        0.5877976190476191,
        0.6021825396825397,
        0.5625,
        0.5620039682539683,
        0.5798611111111112,
        0.5515873015873015,
        0.5868055555555556,
        0.6046626984126984,
        0.6190476190476191,
        0.59375,
        0.6622023809523809,
        0.5793650793650793,
        0.6225198412698413,
        0.6225198412698413,
        0.658234126984127,
        0.607638888888889,
        0.6760912698412698,
        0.5932539682539681,
        0.6939484126984126,
        0.6865079365079365,
        0.6324404761904763,
        0.632440476190476,
        0.6934523809523809,
        0.5858134920634921,
        0.6468253968253969,
        0.6215277777777778,
        0.6284722222222222,
        0.6572420634920635,
        0.6359126984126984,
        0.6537698412698413,
        0.6532738095238095,
        0.6359126984126984,
        0.6572420634920635,
        0.6641865079365079,
        0.6567460317460316,
        0.6140873015873015,
        0.6567460317460316,
        0.6567460317460319,
        0.7108134920634921,
        0.6527777777777778,
        0.7564484126984128,
        0.7137896825396826,
        0.6889880952380953
    ],
    "val_loss": [
        0.9384753108024597,
        0.9387847781181335,
        0.9405913352966309,
        0.9420362710952759,
        0.942782998085022,
        0.9418759942054749,
        0.94094318151474,
        0.9376598596572876,
        0.9365807771682739,
        0.936191201210022,
        0.9336135387420654,
        0.9322415590286255,
        0.9289997816085815,
        0.9270633459091187,
        0.9251400232315063,
        0.9243885278701782,
        0.9219928979873657,
        0.9206362962722778,
        0.9189623594284058,
        0.917800784111023,
        0.9167810082435608,
        0.9151659607887268,
        0.9135717153549194,
        0.911225438117981,
        0.9080823659896851,
        0.9071173667907715,
        0.9055938124656677,
        0.9032630324363708,
        0.9001330733299255,
        0.8988106846809387,
        0.8971470594406128,
        0.8964051604270935,
        0.894657552242279,
        0.8941156268119812,
        0.892362654209137,
        0.8905542492866516,
        0.8892531991004944,
        0.888910710811615,
        0.8867075443267822,
        0.886250913143158,
        0.8853536248207092,
        0.8837088942527771,
        0.8827658295631409,
        0.8815231323242188,
        0.8803239464759827,
        0.8797537088394165,
        0.8792323470115662,
        0.8770519495010376,
        0.8767213225364685,
        0.8763982653617859
    ],
    "val_acc": [
        0.5862068965517241,
        0.603448275862069,
        0.603448275862069,
        0.5689655172413793,
        0.5689655172413793,
        0.5689655172413793,
        0.5689655172413793,
        0.603448275862069,
        0.603448275862069,
        0.6206896551724138,
        0.6206896551724138,
        0.6206896551724138,
        0.6206896551724138,
        0.6206896551724138,
        0.6206896551724138,
        0.6206896551724138,
        0.6206896551724138,
        0.6206896551724138,
        0.6206896551724138,
        0.6206896551724138,
        0.6206896551724138,
        0.6206896551724138,
        0.6379310344827587,
        0.6379310344827587,
        0.6379310344827587,
        0.6379310344827587,
        0.6551724137931034,
        0.6551724137931034,
        0.6551724137931034,
        0.6379310344827587,
        0.6551724137931034,
        0.6551724137931034,
        0.6551724137931034,
        0.6379310344827587,
        0.6551724137931034,
        0.6551724137931034,
        0.6724137931034483,
        0.6724137931034483,
        0.6724137931034483,
        0.6724137931034483,
        0.6724137931034483,
        0.6551724137931034,
        0.6896551724137931,
        0.7068965517241379,
        0.7068965517241379,
        0.7068965517241379,
        0.7068965517241379,
        0.7068965517241379,
        0.7068965517241379,
        0.7068965517241379
    ],
    "test_loss": [],
    "test_acc": []
}