{
    "train_loss": [
        1.1331268399953842,
        1.1967357397079468,
        1.1261506080627441,
        1.1542288959026337,
        1.1547608971595764,
        1.1602771282196045,
        1.1300544440746307,
        1.1494321525096893,
        1.1612467169761658,
        1.1182428002357483,
        1.1327398717403412,
        1.1592497825622559,
        1.1091379821300507,
        1.076688900589943,
        1.0991830229759216,
        1.0908146500587463,
        1.112089827656746,
        1.0707907676696777,
        1.0756390392780304,
        1.051456943154335,
        1.07111257314682,
        1.0622315108776093,
        0.9931497722864151,
        1.067579597234726,
        1.0157221257686615,
        1.019329458475113,
        1.0279111564159393,
        1.0372573137283325,
        0.9941370636224747,
        1.0170436650514603,
        0.9939737617969513,
        0.9768460094928741,
        1.0365525037050247,
        1.0059395730495453,
        1.0300752371549606,
        0.9633068889379501,
        0.9600481986999512,
        0.9612793922424316,
        1.0089606642723083,
        0.9970728904008865,
        1.0007979422807693,
        0.9936651736497879,
        0.9698078036308289,
        0.9783627986907959,
        0.9967662841081619,
        0.9357065558433533,
        0.9611360728740692,
        0.9369104951620102,
        0.934207946062088,
        0.9836450517177582
    ],
    "train_acc": [
        0.4732142857142857,
        0.43700396825396826,
        0.48313492063492064,
        0.4399801587301587,
        0.45436507936507936,
        0.46875,
        0.4861111111111111,
        0.48214285714285715,
        0.47519841269841273,
        0.4861111111111111,
        0.47867063492063494,
        0.49950396825396826,
        0.48908730158730157,
        0.5391865079365079,
        0.49950396825396826,
        0.49950396825396826,
        0.5133928571428571,
        0.5496031746031745,
        0.5277777777777778,
        0.5386904761904763,
        0.5099206349206349,
        0.5277777777777778,
        0.5997023809523809,
        0.5099206349206349,
        0.5277777777777778,
        0.5992063492063492,
        0.5560515873015872,
        0.5987103174603174,
        0.5699404761904763,
        0.5912698412698413,
        0.5987103174603174,
        0.6165674603174603,
        0.5267857142857143,
        0.6235119047619048,
        0.5912698412698413,
        0.6483134920634921,
        0.6125992063492063,
        0.6408730158730159,
        0.5873015873015873,
        0.5942460317460319,
        0.6046626984126984,
        0.5868055555555556,
        0.623015873015873,
        0.6334325396825397,
        0.6011904761904762,
        0.6259920634920635,
        0.6155753968253969,
        0.6512896825396826,
        0.636904761904762,
        0.6046626984126984
    ],
    "val_loss": [
        1.2876747846603394,
        1.2239923477172852,
        1.1837365627288818,
        1.165097713470459,
        1.1580390930175781,
        1.1544016599655151,
        1.1550759077072144,
        1.1537145376205444,
        1.1542258262634277,
        1.1529347896575928,
        1.1533668041229248,
        1.1495128870010376,
        1.1457959413528442,
        1.14568030834198,
        1.1410064697265625,
        1.139777660369873,
        1.1372994184494019,
        1.1340137720108032,
        1.131361961364746,
        1.130446434020996,
        1.1307713985443115,
        1.127619743347168,
        1.1234897375106812,
        1.1197960376739502,
        1.1139988899230957,
        1.1140803098678589,
        1.1104309558868408,
        1.1101008653640747,
        1.1074787378311157,
        1.1072046756744385,
        1.105780005455017,
        1.1030616760253906,
        1.0996614694595337,
        1.0967146158218384,
        1.0951029062271118,
        1.0928914546966553,
        1.0909639596939087,
        1.0889967679977417,
        1.0869404077529907,
        1.0851831436157227,
        1.0819318294525146,
        1.080195665359497,
        1.079699993133545,
        1.0783156156539917,
        1.0766587257385254,
        1.0754106044769287,
        1.0713658332824707,
        1.0694046020507812,
        1.0681031942367554,
        1.0658005475997925
    ],
    "val_acc": [
        0.4827586206896552,
        0.5,
        0.5172413793103449,
        0.5172413793103449,
        0.5344827586206896,
        0.5344827586206896,
        0.5344827586206896,
        0.5517241379310345,
        0.5344827586206896,
        0.5172413793103449,
        0.5172413793103449,
        0.5172413793103449,
        0.5172413793103449,
        0.5172413793103449,
        0.5172413793103449,
        0.5172413793103449,
        0.5172413793103449,
        0.5172413793103449,
        0.5344827586206896,
        0.5172413793103449,
        0.5344827586206896,
        0.5344827586206896,
        0.5344827586206896,
        0.5344827586206896,
        0.5344827586206896,
        0.5344827586206896,
        0.5344827586206896,
        0.5344827586206896,
        0.5344827586206896,
        0.5344827586206896,
        0.5344827586206896,
        0.5344827586206896,
        0.5517241379310345,
        0.5517241379310345,
        0.5689655172413793,
        0.5517241379310345,
        0.5517241379310345,
        0.5517241379310345,
        0.5517241379310345,
        0.5517241379310345,
        0.5517241379310345,
        0.5517241379310345,
        0.5517241379310345,
        0.5517241379310345,
        0.5517241379310345,
        0.5517241379310345,
        0.5517241379310345,
        0.5517241379310345,
        0.5517241379310345,
        0.5517241379310345
    ],
    "test_loss": [],
    "test_acc": []
}