{
    "train_loss": [
        0.872487485408783,
        0.9295851141214371,
        0.8780512511730194,
        0.8830120265483856,
        0.8665934950113297,
        0.8755323737859726,
        0.8987734764814377,
        0.8904691487550735,
        0.8556521385908127,
        0.9109206050634384,
        0.8451293706893921,
        0.8180865049362183,
        0.8247572332620621,
        0.8537479937076569,
        0.8474459648132324,
        0.8444844633340836,
        0.8281793296337128,
        0.8138527870178223,
        0.7760104387998581,
        0.7926723212003708,
        0.8132598847150803,
        0.8513683825731277,
        0.7367810606956482,
        0.7776480168104172,
        0.8176961839199066,
        0.8172316998243332,
        0.8233867585659027,
        0.7995112091302872,
        0.7969844192266464,
        0.7696458697319031,
        0.7753048539161682,
        0.7739260494709015,
        0.777738556265831,
        0.7622042298316956,
        0.7778429687023163,
        0.7674337178468704,
        0.7578863054513931,
        0.7542674541473389,
        0.7657214254140854,
        0.7680835872888565,
        0.7393472343683243,
        0.7467459738254547,
        0.745864599943161,
        0.764280766248703,
        0.7261968702077866,
        0.7022226899862289,
        0.724409356713295,
        0.7547292858362198,
        0.7165490090847015,
        0.75840063393116
    ],
    "train_acc": [
        0.6259920634920635,
        0.6180555555555556,
        0.6969246031746031,
        0.6964285714285714,
        0.685515873015873,
        0.6929563492063492,
        0.6532738095238095,
        0.6820436507936508,
        0.6959325396825398,
        0.6349206349206349,
        0.7242063492063492,
        0.7346230158730158,
        0.7028769841269842,
        0.6919642857142857,
        0.7137896825396826,
        0.7167658730158731,
        0.7098214285714286,
        0.7242063492063492,
        0.78125,
        0.7415674603174602,
        0.7023809523809523,
        0.7341269841269842,
        0.7633928571428572,
        0.7380952380952381,
        0.7088293650793651,
        0.7232142857142857,
        0.7380952380952381,
        0.7485119047619048,
        0.751984126984127,
        0.7663690476190477,
        0.7946428571428572,
        0.7876984126984128,
        0.7445436507936508,
        0.7589285714285714,
        0.7549603174603176,
        0.748015873015873,
        0.7658730158730158,
        0.7658730158730158,
        0.748015873015873,
        0.7693452380952381,
        0.7767857142857143,
        0.7762896825396826,
        0.7797619047619047,
        0.7440476190476191,
        0.7584325396825397,
        0.7906746031746031,
        0.808531746031746,
        0.7653769841269842,
        0.7797619047619048,
        0.7509920634920634
    ],
    "val_loss": [
        1.0144751071929932,
        1.0068985223770142,
        1.0023255348205566,
        0.998240053653717,
        0.9940940141677856,
        0.9897213578224182,
        0.9848076105117798,
        0.9798471331596375,
        0.9759501218795776,
        0.9715484380722046,
        0.9683459997177124,
        0.9657236337661743,
        0.9596017599105835,
        0.9566488862037659,
        0.9535526633262634,
        0.9497599005699158,
        0.9459261298179626,
        0.9431697726249695,
        0.9393450617790222,
        0.9356321692466736,
        0.9334473013877869,
        0.9296764731407166,
        0.9264842867851257,
        0.9213887453079224,
        0.9194017648696899,
        0.9165606498718262,
        0.913122832775116,
        0.9104399085044861,
        0.9079891443252563,
        0.9069628715515137,
        0.9048424363136292,
        0.9020761251449585,
        0.8994876146316528,
        0.89717698097229,
        0.8949527740478516,
        0.8925465941429138,
        0.8900805711746216,
        0.8861510157585144,
        0.8821690678596497,
        0.8802606463432312,
        0.877633810043335,
        0.8781418204307556,
        0.8746879696846008,
        0.8738189935684204,
        0.8722892999649048,
        0.8705373406410217,
        0.8679962754249573,
        0.866460382938385,
        0.863962709903717,
        0.8609782457351685
    ],
    "val_acc": [
        0.5689655172413793,
        0.5517241379310345,
        0.5344827586206896,
        0.5517241379310345,
        0.5517241379310345,
        0.5517241379310345,
        0.5517241379310345,
        0.5517241379310345,
        0.5689655172413793,
        0.5689655172413793,
        0.5689655172413793,
        0.5689655172413793,
        0.5689655172413793,
        0.5689655172413793,
        0.5689655172413793,
        0.5689655172413793,
        0.5689655172413793,
        0.5689655172413793,
        0.5689655172413793,
        0.5689655172413793,
        0.5689655172413793,
        0.5689655172413793,
        0.5689655172413793,
        0.5689655172413793,
        0.5689655172413793,
        0.5689655172413793,
        0.5862068965517241,
        0.603448275862069,
        0.603448275862069,
        0.6206896551724138,
        0.6206896551724138,
        0.6206896551724138,
        0.6206896551724138,
        0.6206896551724138,
        0.6379310344827587,
        0.6551724137931034,
        0.6551724137931034,
        0.6724137931034483,
        0.6724137931034483,
        0.6724137931034483,
        0.6724137931034483,
        0.6724137931034483,
        0.6896551724137931,
        0.6896551724137931,
        0.6896551724137931,
        0.6896551724137931,
        0.6896551724137931,
        0.6896551724137931,
        0.6896551724137931,
        0.6896551724137931
    ],
    "test_loss": [],
    "test_acc": []
}