{
    "train_loss": [
        1.3658170141279697,
        1.3011582344770432,
        1.2362865563482046,
        1.1778634991496801,
        1.135175807401538,
        1.102291545830667,
        1.0777558097615838,
        1.0592053476721048,
        1.0435178969055414,
        1.0303152929991484,
        1.0184139562770724,
        1.0088465036824346,
        0.9995012674480677,
        0.9893356841057539,
        0.9820870691910386,
        0.9742553010582924,
        0.9679191587492824,
        0.9601315204054117,
        0.9537398479878902,
        0.9474204611033201,
        0.9412187384441495,
        0.936824326403439,
        0.9295419184491038,
        0.9236342562362552,
        0.918558849953115,
        0.912747192196548,
        0.9079555869102478,
        0.9007346406579018,
        0.8973713684827089,
        0.8914654590189457,
        0.887178129516542,
        0.8823611978441477,
        0.8769505303353071,
        0.8709102915599942,
        0.8670098362490535,
        0.8638225719332695,
        0.8579794941470027,
        0.8544834312051535,
        0.8502262141555548,
        0.8446796350181103,
        0.8398489877581596,
        0.8353646276518703,
        0.8318579997867346,
        0.8286264948546886,
        0.8264686204493046,
        0.8223586790263653,
        0.8176030917093158,
        0.8139522578567266,
        0.8111776327714324,
        0.8069923538714647
    ],
    "train_acc": [
        0.314453125,
        0.4296875,
        0.4715711805555555,
        0.5201822916666667,
        0.5366753472222222,
        0.5509982638888888,
        0.5631510416666666,
        0.5740017361111112,
        0.5911458333333333,
        0.5920138888888888,
        0.5993923611111112,
        0.6048177083333333,
        0.61328125,
        0.6200086805555556,
        0.6263020833333334,
        0.6286892361111112,
        0.6338975694444444,
        0.6334635416666667,
        0.6380208333333333,
        0.638671875,
        0.6438802083333333,
        0.6497395833333333,
        0.6497395833333334,
        0.6536458333333333,
        0.6547309027777779,
        0.6623263888888888,
        0.6592881944444444,
        0.6662326388888888,
        0.6651475694444444,
        0.671875,
        0.6710069444444444,
        0.671657986111111,
        0.6794704861111112,
        0.6818576388888888,
        0.6803385416666667,
        0.68359375,
        0.689453125,
        0.6890190972222221,
        0.6940104166666666,
        0.6957465277777778,
        0.6994357638888888,
        0.6976996527777778,
        0.7018229166666667,
        0.701171875,
        0.7026909722222223,
        0.7063802083333333,
        0.7107204861111112,
        0.7107204861111112,
        0.7098524305555556,
        0.716796875
    ],
    "val_loss": [
        1.3288083877414465,
        1.2613587994128466,
        1.198897898197174,
        1.1469902582466602,
        1.1103598475456238,
        1.0820902371779084,
        1.0616386141628027,
        1.0447823917493224,
        1.0295446524396539,
        1.017698566429317,
        1.0074375523254275,
        0.9988696556538343,
        0.9865353861823678,
        0.9801950184628367,
        0.9717768942937255,
        0.9662003722041845,
        0.9562398977577686,
        0.9523979378864169,
        0.943816096521914,
        0.9384399792179465,
        0.9305246425792575,
        0.9240240212529898,
        0.918836822733283,
        0.9126514252275229,
        0.9059925843030214,
        0.9018622823059559,
        0.8967225626111031,
        0.8921443102881312,
        0.886669808998704,
        0.8800167813897133,
        0.8769256500527263,
        0.871991534717381,
        0.8660348588600755,
        0.8623250396922231,
        0.8576521221548319,
        0.8540746998041868,
        0.8476131800562143,
        0.8459745775908232,
        0.8383323671296239,
        0.8341103568673134,
        0.8311797557398677,
        0.8271407429128885,
        0.8217494469136,
        0.8178660701960325,
        0.8119814340025187,
        0.8110204767435789,
        0.8064646078273654,
        0.8053973782807589,
        0.7999539636075497,
        0.7957719257101417
    ],
    "val_acc": [
        0.4077690972222222,
        0.4670138888888889,
        0.5067274305555556,
        0.5321180555555556,
        0.5538194444444444,
        0.5672743055555556,
        0.5785590277777778,
        0.5894097222222223,
        0.5935329861111112,
        0.6056857638888888,
        0.6117621527777778,
        0.6124131944444444,
        0.6234809027777778,
        0.6273871527777778,
        0.6336805555555556,
        0.634765625,
        0.636935763888889,
        0.640625,
        0.6436631944444444,
        0.6421440972222223,
        0.6534288194444445,
        0.654296875,
        0.6514756944444444,
        0.658420138888889,
        0.6664496527777778,
        0.664279513888889,
        0.669921875,
        0.6710069444444444,
        0.6746961805555555,
        0.6803385416666667,
        0.6825086805555556,
        0.685546875,
        0.6903211805555556,
        0.6907552083333334,
        0.6942274305555556,
        0.6929253472222222,
        0.69921875,
        0.7052951388888888,
        0.7024739583333333,
        0.7033420138888888,
        0.7039930555555556,
        0.7035590277777777,
        0.70703125,
        0.7126736111111112,
        0.7107204861111112,
        0.7115885416666667,
        0.7172309027777778,
        0.7196180555555556,
        0.7204861111111112,
        0.7228732638888888
    ],
    "test_loss": [],
    "test_acc": []
}