{
    "train_loss": [
        1.3626818861812353,
        1.3088849689811468,
        1.2601645812392235,
        1.2174786776304245,
        1.1846770104020834,
        1.1594029944390059,
        1.1387474481016397,
        1.121511397883296,
        1.1025745198130608,
        1.091072323732078,
        1.0751812178641558,
        1.063970647752285,
        1.052328041754663,
        1.0395942125469446,
        1.0265063401311636,
        1.0137593448162079,
        1.0011339196935296,
        0.9903801828622818,
        0.9767850134521723,
        0.9640491828322411,
        0.9536048052832484,
        0.9425936052575707,
        0.9362968541681767,
        0.9260946260765195,
        0.9170427657663822,
        0.908446192741394,
        0.9025795431807637,
        0.8941814750432968,
        0.8864486608654261,
        0.8816210804507136,
        0.8740826984867454,
        0.868873386643827,
        0.8668766533955932,
        0.8587126703932881,
        0.8502370910719037,
        0.8472446277737617,
        0.844256286509335,
        0.8368294611573219,
        0.8327843248844147,
        0.8282482028007507,
        0.8256971128284931,
        0.8185262782499194,
        0.814179141074419,
        0.809401105158031,
        0.804824068211019,
        0.8016793010756373,
        0.7967938091605902,
        0.7926433375105262,
        0.7890973025932908,
        0.7832523919641972
    ],
    "train_acc": [
        0.32096354166666663,
        0.40234375,
        0.44661458333333337,
        0.4756944444444444,
        0.4880642361111111,
        0.509982638888889,
        0.519314236111111,
        0.53125,
        0.5505642361111112,
        0.5529513888888888,
        0.5690104166666667,
        0.5787760416666666,
        0.5909288194444444,
        0.5950520833333334,
        0.6091579861111112,
        0.6195746527777778,
        0.6245659722222223,
        0.6319444444444444,
        0.644748263888889,
        0.6512586805555556,
        0.65234375,
        0.6631944444444444,
        0.6595052083333333,
        0.6592881944444444,
        0.6677517361111112,
        0.6727430555555556,
        0.6742621527777778,
        0.6799045138888888,
        0.6848958333333333,
        0.6818576388888888,
        0.6901041666666666,
        0.6909722222222222,
        0.6903211805555556,
        0.6953125,
        0.6998697916666667,
        0.7037760416666667,
        0.7020399305555556,
        0.7081163194444444,
        0.7109375,
        0.7122395833333333,
        0.7107204861111112,
        0.7198350694444444,
        0.7209201388888888,
        0.7202690972222221,
        0.7239583333333333,
        0.7272135416666666,
        0.728515625,
        0.7328559027777777,
        0.7337239583333333,
        0.7328559027777777
    ],
    "val_loss": [
        1.3246553018689156,
        1.2766216471791267,
        1.2261576633900404,
        1.189771143719554,
        1.1602941444143653,
        1.137151975184679,
        1.1167789287865162,
        1.1003790209069848,
        1.0845879623666406,
        1.074291044846177,
        1.0587508911266923,
        1.046117039397359,
        1.033713223412633,
        1.0218028984963894,
        1.0075276186689734,
        0.9932799935340881,
        0.9840499302372336,
        0.9674820331856608,
        0.9565316187217832,
        0.9457655278965831,
        0.9357047230005264,
        0.9252270832657814,
        0.918082607910037,
        0.9052897738292813,
        0.8976029055193067,
        0.8922317894175649,
        0.8843237413093448,
        0.8779960982501507,
        0.8692487617954612,
        0.8614872545003891,
        0.8587562218308449,
        0.8558392180129886,
        0.8481849040836096,
        0.8453236408531666,
        0.8393339263275266,
        0.8316172659397125,
        0.8275135708972812,
        0.8212384907528758,
        0.8173611061647534,
        0.8127816235646605,
        0.8095751376822591,
        0.8032490769401193,
        0.797394476365298,
        0.7930939067155123,
        0.788046189583838,
        0.7868854361586273,
        0.7811289257369936,
        0.7794002308510244,
        0.7738045370206237,
        0.7682415312156081
    ],
    "val_acc": [
        0.4021267361111111,
        0.4340277777777778,
        0.47851562499999994,
        0.4889322916666667,
        0.517578125,
        0.5234375,
        0.5460069444444444,
        0.5588107638888888,
        0.5703125,
        0.5774739583333334,
        0.5881076388888888,
        0.5987413194444444,
        0.6089409722222221,
        0.6100260416666666,
        0.6306423611111112,
        0.6319444444444444,
        0.6488715277777777,
        0.6493055555555556,
        0.6625434027777778,
        0.658203125,
        0.6681857638888888,
        0.6668836805555556,
        0.6751302083333333,
        0.6814236111111112,
        0.6773003472222223,
        0.6848958333333333,
        0.6905381944444444,
        0.6909722222222222,
        0.6961805555555556,
        0.700954861111111,
        0.7005208333333333,
        0.6970486111111112,
        0.705078125,
        0.7113715277777778,
        0.7037760416666666,
        0.7098524305555556,
        0.7163628472222222,
        0.7185329861111112,
        0.7224392361111112,
        0.7228732638888888,
        0.724609375,
        0.7243923611111112,
        0.732421875,
        0.7291666666666667,
        0.7330729166666665,
        0.7354600694444444,
        0.7358940972222223,
        0.7415364583333334,
        0.7395833333333334,
        0.7417534722222222
    ],
    "test_loss": [],
    "test_acc": []
}