{
    "train_loss": [
        2.235799551010132,
        2.102822870016098,
        2.0765060782432556,
        1.9641574025154114,
        1.9410400390625,
        1.9451792538166046,
        1.934609442949295,
        1.967104732990265,
        1.9607000052928925,
        1.9780161678791046,
        1.9240615963935852,
        1.9337662756443024,
        1.8373115360736847,
        1.8993635773658752,
        1.9108968675136566,
        1.8697813153266907,
        1.8804004788398743,
        1.892941415309906,
        1.910893440246582,
        1.8604057431221008,
        1.8324919044971466,
        1.8114275932312012,
        1.8317696154117584,
        1.8236412405967712,
        1.8660474121570587,
        1.8069799840450287,
        1.8322634398937225,
        1.804999202489853,
        1.7977235317230225,
        1.8344944715499878,
        1.772903174161911,
        1.8011721670627594,
        1.8206505477428436,
        1.765070378780365,
        1.7923944294452667,
        1.8032138645648956,
        1.7941505312919617,
        1.7988236844539642,
        1.7976115942001343,
        1.7245006561279297,
        1.720858782529831,
        1.7392430007457733,
        1.753093034029007,
        1.8012745678424835,
        1.7396973073482513,
        1.7715385556221008,
        1.737879365682602,
        1.7334747612476349,
        1.7221311926841736,
        1.763553500175476
    ],
    "train_acc": [
        0.6011904761904763,
        0.597718253968254,
        0.6547619047619048,
        0.658234126984127,
        0.6507936507936508,
        0.6547619047619048,
        0.6651785714285714,
        0.6686507936507937,
        0.6468253968253969,
        0.628968253968254,
        0.625,
        0.611111111111111,
        0.6468253968253969,
        0.6140873015873015,
        0.6785714285714286,
        0.6746031746031745,
        0.6780753968253969,
        0.660218253968254,
        0.65625,
        0.6671626984126984,
        0.6631944444444444,
        0.7212301587301587,
        0.7564484126984128,
        0.6954365079365079,
        0.6597222222222222,
        0.7420634920634921,
        0.7271825396825398,
        0.7023809523809523,
        0.755952380952381,
        0.7415674603174602,
        0.7450396825396826,
        0.7415674603174603,
        0.7380952380952381,
        0.7485119047619047,
        0.7410714285714286,
        0.751984126984127,
        0.7375992063492064,
        0.7336309523809523,
        0.7445436507936508,
        0.7842261904761905,
        0.7911706349206349,
        0.748015873015873,
        0.7762896825396826,
        0.7658730158730158,
        0.7728174603174602,
        0.744047619047619,
        0.7906746031746033,
        0.7762896825396826,
        0.7762896825396826,
        0.7797619047619047
    ],
    "val_loss": [
        2.013570785522461,
        1.9617767333984375,
        1.9348751306533813,
        1.925761342048645,
        1.9265551567077637,
        1.9309841394424438,
        1.9318959712982178,
        1.9290785789489746,
        1.924816370010376,
        1.9198830127716064,
        1.915009617805481,
        1.9118846654891968,
        1.9096455574035645,
        1.9078106880187988,
        1.9063698053359985,
        1.9056668281555176,
        1.9047030210494995,
        1.9037162065505981,
        1.903940200805664,
        1.902936339378357,
        1.9031519889831543,
        1.9028246402740479,
        1.8994066715240479,
        1.8944082260131836,
        1.8915621042251587,
        1.8893636465072632,
        1.8889240026474,
        1.8866915702819824,
        1.8850035667419434,
        1.8843326568603516,
        1.884299397468567,
        1.884056806564331,
        1.8841792345046997,
        1.8816524744033813,
        1.8779990673065186,
        1.8755741119384766,
        1.874300479888916,
        1.8726305961608887,
        1.8732846975326538,
        1.8740061521530151,
        1.8741099834442139,
        1.8722054958343506,
        1.8712778091430664,
        1.8706886768341064,
        1.8714452981948853,
        1.8701038360595703,
        1.868016004562378,
        1.8671844005584717,
        1.8681244850158691,
        1.8689720630645752
    ],
    "val_acc": [
        0.6206896551724138,
        0.6206896551724138,
        0.6896551724137931,
        0.7068965517241379,
        0.7068965517241379,
        0.7068965517241379,
        0.7068965517241379,
        0.7241379310344828,
        0.7068965517241379,
        0.7068965517241379,
        0.7068965517241379,
        0.7068965517241379,
        0.7068965517241379,
        0.7068965517241379,
        0.7068965517241379,
        0.7241379310344828,
        0.7413793103448276,
        0.7413793103448276,
        0.7413793103448276,
        0.7413793103448276,
        0.7413793103448276,
        0.7413793103448276,
        0.7413793103448276,
        0.7586206896551724,
        0.7586206896551724,
        0.7758620689655172,
        0.7758620689655172,
        0.7586206896551724,
        0.7586206896551724,
        0.7586206896551724,
        0.7413793103448276,
        0.7413793103448276,
        0.7413793103448276,
        0.7413793103448276,
        0.7413793103448276,
        0.7413793103448276,
        0.7586206896551724,
        0.7758620689655172,
        0.7758620689655172,
        0.7758620689655172,
        0.7586206896551724,
        0.7586206896551724,
        0.7413793103448276,
        0.7413793103448276,
        0.7586206896551724,
        0.7758620689655172,
        0.7758620689655172,
        0.7758620689655172,
        0.7586206896551724,
        0.7758620689655172
    ],
    "test_loss": [],
    "test_acc": []
}