{
    "train_loss": [
        2.1714336276054382,
        1.9092400968074799,
        1.9185518324375153,
        1.8070307075977325,
        1.87177374958992,
        1.8173292875289917,
        1.7828749418258667,
        1.7637443840503693,
        1.7191486954689026,
        1.6998029053211212,
        1.7649195492267609,
        1.6872191727161407,
        1.752580165863037,
        1.6382378041744232,
        1.693647414445877,
        1.7508768439292908,
        1.679186999797821,
        1.6604559421539307,
        1.6784048080444336,
        1.6702901721000671,
        1.5819591283798218,
        1.6306455731391907,
        1.542316496372223,
        1.5356310307979584,
        1.6050368249416351,
        1.5831333696842194,
        1.5527068972587585,
        1.5387907922267914,
        1.5358794033527374,
        1.4970659017562866,
        1.524469792842865,
        1.534172683954239,
        1.4679360389709473,
        1.504045993089676,
        1.5461918711662292,
        1.5066055357456207,
        1.4929697513580322,
        1.4457643330097198,
        1.4596020877361298,
        1.4150893092155457,
        1.4987408518791199,
        1.490037351846695,
        1.4942713379859924,
        1.4278649389743805,
        1.3790008127689362,
        1.4250895977020264,
        1.4478343725204468,
        1.4712771475315094,
        1.433794379234314,
        1.34835684299469
    ],
    "train_acc": [
        0.6091269841269842,
        0.6339285714285715,
        0.5476190476190477,
        0.597718253968254,
        0.5724206349206349,
        0.550595238095238,
        0.5689484126984127,
        0.5758928571428571,
        0.5972222222222222,
        0.658234126984127,
        0.6294642857142857,
        0.6225198412698413,
        0.5719246031746031,
        0.654265873015873,
        0.6646825396825397,
        0.6468253968253969,
        0.6180555555555556,
        0.6790674603174603,
        0.6785714285714286,
        0.663690476190476,
        0.6999007936507937,
        0.6780753968253969,
        0.7212301587301587,
        0.724702380952381,
        0.6636904761904763,
        0.7316468253968254,
        0.7172619047619048,
        0.6919642857142857,
        0.7385912698412699,
        0.7633928571428572,
        0.7485119047619047,
        0.7346230158730158,
        0.7415674603174602,
        0.7450396825396824,
        0.7197420634920635,
        0.7554563492063492,
        0.7197420634920635,
        0.7271825396825398,
        0.751984126984127,
        0.7842261904761905,
        0.7554563492063492,
        0.7371031746031745,
        0.7405753968253969,
        0.8015873015873016,
        0.8125,
        0.7549603174603174,
        0.7514880952380952,
        0.7762896825396824,
        0.7584325396825398,
        0.808531746031746
    ],
    "val_loss": [
        1.7266629934310913,
        1.6575722694396973,
        1.6279433965682983,
        1.6155848503112793,
        1.6162853240966797,
        1.6190354824066162,
        1.6169867515563965,
        1.610716462135315,
        1.607372760772705,
        1.6028614044189453,
        1.6014024019241333,
        1.5985842943191528,
        1.6008858680725098,
        1.602277398109436,
        1.6029138565063477,
        1.604154348373413,
        1.6014621257781982,
        1.599120855331421,
        1.5925222635269165,
        1.5927250385284424,
        1.5884772539138794,
        1.5860965251922607,
        1.585471749305725,
        1.5851280689239502,
        1.5816888809204102,
        1.5792086124420166,
        1.5759999752044678,
        1.5738260746002197,
        1.5703518390655518,
        1.5676771402359009,
        1.5669777393341064,
        1.5640833377838135,
        1.561966061592102,
        1.5615185499191284,
        1.5626296997070312,
        1.5589765310287476,
        1.5613625049591064,
        1.5565848350524902,
        1.5540661811828613,
        1.553985595703125,
        1.5543651580810547,
        1.5519579648971558,
        1.5514287948608398,
        1.5467251539230347,
        1.5469410419464111,
        1.5497479438781738,
        1.5460896492004395,
        1.5459619760513306,
        1.5436806678771973,
        1.5446810722351074
    ],
    "val_acc": [
        0.6724137931034483,
        0.6551724137931034,
        0.6379310344827587,
        0.6379310344827587,
        0.6379310344827587,
        0.6379310344827587,
        0.6379310344827587,
        0.6379310344827587,
        0.6551724137931034,
        0.6551724137931034,
        0.6551724137931034,
        0.6551724137931034,
        0.6551724137931034,
        0.6551724137931034,
        0.6551724137931034,
        0.6551724137931034,
        0.6551724137931034,
        0.6551724137931034,
        0.6551724137931034,
        0.6551724137931034,
        0.6551724137931034,
        0.6551724137931034,
        0.6551724137931034,
        0.6551724137931034,
        0.6551724137931034,
        0.6551724137931034,
        0.6551724137931034,
        0.6551724137931034,
        0.6551724137931034,
        0.6551724137931034,
        0.6551724137931034,
        0.6896551724137931,
        0.6896551724137931,
        0.6896551724137931,
        0.6896551724137931,
        0.6896551724137931,
        0.6896551724137931,
        0.6896551724137931,
        0.6896551724137931,
        0.6896551724137931,
        0.6896551724137931,
        0.6896551724137931,
        0.6724137931034483,
        0.6896551724137931,
        0.6896551724137931,
        0.6896551724137931,
        0.6896551724137931,
        0.6896551724137931,
        0.6896551724137931,
        0.6896551724137931
    ],
    "test_loss": [],
    "test_acc": []
}