{
    "train_loss": [
        2.038057327270508,
        1.9447673559188843,
        1.9805338382720947,
        1.9352220296859741,
        1.9369774460792542,
        1.9460439682006836,
        1.9643486142158508,
        1.9364227950572968,
        1.8803706169128418,
        1.9026916027069092,
        1.8859271109104156,
        1.880565345287323,
        1.9019064605236053,
        1.8692107498645782,
        1.8547052443027496,
        1.8690519630908966,
        1.8710269629955292,
        1.8296993374824524,
        1.8331359028816223,
        1.888316810131073,
        1.8311038315296173,
        1.8066962659358978,
        1.831058919429779,
        1.8095128536224365,
        1.8101463615894318,
        1.8259479701519012,
        1.7902781665325165,
        1.7678549885749817,
        1.7656219899654388,
        1.770762026309967,
        1.737828552722931,
        1.7995347380638123,
        1.7896461188793182,
        1.78796848654747,
        1.766973614692688,
        1.7293444275856018,
        1.7124773859977722,
        1.7922999262809753,
        1.7453886270523071,
        1.7575601637363434,
        1.7483631670475006,
        1.745053231716156,
        1.7712394297122955,
        1.763347864151001,
        1.773788034915924,
        1.753886640071869,
        1.7141206860542297,
        1.6779003143310547,
        1.7525980174541473,
        1.722929060459137
    ],
    "train_acc": [
        0.6721230158730158,
        0.6830357142857143,
        0.6468253968253969,
        0.6433531746031746,
        0.6468253968253969,
        0.6324404761904762,
        0.6180555555555555,
        0.6716269841269841,
        0.7003968253968255,
        0.6393849206349207,
        0.6750992063492064,
        0.6532738095238095,
        0.6284722222222222,
        0.7251984126984128,
        0.6924603174603174,
        0.6959325396825398,
        0.6889880952380953,
        0.6959325396825397,
        0.6706349206349207,
        0.6488095238095237,
        0.6780753968253969,
        0.720734126984127,
        0.6919642857142857,
        0.7346230158730158,
        0.7420634920634921,
        0.7311507936507936,
        0.7346230158730159,
        0.7420634920634921,
        0.7490079365079365,
        0.7202380952380952,
        0.738095238095238,
        0.7127976190476191,
        0.7127976190476191,
        0.7450396825396826,
        0.7375992063492064,
        0.7733134920634921,
        0.7450396825396826,
        0.6944444444444444,
        0.7018849206349207,
        0.7162698412698413,
        0.748015873015873,
        0.7088293650793651,
        0.701388888888889,
        0.7013888888888888,
        0.7405753968253967,
        0.7371031746031745,
        0.7728174603174602,
        0.7981150793650793,
        0.722718253968254,
        0.7976190476190476
    ],
    "val_loss": [
        2.103224277496338,
        2.071061372756958,
        2.0536880493164062,
        2.044210433959961,
        2.037734270095825,
        2.03139066696167,
        2.025264263153076,
        2.020352363586426,
        2.0174760818481445,
        2.0158987045288086,
        2.014975070953369,
        2.0134506225585938,
        2.0118446350097656,
        2.0118587017059326,
        2.010138988494873,
        2.0062687397003174,
        2.0029385089874268,
        2.00022029876709,
        1.9977638721466064,
        1.995385766029358,
        1.9954134225845337,
        1.995507001876831,
        1.9945944547653198,
        1.9948382377624512,
        1.994321346282959,
        1.993064522743225,
        1.9934706687927246,
        1.992536187171936,
        1.9916006326675415,
        1.9897090196609497,
        1.9893251657485962,
        1.9885389804840088,
        1.9868156909942627,
        1.9863567352294922,
        1.9852879047393799,
        1.9834696054458618,
        1.9825536012649536,
        1.982599139213562,
        1.9825389385223389,
        1.983070969581604,
        1.9825444221496582,
        1.9827033281326294,
        1.9833018779754639,
        1.9841580390930176,
        1.9833403825759888,
        1.982287883758545,
        1.9793466329574585,
        1.9785884618759155,
        1.9779192209243774,
        1.9756425619125366
    ],
    "val_acc": [
        0.5517241379310345,
        0.5689655172413793,
        0.5689655172413793,
        0.5862068965517241,
        0.6206896551724138,
        0.6379310344827587,
        0.6206896551724138,
        0.6724137931034483,
        0.6551724137931034,
        0.6379310344827587,
        0.6206896551724138,
        0.6206896551724138,
        0.603448275862069,
        0.603448275862069,
        0.603448275862069,
        0.6206896551724138,
        0.6206896551724138,
        0.6206896551724138,
        0.6206896551724138,
        0.6206896551724138,
        0.6206896551724138,
        0.6206896551724138,
        0.6206896551724138,
        0.6206896551724138,
        0.6206896551724138,
        0.6206896551724138,
        0.6206896551724138,
        0.6206896551724138,
        0.6206896551724138,
        0.6206896551724138,
        0.6206896551724138,
        0.6206896551724138,
        0.6206896551724138,
        0.6206896551724138,
        0.6206896551724138,
        0.6379310344827587,
        0.6379310344827587,
        0.6379310344827587,
        0.6379310344827587,
        0.6379310344827587,
        0.6379310344827587,
        0.6379310344827587,
        0.6379310344827587,
        0.6379310344827587,
        0.6379310344827587,
        0.6379310344827587,
        0.6206896551724138,
        0.6206896551724138,
        0.6206896551724138,
        0.6379310344827587
    ],
    "test_loss": [],
    "test_acc": []
}