{
    "train_loss": [
        0.9359432905912399,
        0.9128289818763733,
        0.8983576595783234,
        0.9268294125795364,
        0.8816806375980377,
        0.9444556683301926,
        0.8898733258247375,
        0.92320716381073,
        0.9060275107622147,
        0.8812955021858215,
        0.8486579358577728,
        0.8604381531476974,
        0.8371450155973434,
        0.8325197398662567,
        0.8606843650341034,
        0.840550422668457,
        0.8260212540626526,
        0.8473739326000214,
        0.8385472148656845,
        0.8239612132310867,
        0.8131479024887085,
        0.8532266914844513,
        0.8084683269262314,
        0.8009086698293686,
        0.8532472997903824,
        0.8149130791425705,
        0.822686493396759,
        0.8248273879289627,
        0.8537966161966324,
        0.8223081827163696,
        0.7714690268039703,
        0.8174731731414795,
        0.7969370186328888,
        0.7729101926088333,
        0.7670260518789291,
        0.8167471140623093,
        0.8197807818651199,
        0.7859364748001099,
        0.8339967876672745,
        0.7826653867959976,
        0.74407859146595,
        0.8260133266448975,
        0.8063460290431976,
        0.7661586552858353,
        0.7984835058450699,
        0.7638876438140869,
        0.782368391752243,
        0.7200250625610352,
        0.7360134422779083,
        0.7948977053165436
    ],
    "train_acc": [
        0.6537698412698413,
        0.6463293650793651,
        0.6785714285714286,
        0.6641865079365079,
        0.6820436507936508,
        0.6567460317460316,
        0.7033730158730158,
        0.6780753968253969,
        0.6493055555555556,
        0.681547619047619,
        0.7068452380952381,
        0.6959325396825398,
        0.7281746031746031,
        0.7033730158730158,
        0.6924603174603174,
        0.6746031746031745,
        0.7172619047619047,
        0.7103174603174602,
        0.7137896825396826,
        0.7033730158730158,
        0.7281746031746031,
        0.7033730158730158,
        0.706845238095238,
        0.7103174603174602,
        0.681547619047619,
        0.7137896825396826,
        0.699404761904762,
        0.6989087301587301,
        0.6741071428571428,
        0.7063492063492064,
        0.7212301587301587,
        0.65625,
        0.7242063492063492,
        0.7351190476190477,
        0.720734126984127,
        0.6989087301587301,
        0.6954365079365079,
        0.6954365079365079,
        0.6989087301587301,
        0.7063492063492064,
        0.7708333333333333,
        0.6483134920634921,
        0.6845238095238095,
        0.7202380952380953,
        0.7098214285714286,
        0.7455357142857143,
        0.716765873015873,
        0.7594246031746031,
        0.7346230158730158,
        0.7271825396825398
    ],
    "val_loss": [
        1.0511714220046997,
        1.0084625482559204,
        0.9753536581993103,
        0.9532407522201538,
        0.9412510991096497,
        0.9328382015228271,
        0.9276294112205505,
        0.9259993433952332,
        0.921116292476654,
        0.9171680212020874,
        0.9149734377861023,
        0.9107362627983093,
        0.9083607196807861,
        0.9051390290260315,
        0.9028976559638977,
        0.8992818593978882,
        0.8970544338226318,
        0.8959286212921143,
        0.8921465873718262,
        0.8884863257408142,
        0.8876997828483582,
        0.8845327496528625,
        0.8820316195487976,
        0.8817034363746643,
        0.8798534870147705,
        0.8787761330604553,
        0.8765416741371155,
        0.8755844235420227,
        0.8759666681289673,
        0.8741176128387451,
        0.8738138675689697,
        0.8705688714981079,
        0.8682329654693604,
        0.8661680817604065,
        0.8654776215553284,
        0.8652234077453613,
        0.8637524843215942,
        0.8635013699531555,
        0.8645190596580505,
        0.8641986846923828,
        0.8638123869895935,
        0.8618206977844238,
        0.86104816198349,
        0.8601635694503784,
        0.8588366508483887,
        0.8581922650337219,
        0.8563504815101624,
        0.8569088578224182,
        0.8570926785469055,
        0.8549816608428955
    ],
    "val_acc": [
        0.5862068965517241,
        0.5862068965517241,
        0.5862068965517241,
        0.603448275862069,
        0.603448275862069,
        0.6206896551724138,
        0.603448275862069,
        0.6206896551724138,
        0.6379310344827587,
        0.6379310344827587,
        0.6379310344827587,
        0.6724137931034483,
        0.6724137931034483,
        0.6724137931034483,
        0.6724137931034483,
        0.6724137931034483,
        0.6724137931034483,
        0.6551724137931034,
        0.6551724137931034,
        0.6551724137931034,
        0.6551724137931034,
        0.6551724137931034,
        0.6551724137931034,
        0.6551724137931034,
        0.6551724137931034,
        0.6724137931034483,
        0.6724137931034483,
        0.6551724137931034,
        0.6724137931034483,
        0.6896551724137931,
        0.6724137931034483,
        0.6724137931034483,
        0.6724137931034483,
        0.6724137931034483,
        0.6724137931034483,
        0.6724137931034483,
        0.6724137931034483,
        0.6724137931034483,
        0.6724137931034483,
        0.6724137931034483,
        0.6724137931034483,
        0.6724137931034483,
        0.6724137931034483,
        0.6724137931034483,
        0.6724137931034483,
        0.6724137931034483,
        0.6724137931034483,
        0.6724137931034483,
        0.6724137931034483,
        0.6896551724137931
    ],
    "test_loss": [],
    "test_acc": []
}