{
    "train_loss": [
        1.9191838800907135,
        2.0712164640426636,
        1.9040286540985107,
        1.9497667253017426,
        1.8609316051006317,
        1.8469946086406708,
        1.7705979645252228,
        1.8566716313362122,
        1.827755481004715,
        1.8852944672107697,
        1.8457684516906738,
        1.8356863856315613,
        1.8218591213226318,
        1.8845422863960266,
        1.7843085527420044,
        1.7807283103466034,
        1.9489807784557343,
        1.7627158463001251,
        1.789022147655487,
        1.7690127193927765,
        1.746279090642929,
        1.7030180990695953,
        1.841555505990982,
        1.7795593738555908,
        1.7735495567321777,
        1.7166807055473328,
        1.696019858121872,
        1.7068474292755127,
        1.712194949388504,
        1.6870537996292114,
        1.6570168733596802,
        1.6422691941261292,
        1.6862431764602661,
        1.7105199694633484,
        1.7219478487968445,
        1.6843733489513397,
        1.6751455962657928,
        1.6033693850040436,
        1.6716060936450958,
        1.577463686466217,
        1.5507073104381561,
        1.6534087657928467,
        1.598046064376831,
        1.6309177577495575,
        1.5541513562202454,
        1.57294300198555,
        1.5848417580127716,
        1.5670298635959625,
        1.6010058522224426,
        1.5648969113826752
    ],
    "train_acc": [
        0.4970238095238095,
        0.4216269841269841,
        0.4861111111111111,
        0.4786706349206349,
        0.5471230158730159,
        0.5178571428571428,
        0.589781746031746,
        0.5500992063492064,
        0.5396825396825397,
        0.5034722222222222,
        0.5178571428571428,
        0.5282738095238095,
        0.49950396825396826,
        0.4776785714285714,
        0.517361111111111,
        0.538690476190476,
        0.4384920634920635,
        0.5277777777777778,
        0.5347222222222222,
        0.535218253968254,
        0.5525793650793651,
        0.5813492063492064,
        0.5024801587301587,
        0.5024801587301587,
        0.5491071428571428,
        0.5739087301587301,
        0.5739087301587301,
        0.5203373015873015,
        0.527281746031746,
        0.6061507936507936,
        0.5773809523809523,
        0.5882936507936508,
        0.5555555555555556,
        0.501984126984127,
        0.5555555555555556,
        0.5625,
        0.5734126984126984,
        0.5952380952380952,
        0.5555555555555556,
        0.6274801587301587,
        0.6200396825396826,
        0.5659722222222222,
        0.5982142857142857,
        0.5907738095238095,
        0.6091269841269842,
        0.623015873015873,
        0.5873015873015872,
        0.5982142857142857,
        0.623015873015873,
        0.6086309523809523
    ],
    "val_loss": [
        1.842224359512329,
        1.8372387886047363,
        1.8354053497314453,
        1.8320271968841553,
        1.8305160999298096,
        1.8263298273086548,
        1.8231940269470215,
        1.8219599723815918,
        1.821774959564209,
        1.817058801651001,
        1.814251184463501,
        1.8148317337036133,
        1.8134331703186035,
        1.8100523948669434,
        1.8060433864593506,
        1.8035869598388672,
        1.8007187843322754,
        1.7939484119415283,
        1.7850477695465088,
        1.7788891792297363,
        1.7727015018463135,
        1.768463134765625,
        1.76619291305542,
        1.763094186782837,
        1.7612767219543457,
        1.7574634552001953,
        1.7556333541870117,
        1.755969762802124,
        1.7532269954681396,
        1.7522810697555542,
        1.748098611831665,
        1.744786024093628,
        1.7411190271377563,
        1.738513708114624,
        1.7400133609771729,
        1.7392150163650513,
        1.7390594482421875,
        1.7399179935455322,
        1.7402949333190918,
        1.7372479438781738,
        1.734209656715393,
        1.7314813137054443,
        1.7274158000946045,
        1.7246146202087402,
        1.7221672534942627,
        1.721320629119873,
        1.7209930419921875,
        1.7235260009765625,
        1.721326470375061,
        1.7194828987121582
    ],
    "val_acc": [
        0.5172413793103449,
        0.5517241379310345,
        0.5517241379310345,
        0.5689655172413793,
        0.5517241379310345,
        0.5689655172413793,
        0.5689655172413793,
        0.5689655172413793,
        0.5689655172413793,
        0.5862068965517241,
        0.5862068965517241,
        0.5862068965517241,
        0.5862068965517241,
        0.5862068965517241,
        0.5862068965517241,
        0.5517241379310345,
        0.5517241379310345,
        0.5344827586206896,
        0.5517241379310345,
        0.5689655172413793,
        0.5862068965517241,
        0.5862068965517241,
        0.603448275862069,
        0.603448275862069,
        0.6206896551724138,
        0.6206896551724138,
        0.6206896551724138,
        0.6206896551724138,
        0.6379310344827587,
        0.6379310344827587,
        0.6379310344827587,
        0.6206896551724138,
        0.6551724137931034,
        0.6551724137931034,
        0.6551724137931034,
        0.6724137931034483,
        0.6724137931034483,
        0.6551724137931034,
        0.6379310344827587,
        0.6379310344827587,
        0.6379310344827587,
        0.6551724137931034,
        0.6551724137931034,
        0.6551724137931034,
        0.6551724137931034,
        0.6551724137931034,
        0.6551724137931034,
        0.6551724137931034,
        0.6551724137931034,
        0.6551724137931034
    ],
    "test_loss": [],
    "test_acc": []
}