{
    "train_loss": [
        1.2074118852615356,
        1.128479778766632,
        1.0661640018224716,
        1.1422130167484283,
        1.0657895058393478,
        1.1259712725877762,
        1.0129067301750183,
        1.077119141817093,
        1.074786126613617,
        1.1494256854057312,
        1.0991261303424835,
        1.1840733885765076,
        1.0263228118419647,
        1.1024211943149567,
        1.0309279710054398,
        1.1213372945785522,
        0.9850053042173386,
        1.0354005694389343,
        1.0398491621017456,
        1.1073182225227356,
        1.0776899009943008,
        1.0206920206546783,
        1.0458024144172668,
        1.0347446501255035,
        1.0011123269796371,
        1.0561793595552444,
        1.085326835513115,
        0.9923364222049713,
        1.0888327956199646,
        0.9467980861663818,
        0.9980757981538773,
        1.1049010306596756,
        0.9612957239151001,
        0.954736664891243,
        0.9963397234678268,
        1.0122375637292862,
        0.980332538485527,
        0.9966032654047012,
        1.0258067697286606,
        1.0029577165842056,
        0.9822515100240707,
        0.9316974431276321,
        1.010644182562828,
        0.9525219649076462,
        1.0395613461732864,
        0.9669128209352493,
        0.9352563619613647,
        0.9788093417882919,
        1.0175189673900604,
        0.9480717033147812
    ],
    "train_acc": [
        0.5446428571428571,
        0.5808531746031746,
        0.5843253968253969,
        0.5198412698412698,
        0.5843253968253967,
        0.5302579365079365,
        0.6274801587301587,
        0.6200396825396826,
        0.5734126984126984,
        0.5372023809523809,
        0.5877976190476191,
        0.5084325396825397,
        0.626984126984127,
        0.5585317460317459,
        0.5947420634920635,
        0.5406746031746031,
        0.6592261904761905,
        0.6125992063492064,
        0.5907738095238095,
        0.5654761904761905,
        0.5625,
        0.5907738095238095,
        0.5585317460317459,
        0.6195436507936508,
        0.6121031746031746,
        0.6086309523809523,
        0.5441468253968254,
        0.6051587301587301,
        0.5580357142857143,
        0.6512896825396826,
        0.6190476190476191,
        0.5367063492063492,
        0.6264880952380952,
        0.6552579365079365,
        0.6046626984126984,
        0.6190476190476191,
        0.5942460317460316,
        0.6299603174603174,
        0.6116071428571428,
        0.6116071428571428,
        0.59375,
        0.6547619047619048,
        0.6150793650793651,
        0.6369047619047619,
        0.5828373015873016,
        0.6294642857142857,
        0.6547619047619048,
        0.6364087301587301,
        0.5823412698412699,
        0.6507936507936508
    ],
    "val_loss": [
        1.0811383724212646,
        1.0718283653259277,
        1.0653692483901978,
        1.0636628866195679,
        1.0614374876022339,
        1.0528627634048462,
        1.0483208894729614,
        1.0442790985107422,
        1.0404752492904663,
        1.0382230281829834,
        1.0351125001907349,
        1.0331076383590698,
        1.0336194038391113,
        1.0280673503875732,
        1.0288310050964355,
        1.0276683568954468,
        1.0273586511611938,
        1.0209177732467651,
        1.015394926071167,
        1.011852741241455,
        1.0128601789474487,
        1.009311556816101,
        1.007921576499939,
        1.0059821605682373,
        1.0020767450332642,
        1.0005216598510742,
        0.9978870153427124,
        0.9967359304428101,
        0.9943411350250244,
        0.9920322299003601,
        0.9910798668861389,
        0.9943048357963562,
        0.9913114905357361,
        0.9908151030540466,
        0.9899454712867737,
        0.9881523251533508,
        0.9863376021385193,
        0.9883996248245239,
        0.9860235452651978,
        0.9831079244613647,
        0.9832215309143066,
        0.9796416759490967,
        0.9758110046386719,
        0.9766038656234741,
        0.9754475951194763,
        0.9706543684005737,
        0.9722478985786438,
        0.9697399139404297,
        0.9726415276527405,
        0.9703763127326965
    ],
    "val_acc": [
        0.6379310344827587,
        0.6724137931034483,
        0.6724137931034483,
        0.6896551724137931,
        0.6896551724137931,
        0.7068965517241379,
        0.7068965517241379,
        0.6896551724137931,
        0.6896551724137931,
        0.6896551724137931,
        0.6896551724137931,
        0.6896551724137931,
        0.6896551724137931,
        0.6896551724137931,
        0.6896551724137931,
        0.6896551724137931,
        0.6896551724137931,
        0.6896551724137931,
        0.6896551724137931,
        0.6724137931034483,
        0.6724137931034483,
        0.6724137931034483,
        0.6724137931034483,
        0.6724137931034483,
        0.6724137931034483,
        0.6724137931034483,
        0.6724137931034483,
        0.6724137931034483,
        0.6724137931034483,
        0.6724137931034483,
        0.6724137931034483,
        0.6724137931034483,
        0.6724137931034483,
        0.6724137931034483,
        0.6896551724137931,
        0.6724137931034483,
        0.6896551724137931,
        0.6896551724137931,
        0.6896551724137931,
        0.6896551724137931,
        0.6896551724137931,
        0.6896551724137931,
        0.6896551724137931,
        0.6896551724137931,
        0.6896551724137931,
        0.6896551724137931,
        0.6896551724137931,
        0.6896551724137931,
        0.6896551724137931,
        0.6896551724137931
    ],
    "test_loss": [],
    "test_acc": []
}