{
    "train_loss": [
        1.0086150616407394,
        1.0530273616313934,
        1.0014649331569672,
        0.9626615643501282,
        1.0320638865232468,
        0.9797472953796387,
        0.9633309245109558,
        1.0356874614953995,
        1.0153717696666718,
        0.9819651544094086,
        0.8891419172286987,
        0.9325692802667618,
        0.919561356306076,
        0.9074387401342392,
        0.9280055016279221,
        0.905406191945076,
        0.8952302932739258,
        0.8958621472120285,
        0.8880995959043503,
        0.8847744315862656,
        0.8917249590158463,
        0.8732216954231262,
        0.8578523546457291,
        0.8562187105417252,
        0.9398404955863953,
        0.877280667424202,
        0.9223518371582031,
        0.8740894049406052,
        0.8848049342632294,
        0.856052353978157,
        0.8629956543445587,
        0.8216097801923752,
        0.8671421259641647,
        0.8604815900325775,
        0.8254136741161346,
        0.8877454847097397,
        0.8306543678045273,
        0.8424739390611649,
        0.845703735947609,
        0.8524501919746399,
        0.811364933848381,
        0.8259017318487167,
        0.7944899648427963,
        0.8058776557445526,
        0.8047627806663513,
        0.8065919578075409,
        0.7553084790706635,
        0.7528700828552246,
        0.7909519225358963,
        0.8009829372167587
    ],
    "train_acc": [
        0.5307539682539683,
        0.5233134920634921,
        0.5590277777777778,
        0.601686507936508,
        0.5446428571428571,
        0.5729166666666666,
        0.5868055555555556,
        0.5868055555555556,
        0.6006944444444444,
        0.5972222222222222,
        0.658234126984127,
        0.6473214285714286,
        0.6438492063492064,
        0.654265873015873,
        0.6111111111111112,
        0.6398809523809523,
        0.628968253968254,
        0.6254960317460317,
        0.6433531746031746,
        0.668154761904762,
        0.6607142857142857,
        0.6750992063492063,
        0.706845238095238,
        0.6964285714285714,
        0.6423611111111112,
        0.6676587301587301,
        0.6418650793650793,
        0.6889880952380953,
        0.65625,
        0.6780753968253969,
        0.720734126984127,
        0.7242063492063492,
        0.6488095238095237,
        0.6810515873015872,
        0.7242063492063491,
        0.6597222222222223,
        0.7058531746031745,
        0.6919642857142857,
        0.6989087301587301,
        0.7237103174603174,
        0.730654761904762,
        0.7202380952380952,
        0.7594246031746033,
        0.7415674603174602,
        0.7018849206349207,
        0.730654761904762,
        0.7633928571428572,
        0.7847222222222222,
        0.7341269841269842,
        0.7341269841269842
    ],
    "val_loss": [
        0.9290882349014282,
        0.9309494495391846,
        0.934405505657196,
        0.9373564124107361,
        0.9356160759925842,
        0.9383387565612793,
        0.9364790320396423,
        0.932147204875946,
        0.9298055171966553,
        0.9296259880065918,
        0.9271564483642578,
        0.9239909648895264,
        0.9236038327217102,
        0.9221090078353882,
        0.9189265966415405,
        0.919317364692688,
        0.9166045188903809,
        0.9160123467445374,
        0.9122257232666016,
        0.9083503484725952,
        0.9056447148323059,
        0.9027837514877319,
        0.9039865136146545,
        0.9009062647819519,
        0.8981282711029053,
        0.8954217433929443,
        0.8946951627731323,
        0.8920850157737732,
        0.8913007378578186,
        0.8916701078414917,
        0.8893239498138428,
        0.887611985206604,
        0.8880893588066101,
        0.8838086724281311,
        0.8810261487960815,
        0.8768378496170044,
        0.8783863186836243,
        0.8782829642295837,
        0.8765868544578552,
        0.8760746717453003,
        0.8741194009780884,
        0.8716862201690674,
        0.8728341460227966,
        0.870487630367279,
        0.8668067455291748,
        0.8667674660682678,
        0.8661102056503296,
        0.865803599357605,
        0.8644799590110779,
        0.8626919984817505
    ],
    "val_acc": [
        0.6896551724137931,
        0.6724137931034483,
        0.6724137931034483,
        0.6724137931034483,
        0.6551724137931034,
        0.6379310344827587,
        0.6379310344827587,
        0.6551724137931034,
        0.6551724137931034,
        0.6551724137931034,
        0.6724137931034483,
        0.6724137931034483,
        0.6724137931034483,
        0.6551724137931034,
        0.6896551724137931,
        0.6724137931034483,
        0.6551724137931034,
        0.6551724137931034,
        0.6551724137931034,
        0.6551724137931034,
        0.6724137931034483,
        0.6724137931034483,
        0.6724137931034483,
        0.6724137931034483,
        0.6724137931034483,
        0.6724137931034483,
        0.6724137931034483,
        0.6724137931034483,
        0.6724137931034483,
        0.6724137931034483,
        0.6724137931034483,
        0.6724137931034483,
        0.6724137931034483,
        0.6724137931034483,
        0.6724137931034483,
        0.6896551724137931,
        0.6896551724137931,
        0.6724137931034483,
        0.6896551724137931,
        0.6724137931034483,
        0.6896551724137931,
        0.6896551724137931,
        0.7068965517241379,
        0.7068965517241379,
        0.6896551724137931,
        0.6896551724137931,
        0.6896551724137931,
        0.6896551724137931,
        0.6896551724137931,
        0.6896551724137931
    ],
    "test_loss": [],
    "test_acc": []
}