{
    "train_loss": [
        2.07765880972147,
        2.008847938850522,
        1.9684313014149666,
        1.929328689351678,
        1.8995783179998398,
        1.8771613519638777,
        1.8525931295007467,
        1.8396503180265427,
        1.8154651056975126,
        1.7957269456237555,
        1.7812241166830063,
        1.7618766818195581,
        1.7484420035034418,
        1.7327397782355547,
        1.714655151590705,
        1.704206995666027,
        1.6884619742631912,
        1.6716340072453022,
        1.6592971980571747,
        1.6410457752645016,
        1.6285228058695793,
        1.6121990364044905,
        1.5953772608190775,
        1.5843861568719149,
        1.5678607746958733,
        1.5505977552384138,
        1.539188377559185,
        1.5194837879389524,
        1.5083824638277292,
        1.4931226707994938,
        1.4793422855436802,
        1.4611291382461786,
        1.4535750281065702,
        1.4344499036669731,
        1.4187002833932638,
        1.4081972688436508,
        1.3903260007500648,
        1.3862721789628267,
        1.3665793538093567,
        1.3523785881698132,
        1.3392891455441713,
        1.3230662010610104,
        1.316473312675953,
        1.3002961818128824,
        1.2829712554812431,
        1.276545824483037,
        1.2662983499467373,
        1.249873448163271,
        1.2366662360727787,
        1.2290838714689016
    ],
    "train_acc": [
        0.322265625,
        0.4019097222222222,
        0.4368489583333333,
        0.4600694444444445,
        0.4800347222222222,
        0.4956597222222222,
        0.5158420138888888,
        0.5199652777777778,
        0.5323350694444444,
        0.5371093749999999,
        0.5473090277777777,
        0.5559895833333333,
        0.5618489583333333,
        0.5696614583333334,
        0.5798611111111112,
        0.5861545138888888,
        0.5961371527777777,
        0.5987413194444444,
        0.6032986111111112,
        0.6076388888888888,
        0.6171875,
        0.6232638888888888,
        0.6254340277777779,
        0.6343315972222223,
        0.6375868055555556,
        0.638454861111111,
        0.6477864583333333,
        0.6540798611111112,
        0.6614583333333333,
        0.6605902777777778,
        0.6625434027777777,
        0.6690538194444444,
        0.6746961805555556,
        0.6766493055555556,
        0.6807725694444444,
        0.6851128472222222,
        0.6877170138888888,
        0.6872829861111112,
        0.6905381944444444,
        0.6905381944444444,
        0.6955295138888888,
        0.6940104166666666,
        0.7020399305555556,
        0.7063802083333334,
        0.7052951388888888,
        0.7035590277777777,
        0.7026909722222223,
        0.7068142361111112,
        0.7163628472222222,
        0.7122395833333333
    ],
    "val_loss": [
        2.019401740282774,
        1.9754289407283068,
        1.9362038057297468,
        1.8993175514042377,
        1.8787320014089346,
        1.8478864505887032,
        1.8323901500552893,
        1.8033616598695517,
        1.7873737439513206,
        1.7700742334127426,
        1.750785170122981,
        1.7393252272158861,
        1.7259271256625652,
        1.7082737013697624,
        1.6943091191351414,
        1.6742070596665144,
        1.656430246308446,
        1.6465893108397722,
        1.6390299629420042,
        1.6164521127939224,
        1.6009746305644512,
        1.5929573345929384,
        1.5670350417494774,
        1.5510747246444225,
        1.541197707876563,
        1.5280409213155508,
        1.5055161770433187,
        1.4906691405922174,
        1.4955951627343893,
        1.4679356962442398,
        1.4484658278524876,
        1.4330875612795353,
        1.4294085800647736,
        1.401911847293377,
        1.393754793331027,
        1.3820982854813337,
        1.3733146078884602,
        1.357406135648489,
        1.3465938903391361,
        1.317396244034171,
        1.304582804441452,
        1.3157156137749553,
        1.2887309920042753,
        1.2724074367433786,
        1.2548420736566186,
        1.2581873517483473,
        1.2404354652389884,
        1.2190552735701203,
        1.20374387037009,
        1.1874648751690984
    ],
    "val_acc": [
        0.3953993055555556,
        0.44118923611111116,
        0.4650607638888889,
        0.4856770833333333,
        0.48697916666666663,
        0.51171875,
        0.5219184027777778,
        0.5358072916666667,
        0.5447048611111112,
        0.5546875,
        0.5625,
        0.5731336805555555,
        0.5755208333333333,
        0.5889756944444444,
        0.595703125,
        0.6006944444444444,
        0.6067708333333333,
        0.6095920138888888,
        0.6226128472222222,
        0.623046875,
        0.629123263888889,
        0.630859375,
        0.6391059027777778,
        0.6477864583333333,
        0.6493055555555556,
        0.6536458333333333,
        0.6577690972222223,
        0.6653645833333333,
        0.6688368055555556,
        0.6723090277777777,
        0.6820746527777777,
        0.6805555555555556,
        0.6866319444444444,
        0.6885850694444444,
        0.6922743055555556,
        0.6959635416666667,
        0.6990017361111112,
        0.6983506944444444,
        0.703125,
        0.7048611111111112,
        0.7078993055555556,
        0.7118055555555556,
        0.7083333333333334,
        0.7159288194444444,
        0.7163628472222222,
        0.7191840277777778,
        0.7198350694444444,
        0.7215711805555556,
        0.7243923611111112,
        0.7269965277777778
    ],
    "test_loss": [],
    "test_acc": []
}