{
    "train_loss": [
        0.8245493173599243,
        0.8254332691431046,
        0.8009717762470245,
        0.826310470700264,
        0.7697237730026245,
        0.8328468650579453,
        0.798674151301384,
        0.821960374712944,
        0.7679211050271988,
        0.788422703742981,
        0.8237382471561432,
        0.7489990442991257,
        0.7705207914113998,
        0.7834432572126389,
        0.7629938274621964,
        0.7798085510730743,
        0.7907794564962387,
        0.7731452137231827,
        0.7260280847549438,
        0.7730080336332321,
        0.744443491101265,
        0.7407089322805405,
        0.7526492476463318,
        0.7153528332710266,
        0.7186713516712189,
        0.7235477417707443,
        0.7716724723577499,
        0.6987531930208206,
        0.7696909755468369,
        0.7076505571603775,
        0.726795881986618,
        0.6971096843481064,
        0.6982477754354477,
        0.7286459654569626,
        0.6828071624040604,
        0.7103423178195953,
        0.7051824480295181,
        0.6940758973360062,
        0.692759320139885,
        0.682764083147049,
        0.6835619211196899,
        0.6922603249549866,
        0.6785066723823547,
        0.7209000438451767,
        0.7119260430335999,
        0.6861978024244308,
        0.6828031688928604,
        0.7050294727087021,
        0.6845191866159439,
        0.6154397502541542
    ],
    "train_acc": [
        0.6612103174603174,
        0.6294642857142857,
        0.654265873015873,
        0.6220238095238095,
        0.6686507936507936,
        0.6398809523809524,
        0.6463293650793651,
        0.660218253968254,
        0.6964285714285714,
        0.6780753968253969,
        0.6636904761904763,
        0.7385912698412699,
        0.6850198412698413,
        0.716765873015873,
        0.7058531746031746,
        0.7306547619047619,
        0.6845238095238095,
        0.7058531746031745,
        0.7524801587301587,
        0.7127976190476191,
        0.7232142857142857,
        0.7375992063492064,
        0.7197420634920635,
        0.7628968253968255,
        0.7663690476190476,
        0.7628968253968255,
        0.7410714285714286,
        0.7876984126984128,
        0.6944444444444444,
        0.7232142857142857,
        0.7088293650793651,
        0.751984126984127,
        0.7375992063492064,
        0.7301587301587301,
        0.7698412698412699,
        0.7445436507936508,
        0.7554563492063491,
        0.7807539682539684,
        0.7624007936507936,
        0.7410714285714286,
        0.7767857142857143,
        0.7589285714285714,
        0.7554563492063492,
        0.7371031746031745,
        0.722718253968254,
        0.7624007936507936,
        0.769345238095238,
        0.7693452380952381,
        0.744047619047619,
        0.8090277777777777
    ],
    "val_loss": [
        0.9843452572822571,
        0.9700996279716492,
        0.9586018323898315,
        0.9506419897079468,
        0.9436434507369995,
        0.9378971457481384,
        0.9333958625793457,
        0.9299317002296448,
        0.9270153641700745,
        0.9236623644828796,
        0.9206987023353577,
        0.9159334897994995,
        0.9133402705192566,
        0.9112319350242615,
        0.9093875885009766,
        0.9072064757347107,
        0.9058223962783813,
        0.9036126732826233,
        0.9032062888145447,
        0.9015107154846191,
        0.8990018367767334,
        0.8973327875137329,
        0.8967109322547913,
        0.8954900503158569,
        0.8937890529632568,
        0.8925452828407288,
        0.8913404941558838,
        0.8890742063522339,
        0.8872285485267639,
        0.8854543566703796,
        0.8848443627357483,
        0.8842810988426208,
        0.8818580508232117,
        0.8796192407608032,
        0.8787747025489807,
        0.877836287021637,
        0.8761407136917114,
        0.87445068359375,
        0.8733648657798767,
        0.87188720703125,
        0.8716102242469788,
        0.8711326718330383,
        0.869967520236969,
        0.8686249852180481,
        0.8670099973678589,
        0.8664188385009766,
        0.8660980463027954,
        0.8644801378250122,
        0.8635496497154236,
        0.862023115158081
    ],
    "val_acc": [
        0.6724137931034483,
        0.6379310344827587,
        0.6206896551724138,
        0.6206896551724138,
        0.6206896551724138,
        0.6206896551724138,
        0.6206896551724138,
        0.6206896551724138,
        0.6206896551724138,
        0.6206896551724138,
        0.6379310344827587,
        0.6379310344827587,
        0.6551724137931034,
        0.6551724137931034,
        0.6551724137931034,
        0.6551724137931034,
        0.6551724137931034,
        0.6379310344827587,
        0.6551724137931034,
        0.6551724137931034,
        0.6551724137931034,
        0.6551724137931034,
        0.6724137931034483,
        0.6551724137931034,
        0.6551724137931034,
        0.7068965517241379,
        0.6896551724137931,
        0.6896551724137931,
        0.6896551724137931,
        0.7068965517241379,
        0.6896551724137931,
        0.7068965517241379,
        0.7068965517241379,
        0.7068965517241379,
        0.7068965517241379,
        0.6896551724137931,
        0.6896551724137931,
        0.6896551724137931,
        0.6724137931034483,
        0.7068965517241379,
        0.7068965517241379,
        0.6896551724137931,
        0.7068965517241379,
        0.7068965517241379,
        0.7068965517241379,
        0.7241379310344828,
        0.7068965517241379,
        0.7068965517241379,
        0.7241379310344828,
        0.7241379310344828
    ],
    "test_loss": [],
    "test_acc": []
}