{
    "train_loss": [
        1.3669535610824823,
        1.3140791412442923,
        1.2670105658471584,
        1.2254592180252075,
        1.1943161580711603,
        1.1683391090482473,
        1.1446351362392306,
        1.125781174749136,
        1.1098496858030558,
        1.0944955227896571,
        1.081994722597301,
        1.0681731663644314,
        1.0568096647039056,
        1.0450124107301235,
        1.032938240095973,
        1.0195800485089421,
        1.006144450046122,
        0.9934009816497564,
        0.9816229855641723,
        0.9699738044291735,
        0.9593973932787776,
        0.9486947553232312,
        0.9386572726070881,
        0.930357881821692,
        0.9220812804996967,
        0.9136105636134744,
        0.9049088675528765,
        0.8977898862212896,
        0.8915807669982314,
        0.8849010746926069,
        0.8777258861809969,
        0.8736694697290659,
        0.8671380579471588,
        0.8615576475858688,
        0.85739307384938,
        0.8529334776103497,
        0.84774976875633,
        0.8407171610742807,
        0.8365981755778193,
        0.8318580342456698,
        0.828597629442811,
        0.823531910777092,
        0.8187740026041865,
        0.8146904995664954,
        0.8102268362417817,
        0.8097992641851306,
        0.802072704769671,
        0.7983918460085988,
        0.7950538229197264,
        0.7908014999702573
    ],
    "train_acc": [
        0.3140190972222222,
        0.3993055555555556,
        0.4437934027777778,
        0.46744791666666663,
        0.4932725694444444,
        0.5143229166666666,
        0.5238715277777777,
        0.5366753472222221,
        0.5431857638888888,
        0.5594618055555556,
        0.5653211805555556,
        0.5757378472222223,
        0.5826822916666666,
        0.5978732638888888,
        0.6039496527777778,
        0.6148003472222222,
        0.626953125,
        0.6378038194444444,
        0.6375868055555556,
        0.6430121527777778,
        0.6471354166666666,
        0.6588541666666667,
        0.6569010416666666,
        0.665798611111111,
        0.6684027777777779,
        0.6712239583333333,
        0.6768663194444444,
        0.6809895833333333,
        0.6838107638888888,
        0.6883680555555556,
        0.6911892361111112,
        0.689453125,
        0.693576388888889,
        0.7033420138888888,
        0.7020399305555556,
        0.7022569444444444,
        0.7024739583333334,
        0.7085503472222223,
        0.7133246527777778,
        0.7120225694444445,
        0.7137586805555556,
        0.7178819444444444,
        0.7120225694444444,
        0.7222222222222222,
        0.7241753472222223,
        0.7180989583333334,
        0.7278645833333334,
        0.7282986111111112,
        0.7280815972222223,
        0.732421875
    ],
    "val_loss": [
        1.3295241873711348,
        1.2825186513364315,
        1.235251845791936,
        1.1986864432692528,
        1.1707300711423159,
        1.1446187710389495,
        1.1230062758550048,
        1.1039728410542011,
        1.089974407106638,
        1.075628710910678,
        1.0634442809969187,
        1.0511885285377502,
        1.0380281675606966,
        1.0265782745555043,
        1.011925034224987,
        1.0006384896114469,
        0.9880086751654744,
        0.9742646021768451,
        0.9630598789080977,
        0.9547587092965841,
        0.9409559760242701,
        0.9291563583537936,
        0.9225226193666458,
        0.9104742463678122,
        0.9042624272406101,
        0.8957390738651156,
        0.8906706552952528,
        0.8834881810471416,
        0.8777458649128675,
        0.868644948117435,
        0.8632874796167016,
        0.8577112425118685,
        0.8527636863291264,
        0.8461178578436375,
        0.8424487849697471,
        0.8354585459455848,
        0.8314701355993748,
        0.8247715150937438,
        0.8214525924995542,
        0.8169256811961532,
        0.8117732629179955,
        0.8083611871115863,
        0.8025908810086548,
        0.797998980153352,
        0.7969233910553157,
        0.793517554178834,
        0.7873758724890649,
        0.7829058961942792,
        0.7776107089594007,
        0.7750074919313192
    ],
    "val_acc": [
        0.39388020833333337,
        0.43967013888888884,
        0.46462673611111116,
        0.4867621527777778,
        0.5104166666666666,
        0.5308159722222223,
        0.5414496527777779,
        0.5544704861111112,
        0.5629340277777778,
        0.5698784722222221,
        0.5859375,
        0.5920138888888888,
        0.6067708333333334,
        0.6106770833333334,
        0.6221788194444444,
        0.633029513888889,
        0.6410590277777777,
        0.64453125,
        0.6532118055555556,
        0.6623263888888888,
        0.6655815972222223,
        0.6692708333333333,
        0.6727430555555556,
        0.6770833333333333,
        0.6770833333333333,
        0.6864149305555556,
        0.6820746527777778,
        0.6916232638888888,
        0.6892361111111112,
        0.697048611111111,
        0.7052951388888888,
        0.7072482638888888,
        0.7094184027777777,
        0.7083333333333334,
        0.7098524305555556,
        0.7161458333333333,
        0.720703125,
        0.7172309027777777,
        0.7191840277777778,
        0.72265625,
        0.7276475694444444,
        0.7259114583333333,
        0.732421875,
        0.7317708333333334,
        0.734592013888889,
        0.7328559027777779,
        0.7384982638888888,
        0.7424045138888888,
        0.7387152777777778,
        0.7408854166666666
    ],
    "test_loss": [],
    "test_acc": []
}