{
    "train_loss": [
        2.1047814190387726,
        2.0276422183960676,
        1.9897822365164757,
        1.959168005734682,
        1.9365683365613222,
        1.9209546446800232,
        1.904165105894208,
        1.890127707272768,
        1.8794736042618752,
        1.8638973888009787,
        1.8535401802510023,
        1.8398695532232523,
        1.8284120336174965,
        1.815848644822836,
        1.8064456097781658,
        1.7925105188041925,
        1.7849351111799479,
        1.769666502252221,
        1.7604544200003147,
        1.7458520215004683,
        1.7372181210666895,
        1.7256034780293703,
        1.7146449349820614,
        1.7127007190138102,
        1.6969490237534046,
        1.686576884239912,
        1.6769457049667835,
        1.6675318237394094,
        1.6602183245122433,
        1.6517509687691927,
        1.6377124041318893,
        1.63318439014256,
        1.6224788334220648,
        1.61179225333035,
        1.602397721260786,
        1.5906736850738525,
        1.5848633144050837,
        1.5782784465700388,
        1.5664325430989265,
        1.5549543350934982,
        1.54279831238091,
        1.534897156059742,
        1.5279074870049953,
        1.5166240483522415,
        1.5091160014271736,
        1.501788703724742,
        1.491399709135294,
        1.4827632382512093,
        1.4749253243207932,
        1.4672121945768595
    ],
    "train_acc": [
        0.31640625,
        0.4103732638888889,
        0.4561631944444444,
        0.4858940972222222,
        0.49934895833333337,
        0.5286458333333334,
        0.5368923611111112,
        0.5514322916666666,
        0.5696614583333333,
        0.5885416666666667,
        0.601345486111111,
        0.6063368055555556,
        0.62109375,
        0.6341145833333334,
        0.6393229166666667,
        0.6506076388888888,
        0.6599392361111112,
        0.667751736111111,
        0.6770833333333334,
        0.6881510416666667,
        0.6920572916666667,
        0.693359375,
        0.7033420138888888,
        0.6981336805555556,
        0.7178819444444444,
        0.7124565972222222,
        0.7180989583333333,
        0.7263454861111112,
        0.720486111111111,
        0.726345486111111,
        0.7315538194444444,
        0.7306857638888888,
        0.734375,
        0.7391493055555556,
        0.740234375,
        0.7421875,
        0.75,
        0.7504340277777778,
        0.7504340277777777,
        0.7543402777777778,
        0.7606336805555556,
        0.7578125,
        0.7560763888888888,
        0.7641059027777778,
        0.7604166666666667,
        0.7606336805555556,
        0.763671875,
        0.7647569444444444,
        0.769748263888889,
        0.7647569444444444
    ],
    "val_loss": [
        2.038062995299697,
        1.9977348763495684,
        1.960504313930869,
        1.9364924132823944,
        1.9164652694016695,
        1.8992221653461456,
        1.8838205263018608,
        1.867178177461028,
        1.858729412779212,
        1.8450397420674562,
        1.8310232888907194,
        1.8227727878838778,
        1.8080781362950802,
        1.7942903116345406,
        1.7832692489027977,
        1.7719036173075438,
        1.7602607104927301,
        1.745169872418046,
        1.7375710681080818,
        1.7277778256684542,
        1.7116075586527586,
        1.708826970309019,
        1.6948905643075705,
        1.6829835381358862,
        1.6742192674428225,
        1.6640613451600075,
        1.6576510574668646,
        1.6474727876484394,
        1.643871258944273,
        1.6312399692833424,
        1.6164866778999567,
        1.6016404628753662,
        1.5940253287553787,
        1.587594298645854,
        1.5770451612770557,
        1.5618409011512995,
        1.5730884280055761,
        1.5496719684451818,
        1.5382039155811071,
        1.5264265146106482,
        1.5169256813824177,
        1.5037666950374842,
        1.50330382399261,
        1.4935834184288979,
        1.491571120917797,
        1.4894060883671045,
        1.467730676755309,
        1.4493855107575655,
        1.4448923412710428,
        1.4380894433706999
    ],
    "val_acc": [
        0.40212673611111116,
        0.4526909722222222,
        0.5004340277777778,
        0.5115017361111112,
        0.5230034722222222,
        0.5483940972222221,
        0.55859375,
        0.5874565972222221,
        0.6011284722222223,
        0.6089409722222222,
        0.6234809027777778,
        0.6291232638888888,
        0.6421440972222223,
        0.6586371527777778,
        0.6547309027777778,
        0.6788194444444444,
        0.6820746527777778,
        0.6838107638888888,
        0.6994357638888888,
        0.69921875,
        0.7126736111111112,
        0.7118055555555556,
        0.7202690972222222,
        0.7252604166666666,
        0.7296006944444444,
        0.7330729166666666,
        0.7272135416666667,
        0.7378472222222223,
        0.7439236111111112,
        0.7454427083333334,
        0.7506510416666666,
        0.7413194444444444,
        0.7443576388888888,
        0.7545572916666666,
        0.7621527777777778,
        0.7532552083333333,
        0.7630208333333334,
        0.7610677083333334,
        0.7632378472222222,
        0.7664930555555556,
        0.7686631944444444,
        0.7738715277777779,
        0.7756076388888888,
        0.7662760416666667,
        0.7819010416666667,
        0.7801649305555556,
        0.7764756944444444,
        0.7786458333333334,
        0.7801649305555556,
        0.7829861111111112
    ],
    "test_loss": [],
    "test_acc": []
}