{
    "train_loss": [
        1.3625148013234138,
        1.3062484543770552,
        1.2574240658432245,
        1.2135825846344233,
        1.1827888265252113,
        1.158622156828642,
        1.1379682999104261,
        1.1204787567257881,
        1.103673692792654,
        1.0892616342753172,
        1.07746774982661,
        1.0639440976083279,
        1.0530059514567256,
        1.0403540106490254,
        1.0286896247416735,
        1.0164543678984046,
        1.003325623460114,
        0.9900971679016948,
        0.9776193341240287,
        0.9664332140237093,
        0.9545434089377522,
        0.9457711074501276,
        0.9340229285880923,
        0.9268458038568497,
        0.9183516278862953,
        0.9096211763098836,
        0.9024685751646757,
        0.8929460309445858,
        0.8884310210123658,
        0.8815279332920909,
        0.8747403668239713,
        0.8700483338907361,
        0.8651234339922667,
        0.8591593485325575,
        0.8543614065274596,
        0.8491074880585074,
        0.843424703925848,
        0.8387009864673018,
        0.834404512308538,
        0.8283413806930184,
        0.826184069737792,
        0.8199601359665394,
        0.8163115521892905,
        0.8122465685009956,
        0.8059938475489616,
        0.804568724706769,
        0.7998119434341788,
        0.7960664574056864,
        0.7908890778198838,
        0.7868587644770741
    ],
    "train_acc": [
        0.3224826388888889,
        0.40256076388888884,
        0.4476996527777778,
        0.4769965277777778,
        0.4900173611111111,
        0.5082465277777778,
        0.5234375,
        0.5321180555555556,
        0.5464409722222222,
        0.5611979166666666,
        0.5655381944444444,
        0.5809461805555556,
        0.5924479166666667,
        0.5970052083333333,
        0.611328125,
        0.6228298611111112,
        0.6319444444444444,
        0.6395399305555555,
        0.646484375,
        0.6488715277777777,
        0.6519097222222222,
        0.6575520833333333,
        0.6647135416666667,
        0.6625434027777778,
        0.6716579861111112,
        0.6725260416666666,
        0.6742621527777778,
        0.68359375,
        0.6827256944444444,
        0.6853298611111112,
        0.6879340277777777,
        0.6911892361111112,
        0.6903211805555556,
        0.6959635416666666,
        0.7018229166666666,
        0.7000868055555556,
        0.7033420138888888,
        0.7061631944444444,
        0.710720486111111,
        0.7137586805555556,
        0.7087673611111112,
        0.7124565972222222,
        0.7176649305555556,
        0.7211371527777778,
        0.7224392361111112,
        0.7233072916666666,
        0.7215711805555556,
        0.7222222222222222,
        0.7280815972222222,
        0.7296006944444444
    ],
    "val_loss": [
        1.3230232000350952,
        1.2737500332295895,
        1.2240546196699142,
        1.1866740509867668,
        1.1595912277698517,
        1.1360564418137074,
        1.1160566825419664,
        1.0983401723206043,
        1.08546984475106,
        1.0714747328311205,
        1.0588057031854987,
        1.0462334481999278,
        1.0352306989952922,
        1.0215061781927943,
        1.0084997033700347,
        0.9982747454196215,
        0.9849652908742428,
        0.9711494324728847,
        0.9581063063815236,
        0.9511085906997323,
        0.9372552866116166,
        0.9251915672793984,
        0.9180126013234258,
        0.9102763999253511,
        0.899631624110043,
        0.8937112102285028,
        0.8857766017317772,
        0.8808697275817394,
        0.8727896846830845,
        0.865394989028573,
        0.8600254189223051,
        0.8528756825253367,
        0.8495223987847567,
        0.8424808802083135,
        0.8396809240803123,
        0.8325338624417782,
        0.8268432943150401,
        0.822957606986165,
        0.8189672157168388,
        0.8155111288651824,
        0.8101562447845936,
        0.8069645441137254,
        0.8014289634302258,
        0.7958324970677495,
        0.7950191032141447,
        0.7904303940013051,
        0.7835674141533673,
        0.7800703542307019,
        0.7746030665002763,
        0.7706256890669465
    ],
    "val_acc": [
        0.3958333333333333,
        0.44314236111111116,
        0.4733072916666667,
        0.498046875,
        0.509548611111111,
        0.5245225694444444,
        0.5436197916666666,
        0.5581597222222223,
        0.5698784722222222,
        0.5748697916666666,
        0.5913628472222222,
        0.5989583333333333,
        0.609592013888889,
        0.6189236111111112,
        0.6263020833333333,
        0.6382378472222221,
        0.6438802083333333,
        0.6532118055555556,
        0.6592881944444444,
        0.6657986111111112,
        0.6692708333333333,
        0.6690538194444444,
        0.6746961805555556,
        0.6705729166666667,
        0.6807725694444444,
        0.6864149305555556,
        0.6903211805555556,
        0.6918402777777777,
        0.6940104166666666,
        0.6959635416666667,
        0.702907986111111,
        0.7005208333333334,
        0.7013888888888888,
        0.7107204861111112,
        0.7078993055555556,
        0.7133246527777777,
        0.7154947916666666,
        0.7146267361111112,
        0.7185329861111112,
        0.7224392361111112,
        0.7261284722222223,
        0.720703125,
        0.7272135416666666,
        0.7313368055555556,
        0.7272135416666667,
        0.7358940972222221,
        0.7369791666666667,
        0.7389322916666667,
        0.7361111111111112,
        0.7378472222222222
    ],
    "test_loss": [],
    "test_acc": []
}