{
    "train_loss": [
        1.3653559517115355,
        1.3020276259630919,
        1.2427248172461987,
        1.1901539154350758,
        1.1498544979840517,
        1.119396235793829,
        1.098442847840488,
        1.0799007145687938,
        1.0653431387618184,
        1.0530075635761023,
        1.0414943126961589,
        1.032792509533465,
        1.0223587164655328,
        1.0136239752173424,
        1.006719552911818,
        0.9983225222676992,
        0.9917493453249335,
        0.9850624101236463,
        0.978693874552846,
        0.9712030543014407,
        0.965260942466557,
        0.9583272356539965,
        0.9533095341175795,
        0.9463639967143536,
        0.9387596566230059,
        0.9312908565625548,
        0.9243565183132887,
        0.9165285909548402,
        0.9097034083679318,
        0.9028164194896817,
        0.896311123855412,
        0.8891374794766307,
        0.8845881512388587,
        0.876751615665853,
        0.8718647975474596,
        0.8673566533252597,
        0.8609186885878444,
        0.8569635218009353,
        0.8512796433642507,
        0.8465423658490181,
        0.8408487513661385,
        0.838217893615365,
        0.8331680921837687,
        0.829286577180028,
        0.8263091687113047,
        0.8215815993025899,
        0.8173808632418513,
        0.8136013699695468,
        0.8083401806652546,
        0.806739310733974
    ],
    "train_acc": [
        0.3159722222222222,
        0.4296875,
        0.4737413194444444,
        0.5086805555555556,
        0.5362413194444444,
        0.547092013888889,
        0.560329861111111,
        0.576171875,
        0.5774739583333333,
        0.5835503472222222,
        0.5907118055555556,
        0.5983072916666667,
        0.6063368055555556,
        0.607638888888889,
        0.6143663194444444,
        0.6161024305555556,
        0.6284722222222222,
        0.6247829861111112,
        0.6312934027777778,
        0.6395399305555556,
        0.6408420138888888,
        0.6482204861111112,
        0.6447482638888888,
        0.6516927083333333,
        0.65234375,
        0.6610243055555556,
        0.6653645833333334,
        0.6634114583333334,
        0.6703559027777778,
        0.6688368055555556,
        0.6736111111111112,
        0.6794704861111112,
        0.6773003472222223,
        0.6868489583333334,
        0.6875,
        0.6888020833333334,
        0.6935763888888888,
        0.6959635416666667,
        0.6942274305555556,
        0.701171875,
        0.7022569444444444,
        0.7072482638888888,
        0.7068142361111112,
        0.7076822916666666,
        0.7094184027777778,
        0.708984375,
        0.7139756944444444,
        0.7178819444444444,
        0.7200520833333333,
        0.7243923611111112
    ],
    "val_loss": [
        1.3275073487311602,
        1.2647521812468767,
        1.2078782226890326,
        1.1601368375122547,
        1.1261992761865258,
        1.1009717723354697,
        1.0818679435178638,
        1.066392912529409,
        1.0509788040071726,
        1.039771243929863,
        1.0287257842719555,
        1.0205569379031658,
        1.0105180703103542,
        1.0017206985503435,
        0.9943668423220515,
        0.9880501329898834,
        0.9795584566891193,
        0.9746396252885461,
        0.9687633356079459,
        0.9612237811088562,
        0.9545690231025219,
        0.9495009118691087,
        0.9435952883213758,
        0.935795322060585,
        0.9297140082344413,
        0.9182263473048806,
        0.9133196203038096,
        0.9043926084414124,
        0.8969435356557369,
        0.8899761373177171,
        0.8846866637468338,
        0.8773258328437805,
        0.8707055263221264,
        0.8664754154160619,
        0.861591499298811,
        0.8576973592862487,
        0.8486117757856846,
        0.8436750629916787,
        0.8382198112085462,
        0.8345363289117813,
        0.8299537701532245,
        0.8278433587402105,
        0.8216900220140815,
        0.8171342080458999,
        0.8139348104596138,
        0.8127307929098606,
        0.8048334652557969,
        0.8047774489969015,
        0.7983433194458485,
        0.794172435067594
    ],
    "val_acc": [
        0.41080729166666663,
        0.458984375,
        0.5041232638888888,
        0.5284288194444444,
        0.5479600694444444,
        0.5575086805555556,
        0.5690104166666667,
        0.578125,
        0.5928819444444444,
        0.5980902777777779,
        0.607421875,
        0.6069878472222223,
        0.6137152777777778,
        0.6163194444444445,
        0.6213107638888888,
        0.6276041666666666,
        0.6302083333333334,
        0.6362847222222222,
        0.6414930555555556,
        0.6477864583333333,
        0.648220486111111,
        0.6497395833333334,
        0.661892361111111,
        0.6592881944444444,
        0.6668836805555556,
        0.6684027777777778,
        0.6731770833333334,
        0.6770833333333333,
        0.6762152777777777,
        0.6786024305555556,
        0.681640625,
        0.6840277777777778,
        0.6883680555555556,
        0.6955295138888888,
        0.6898871527777779,
        0.7026909722222222,
        0.6974826388888888,
        0.7029079861111112,
        0.7059461805555556,
        0.7096354166666667,
        0.7083333333333334,
        0.7107204861111112,
        0.716796875,
        0.7198350694444444,
        0.7189670138888888,
        0.7172309027777778,
        0.7241753472222221,
        0.72265625,
        0.728732638888889,
        0.7274305555555556
    ],
    "test_loss": [],
    "test_acc": []
}