{
    "train_loss": [
        1.36458183452487,
        1.2989811096340418,
        1.2347282487899065,
        1.1776077635586262,
        1.1369581390172243,
        1.104623856022954,
        1.081920932047069,
        1.0624072719365358,
        1.0467506470158696,
        1.0335831670090556,
        1.0214293338358402,
        1.0104128774255514,
        1.0008890321478248,
        0.9891776395961642,
        0.9807725874707103,
        0.9726189486682415,
        0.9644190734252334,
        0.9563095923513174,
        0.9500634837895632,
        0.941755167208612,
        0.9342619515955448,
        0.9266096958890557,
        0.9183162534609437,
        0.9105828600004315,
        0.9023995501920581,
        0.8937147483229637,
        0.8868592567741871,
        0.8779886243864894,
        0.8716923650354147,
        0.8645933577790856,
        0.8593352744355798,
        0.8544723372906446,
        0.8461575722321868,
        0.8397072833031416,
        0.8337683416903019,
        0.8291184492409229,
        0.8229308789595962,
        0.8187846876680851,
        0.8128403443843126,
        0.8089308449998498,
        0.8040966633707285,
        0.79728470928967,
        0.7952743833884597,
        0.7902998719364405,
        0.7872764691710472,
        0.7836235370486975,
        0.7784833991900086,
        0.7745913062244654,
        0.771758621558547,
        0.7680547088384628
    ],
    "train_acc": [
        0.3263888888888889,
        0.4309895833333333,
        0.4733072916666667,
        0.5167100694444444,
        0.5460069444444444,
        0.5518663194444444,
        0.5692274305555556,
        0.5774739583333335,
        0.5896267361111112,
        0.5967881944444444,
        0.6043836805555556,
        0.6085069444444444,
        0.6167534722222222,
        0.6219618055555556,
        0.6321614583333333,
        0.6321614583333333,
        0.6451822916666666,
        0.6421440972222222,
        0.6480034722222222,
        0.6538628472222222,
        0.6538628472222222,
        0.6636284722222222,
        0.6636284722222222,
        0.6651475694444444,
        0.6688368055555555,
        0.6779513888888888,
        0.6770833333333333,
        0.6812065972222222,
        0.6844618055555556,
        0.6903211805555556,
        0.69140625,
        0.6920572916666667,
        0.6950954861111112,
        0.6979166666666666,
        0.6985677083333333,
        0.7024739583333333,
        0.7035590277777777,
        0.7061631944444444,
        0.7102864583333334,
        0.7083333333333333,
        0.712890625,
        0.7137586805555556,
        0.716796875,
        0.7191840277777777,
        0.72265625,
        0.7233072916666666,
        0.7213541666666666,
        0.7254774305555556,
        0.7309027777777777,
        0.7317708333333334
    ],
    "val_loss": [
        1.3264257311820984,
        1.2593626957386732,
        1.1988225877285004,
        1.1475252220407128,
        1.112868033349514,
        1.0856379950419068,
        1.0663704480975866,
        1.0485714506357908,
        1.0332977063953876,
        1.0201630787923932,
        1.009156129322946,
        1.0014745919033885,
        0.9868916245177388,
        0.9789174469187856,
        0.9682872518897057,
        0.9626450529322028,
        0.9530947031453252,
        0.9499300224706531,
        0.9375620912760496,
        0.9303563879802823,
        0.9232701463624835,
        0.9146042419597507,
        0.9053579438477755,
        0.896547463722527,
        0.8880246477201581,
        0.8816418582573533,
        0.8736822372302413,
        0.8685853034257889,
        0.8605628740042448,
        0.8506844136863947,
        0.8472532676532865,
        0.8404894731938839,
        0.8320283275097609,
        0.8293505012989044,
        0.8211790090426803,
        0.8191394787281752,
        0.8105186987668276,
        0.8059993349015713,
        0.8001602627336979,
        0.7956124385818839,
        0.7929418440908194,
        0.788576184771955,
        0.7835132079198956,
        0.781006982550025,
        0.7758767148479819,
        0.7709226794540882,
        0.7667934549972415,
        0.7622233089059591,
        0.7577782981097698,
        0.7567038787528872
    ],
    "val_acc": [
        0.4095052083333333,
        0.4654947916666667,
        0.5091145833333333,
        0.5386284722222223,
        0.5555555555555556,
        0.568359375,
        0.5779079861111112,
        0.591579861111111,
        0.59765625,
        0.6087239583333334,
        0.6163194444444444,
        0.6065538194444444,
        0.626736111111111,
        0.6332465277777778,
        0.640625,
        0.6462673611111112,
        0.6486545138888888,
        0.6495225694444444,
        0.6555989583333333,
        0.6608072916666667,
        0.6642795138888888,
        0.6640625,
        0.6723090277777778,
        0.6775173611111112,
        0.6781684027777777,
        0.6790364583333334,
        0.6892361111111112,
        0.691189236111111,
        0.6974826388888888,
        0.6968315972222223,
        0.6987847222222222,
        0.7020399305555556,
        0.7057291666666666,
        0.7087673611111112,
        0.7068142361111112,
        0.7115885416666667,
        0.7157118055555556,
        0.7154947916666667,
        0.7163628472222223,
        0.7185329861111112,
        0.722439236111111,
        0.7254774305555556,
        0.7265625,
        0.7252604166666667,
        0.7306857638888888,
        0.7302517361111112,
        0.7313368055555556,
        0.7341579861111112,
        0.73828125,
        0.7437065972222222
    ],
    "test_loss": [],
    "test_acc": []
}