{
    "train_loss": [
        0.9389622956514359,
        0.9293654561042786,
        0.9266750365495682,
        0.9323970526456833,
        0.8828183859586716,
        0.965508908033371,
        0.8951954245567322,
        0.882819414138794,
        0.925568237900734,
        0.8720286637544632,
        0.9364763051271439,
        0.8708883672952652,
        0.8985902070999146,
        0.8282115757465363,
        0.839065745472908,
        0.8816779851913452,
        0.8399577885866165,
        0.8736133873462677,
        0.8684922754764557,
        0.8343338966369629,
        0.8472485840320587,
        0.8183871805667877,
        0.7917831093072891,
        0.8189841955900192,
        0.811019092798233,
        0.7855843603610992,
        0.7841768711805344,
        0.8256500214338303,
        0.8080276548862457,
        0.8055616319179535,
        0.7518420964479446,
        0.7886734306812286,
        0.8113701790571213,
        0.8039571344852448,
        0.7470702826976776,
        0.7667507976293564,
        0.7639281153678894,
        0.7588804960250854,
        0.775291919708252,
        0.7482056021690369,
        0.7976467162370682,
        0.7890530526638031,
        0.7569777965545654,
        0.7707687467336655,
        0.7421524077653885,
        0.7887229770421982,
        0.7558226436376572,
        0.7931438833475113,
        0.7003253400325775,
        0.6901815980672836
    ],
    "train_acc": [
        0.6324404761904763,
        0.6433531746031745,
        0.650297619047619,
        0.6428571428571428,
        0.6433531746031746,
        0.6428571428571428,
        0.7038690476190477,
        0.6572420634920635,
        0.6428571428571428,
        0.6825396825396826,
        0.638888888888889,
        0.6641865079365079,
        0.6711309523809523,
        0.6889880952380952,
        0.685515873015873,
        0.6741071428571428,
        0.720734126984127,
        0.6741071428571428,
        0.65625,
        0.6954365079365079,
        0.720734126984127,
        0.7023809523809523,
        0.7490079365079365,
        0.7271825396825397,
        0.712797619047619,
        0.730654761904762,
        0.7341269841269842,
        0.7197420634920635,
        0.7410714285714286,
        0.748015873015873,
        0.7911706349206349,
        0.751984126984127,
        0.7445436507936508,
        0.7445436507936508,
        0.787202380952381,
        0.7658730158730158,
        0.748015873015873,
        0.7837301587301587,
        0.7509920634920635,
        0.7658730158730158,
        0.7475198412698413,
        0.7296626984126984,
        0.7653769841269842,
        0.7584325396825397,
        0.8010912698412699,
        0.7475198412698413,
        0.783234126984127,
        0.7400793650793651,
        0.7941468253968254,
        0.8120039682539684
    ],
    "val_loss": [
        1.0195426940917969,
        1.0105968713760376,
        1.004611611366272,
        1.0021944046020508,
        1.0002720355987549,
        0.9968662858009338,
        0.9943267703056335,
        0.9907209277153015,
        0.9872258901596069,
        0.9876244068145752,
        0.9828680753707886,
        0.9777936339378357,
        0.9755324125289917,
        0.9725685715675354,
        0.9696685075759888,
        0.9693477749824524,
        0.9657821655273438,
        0.9642550945281982,
        0.9615067839622498,
        0.9564262628555298,
        0.9545482397079468,
        0.9513281583786011,
        0.9482280015945435,
        0.9469920992851257,
        0.945245087146759,
        0.9410837888717651,
        0.9390544295310974,
        0.9364191889762878,
        0.9350637197494507,
        0.9344893097877502,
        0.9302864670753479,
        0.9277786016464233,
        0.9286836385726929,
        0.9256564974784851,
        0.9214233160018921,
        0.9188185334205627,
        0.9159948825836182,
        0.9147679805755615,
        0.9122748374938965,
        0.9108315706253052,
        0.9123445749282837,
        0.9105892181396484,
        0.9101389050483704,
        0.9070391654968262,
        0.9057084918022156,
        0.9031396508216858,
        0.9000511169433594,
        0.8992496728897095,
        0.8971718549728394,
        0.8959899544715881
    ],
    "val_acc": [
        0.5862068965517241,
        0.5689655172413793,
        0.5689655172413793,
        0.5862068965517241,
        0.5862068965517241,
        0.5862068965517241,
        0.5862068965517241,
        0.5862068965517241,
        0.5862068965517241,
        0.603448275862069,
        0.603448275862069,
        0.603448275862069,
        0.603448275862069,
        0.603448275862069,
        0.603448275862069,
        0.603448275862069,
        0.603448275862069,
        0.603448275862069,
        0.603448275862069,
        0.6206896551724138,
        0.6206896551724138,
        0.6379310344827587,
        0.6379310344827587,
        0.6379310344827587,
        0.6379310344827587,
        0.6379310344827587,
        0.6379310344827587,
        0.6379310344827587,
        0.6379310344827587,
        0.6379310344827587,
        0.6379310344827587,
        0.6379310344827587,
        0.6551724137931034,
        0.6551724137931034,
        0.6379310344827587,
        0.6551724137931034,
        0.6551724137931034,
        0.6551724137931034,
        0.6551724137931034,
        0.6551724137931034,
        0.6724137931034483,
        0.6724137931034483,
        0.6724137931034483,
        0.6724137931034483,
        0.6724137931034483,
        0.6724137931034483,
        0.6724137931034483,
        0.6724137931034483,
        0.6724137931034483,
        0.6724137931034483
    ],
    "test_loss": [],
    "test_acc": []
}