{
    "train_loss": [
        2.94588041305542,
        2.6744407415390015,
        2.51100891828537,
        2.3834463357925415,
        2.301814377307892,
        2.24361389875412,
        2.232241630554199,
        2.187847137451172,
        2.1823663115501404,
        2.1543437838554382,
        2.1821285486221313,
        2.137670338153839,
        2.1066086888313293,
        2.109892189502716,
        2.110350012779236,
        2.109030246734619,
        2.087391495704651,
        2.0809710025787354,
        2.0719537138938904,
        2.0786805152893066,
        2.0832879543304443,
        2.0782800912857056,
        2.0576350688934326,
        2.022203177213669,
        2.057795464992523,
        2.0495829582214355,
        2.02508544921875,
        2.0330806970596313,
        1.9715702533721924,
        1.9923011660575867,
        1.996734380722046,
        1.9724261164665222,
        1.9822744727134705,
        1.9591447114944458,
        1.9887976348400116,
        1.9624623656272888,
        1.9558261334896088,
        1.930134654045105,
        1.9440812766551971,
        1.9157881140708923,
        1.9138380885124207,
        1.9245436489582062,
        1.9019765257835388,
        1.900379717350006,
        1.9013453722000122,
        1.8809588849544525,
        1.887541651725769,
        1.8972382843494415,
        1.9169082045555115,
        1.8566506206989288
    ],
    "train_acc": [
        0.36557539682539686,
        0.2822420634920635,
        0.3214285714285714,
        0.30357142857142855,
        0.33878968253968256,
        0.33878968253968256,
        0.3635912698412699,
        0.33482142857142855,
        0.39533730158730157,
        0.4166666666666667,
        0.4340277777777778,
        0.42311507936507936,
        0.45882936507936506,
        0.4479166666666667,
        0.44742063492063494,
        0.4295634920634921,
        0.46130952380952384,
        0.4930555555555555,
        0.5143849206349207,
        0.4533730158730158,
        0.5104166666666666,
        0.5248015873015872,
        0.5243055555555556,
        0.5565476190476191,
        0.5133928571428571,
        0.5451388888888888,
        0.5739087301587301,
        0.5555555555555556,
        0.6061507936507936,
        0.5768849206349207,
        0.537202380952381,
        0.5907738095238095,
        0.5689484126984127,
        0.636904761904762,
        0.5828373015873015,
        0.6185515873015873,
        0.6329365079365079,
        0.6364087301587301,
        0.6646825396825397,
        0.689484126984127,
        0.7251984126984127,
        0.7073412698412699,
        0.7103174603174603,
        0.7033730158730158,
        0.7137896825396826,
        0.7495039682539681,
        0.7385912698412699,
        0.7058531746031745,
        0.6949404761904763,
        0.7415674603174602
    ],
    "val_loss": [
        2.8622357845306396,
        2.6783788204193115,
        2.563894748687744,
        2.4708852767944336,
        2.3907880783081055,
        2.3269896507263184,
        2.2843921184539795,
        2.262176990509033,
        2.2533295154571533,
        2.248607873916626,
        2.2435803413391113,
        2.2402451038360596,
        2.239039659500122,
        2.237898349761963,
        2.2335119247436523,
        2.2273762226104736,
        2.221303701400757,
        2.2158913612365723,
        2.211369514465332,
        2.2070915699005127,
        2.2025136947631836,
        2.1980714797973633,
        2.195723056793213,
        2.1931111812591553,
        2.1885082721710205,
        2.1821234226226807,
        2.1768367290496826,
        2.1742262840270996,
        2.170621871948242,
        2.167153835296631,
        2.1643712520599365,
        2.1607537269592285,
        2.15704607963562,
        2.1538686752319336,
        2.151366710662842,
        2.1496689319610596,
        2.1467692852020264,
        2.142364740371704,
        2.1360368728637695,
        2.129772663116455,
        2.1257801055908203,
        2.123628616333008,
        2.122951030731201,
        2.122014045715332,
        2.119521379470825,
        2.11470627784729,
        2.111192464828491,
        2.1098668575286865,
        2.108156204223633,
        2.1060760021209717
    ],
    "val_acc": [
        0.25862068965517243,
        0.25862068965517243,
        0.27586206896551724,
        0.27586206896551724,
        0.29310344827586204,
        0.27586206896551724,
        0.25862068965517243,
        0.25862068965517243,
        0.25862068965517243,
        0.25862068965517243,
        0.27586206896551724,
        0.29310344827586204,
        0.3275862068965517,
        0.3275862068965517,
        0.3275862068965517,
        0.3275862068965517,
        0.3620689655172414,
        0.3620689655172414,
        0.3620689655172414,
        0.3620689655172414,
        0.3793103448275862,
        0.39655172413793105,
        0.39655172413793105,
        0.39655172413793105,
        0.3793103448275862,
        0.3793103448275862,
        0.3793103448275862,
        0.3793103448275862,
        0.3793103448275862,
        0.39655172413793105,
        0.39655172413793105,
        0.41379310344827586,
        0.41379310344827586,
        0.41379310344827586,
        0.39655172413793105,
        0.39655172413793105,
        0.41379310344827586,
        0.43103448275862066,
        0.41379310344827586,
        0.43103448275862066,
        0.43103448275862066,
        0.41379310344827586,
        0.41379310344827586,
        0.41379310344827586,
        0.4482758620689655,
        0.46551724137931033,
        0.46551724137931033,
        0.4482758620689655,
        0.46551724137931033,
        0.46551724137931033
    ],
    "test_loss": [],
    "test_acc": []
}