{
    "train_loss": [
        1.3656007871031761,
        1.30176542699337,
        1.2353750988841057,
        1.176551816985011,
        1.1327706947922707,
        1.101200177334249,
        1.0772171718999743,
        1.0573836360126734,
        1.0417045783251524,
        1.0298254573717713,
        1.0181805416941643,
        1.00757993478328,
        0.9974236730486155,
        0.9898646948859096,
        0.9801453752443194,
        0.9729321245104074,
        0.9666651878505945,
        0.9602083759382367,
        0.9520297488197684,
        0.9467010851949453,
        0.9403035873547196,
        0.9353050757199526,
        0.9286553440615535,
        0.9237992195412517,
        0.9172753812745214,
        0.9116383409127593,
        0.906315634958446,
        0.9013233641162515,
        0.8955034203827381,
        0.8921752572059631,
        0.8868125304579735,
        0.8828286826610565,
        0.8763773003593087,
        0.8718960741534829,
        0.867954826913774,
        0.863514038734138,
        0.857878316193819,
        0.8532880283892155,
        0.8496232759207487,
        0.8450870169326663,
        0.8397435378283262,
        0.8363507557660341,
        0.831955979578197,
        0.8263506377115846,
        0.824561488814652,
        0.8202637387439609,
        0.8172515397891402,
        0.8116256529465318,
        0.8086801404133439,
        0.8056038040667772
    ],
    "train_acc": [
        0.326171875,
        0.42643229166666663,
        0.48068576388888884,
        0.5223524305555556,
        0.5366753472222223,
        0.5559895833333333,
        0.5720486111111112,
        0.5785590277777777,
        0.5891927083333334,
        0.5980902777777778,
        0.6006944444444444,
        0.6128472222222222,
        0.6150173611111112,
        0.6139322916666666,
        0.6271701388888888,
        0.6260850694444444,
        0.6302083333333334,
        0.6351996527777778,
        0.6410590277777779,
        0.6399739583333334,
        0.648654513888889,
        0.6432291666666666,
        0.6529947916666666,
        0.6532118055555556,
        0.6532118055555556,
        0.6571180555555556,
        0.6588541666666667,
        0.6655815972222222,
        0.6673177083333333,
        0.6631944444444444,
        0.6716579861111112,
        0.6764322916666666,
        0.6766493055555556,
        0.6831597222222222,
        0.6848958333333333,
        0.6835937499999999,
        0.6838107638888888,
        0.6924913194444444,
        0.6922743055555556,
        0.6953125,
        0.6955295138888888,
        0.7005208333333333,
        0.7046440972222222,
        0.7035590277777778,
        0.7037760416666667,
        0.7046440972222223,
        0.7098524305555556,
        0.7141927083333333,
        0.7102864583333334,
        0.7144097222222222
    ],
    "val_loss": [
        1.329640831798315,
        1.2612710632383823,
        1.197932817041874,
        1.1457821568474174,
        1.108729112893343,
        1.0798204746097326,
        1.060109286569059,
        1.0417164796963334,
        1.0283353459089994,
        1.0153955984860659,
        1.004583653062582,
        0.9935881569981575,
        0.985549514181912,
        0.977710135281086,
        0.9698198102414608,
        0.9626213675364852,
        0.9553867978975177,
        0.9484300445765257,
        0.9428012818098068,
        0.936151054687798,
        0.9308560369536281,
        0.9254177622497082,
        0.9172993591055274,
        0.91356704197824,
        0.9063861249014735,
        0.9023308204486966,
        0.8970348034054041,
        0.8939980203285813,
        0.8839048212394118,
        0.8797267936170101,
        0.8776195291429758,
        0.8684883359819651,
        0.8658727752044797,
        0.8639093851670623,
        0.855591157451272,
        0.8541421247646213,
        0.8468089792877436,
        0.8412266159430146,
        0.8376557948067784,
        0.836900632828474,
        0.8296794202178717,
        0.824322484433651,
        0.8202533656731248,
        0.815113140270114,
        0.8099734401330352,
        0.807459918782115,
        0.8041563536971807,
        0.8006615061312914,
        0.7961536748334765,
        0.7948300130665302
    ],
    "val_acc": [
        0.4058159722222222,
        0.4665798611111111,
        0.5104166666666667,
        0.5334201388888888,
        0.5523003472222222,
        0.5668402777777778,
        0.5809461805555556,
        0.58984375,
        0.6002604166666666,
        0.6061197916666667,
        0.6137152777777778,
        0.6161024305555555,
        0.6213107638888888,
        0.6280381944444444,
        0.6280381944444444,
        0.6328125,
        0.6393229166666667,
        0.642578125,
        0.6436631944444444,
        0.6493055555555556,
        0.6497395833333334,
        0.652560763888889,
        0.6571180555555556,
        0.66015625,
        0.6631944444444444,
        0.66796875,
        0.672092013888889,
        0.6723090277777778,
        0.671875,
        0.6775173611111112,
        0.6809895833333333,
        0.6861979166666667,
        0.6905381944444444,
        0.6853298611111112,
        0.695095486111111,
        0.6918402777777777,
        0.6974826388888888,
        0.7000868055555556,
        0.701171875,
        0.7026909722222222,
        0.7026909722222221,
        0.7048611111111112,
        0.70703125,
        0.7085503472222222,
        0.7122395833333333,
        0.712890625,
        0.7183159722222223,
        0.7172309027777778,
        0.7228732638888888,
        0.7235243055555556
    ],
    "test_loss": [],
    "test_acc": []
}