{
    "train_loss": [
        0.8665595352649689,
        0.8845877200365067,
        0.8982621878385544,
        0.9086856693029404,
        0.9257198721170425,
        0.8766341209411621,
        0.8636424541473389,
        0.8436315357685089,
        0.872582733631134,
        0.8640014678239822,
        0.8901957124471664,
        0.902190774679184,
        0.8126327246427536,
        0.8234983384609222,
        0.8030106574296951,
        0.8389449268579483,
        0.7987716197967529,
        0.837777778506279,
        0.9029191136360168,
        0.826092854142189,
        0.8104749470949173,
        0.8299616724252701,
        0.8447495549917221,
        0.8164302706718445,
        0.7924198359251022,
        0.7958623617887497,
        0.821916863322258,
        0.7822427898645401,
        0.801878347992897,
        0.8047788441181183,
        0.761629045009613,
        0.8308200091123581,
        0.7722968459129333,
        0.7485101968050003,
        0.7977098524570465,
        0.7634375542402267,
        0.766372799873352,
        0.7936935722827911,
        0.7552538067102432,
        0.7835220396518707,
        0.7224803864955902,
        0.7706945985555649,
        0.7728475034236908,
        0.7772494405508041,
        0.7372764497995377,
        0.759411945939064,
        0.7882242947816849,
        0.746454507112503,
        0.7645875364542007,
        0.7481342852115631
    ],
    "train_acc": [
        0.6750992063492064,
        0.6820436507936509,
        0.6785714285714286,
        0.6780753968253969,
        0.6532738095238095,
        0.6423611111111112,
        0.6706349206349207,
        0.720734126984127,
        0.7098214285714286,
        0.6780753968253969,
        0.6666666666666666,
        0.6775793650793651,
        0.716765873015873,
        0.7311507936507936,
        0.7633928571428572,
        0.7237103174603174,
        0.7420634920634921,
        0.7127976190476191,
        0.6870039682539681,
        0.691468253968254,
        0.7663690476190477,
        0.730654761904762,
        0.7018849206349207,
        0.7018849206349207,
        0.7485119047619048,
        0.7554563492063491,
        0.7232142857142857,
        0.7624007936507936,
        0.7410714285714286,
        0.726190476190476,
        0.748015873015873,
        0.722718253968254,
        0.7375992063492064,
        0.7554563492063492,
        0.7514880952380952,
        0.7767857142857143,
        0.7336309523809524,
        0.7549603174603174,
        0.7837301587301587,
        0.7405753968253969,
        0.805059523809524,
        0.761904761904762,
        0.7584325396825398,
        0.7475198412698413,
        0.7797619047619047,
        0.7549603174603174,
        0.7331349206349207,
        0.7976190476190477,
        0.7475198412698413,
        0.7762896825396824
    ],
    "val_loss": [
        1.0105316638946533,
        1.0061225891113281,
        1.0014127492904663,
        0.9953805804252625,
        0.9926751852035522,
        0.9893017411231995,
        0.9861680865287781,
        0.9816025495529175,
        0.9767608046531677,
        0.9720433950424194,
        0.9689707159996033,
        0.9640172719955444,
        0.960342288017273,
        0.9562076330184937,
        0.9535517692565918,
        0.949552059173584,
        0.9452859163284302,
        0.942693293094635,
        0.9386387467384338,
        0.9360403418540955,
        0.9334447979927063,
        0.9301508665084839,
        0.9261828660964966,
        0.9216195344924927,
        0.918734073638916,
        0.9158810377120972,
        0.9130809307098389,
        0.9089205265045166,
        0.9061216115951538,
        0.9029287695884705,
        0.9021210074424744,
        0.8991175889968872,
        0.8954603672027588,
        0.8941492438316345,
        0.8937658667564392,
        0.891506552696228,
        0.8892421722412109,
        0.8873050212860107,
        0.8857422471046448,
        0.8827419877052307,
        0.8807296752929688,
        0.8784762024879456,
        0.8746074438095093,
        0.8731549382209778,
        0.8719598054885864,
        0.8698275089263916,
        0.868340253829956,
        0.8669248819351196,
        0.8651686310768127,
        0.8633303642272949
    ],
    "val_acc": [
        0.6206896551724138,
        0.5689655172413793,
        0.5517241379310345,
        0.5517241379310345,
        0.5862068965517241,
        0.603448275862069,
        0.603448275862069,
        0.603448275862069,
        0.603448275862069,
        0.603448275862069,
        0.603448275862069,
        0.603448275862069,
        0.6206896551724138,
        0.603448275862069,
        0.5862068965517241,
        0.603448275862069,
        0.603448275862069,
        0.6206896551724138,
        0.6206896551724138,
        0.6206896551724138,
        0.6206896551724138,
        0.6206896551724138,
        0.6206896551724138,
        0.6551724137931034,
        0.6551724137931034,
        0.6551724137931034,
        0.6551724137931034,
        0.6551724137931034,
        0.6551724137931034,
        0.6551724137931034,
        0.6551724137931034,
        0.6551724137931034,
        0.6724137931034483,
        0.6724137931034483,
        0.6551724137931034,
        0.6724137931034483,
        0.6724137931034483,
        0.6724137931034483,
        0.6724137931034483,
        0.6724137931034483,
        0.6724137931034483,
        0.6896551724137931,
        0.6896551724137931,
        0.6896551724137931,
        0.7068965517241379,
        0.7068965517241379,
        0.7068965517241379,
        0.7068965517241379,
        0.7068965517241379,
        0.7241379310344828
    ],
    "test_loss": [],
    "test_acc": []
}