{
    "train_loss": [
        2.1990301311016083,
        2.042757274582982,
        1.9577050991356373,
        1.887270912528038,
        1.8333610072731972,
        1.7931324802339077,
        1.760168032720685,
        1.7371477000415325,
        1.7144940495491028,
        1.6971292737871408,
        1.6773749776184559,
        1.6610949262976646,
        1.647991131991148,
        1.6295739822089672,
        1.6157411020249128,
        1.6034453939646482,
        1.5870206393301487,
        1.5771349482238293,
        1.5688216611742973,
        1.5541406217962503,
        1.5474714450538158,
        1.5293792318552732,
        1.5183882862329483,
        1.5114018023014069,
        1.4913484323769808,
        1.4803749956190586,
        1.4697343800216913,
        1.4618702493607998,
        1.4431508220732212,
        1.429439090192318,
        1.4185681082308292,
        1.4061058275401592,
        1.392321616411209,
        1.381771508604288,
        1.3679925259202719,
        1.3577530086040497,
        1.3465959820896387,
        1.3319697249680758,
        1.3220831006765366,
        1.3071714863181114,
        1.2948197796940804,
        1.29370784945786,
        1.278562841936946,
        1.263851361349225,
        1.2526286598294973,
        1.24270891956985,
        1.2383309826254845,
        1.222081394866109,
        1.2102582640945911,
        1.2025608364492655
    ],
    "train_acc": [
        0.31966145833333337,
        0.42578125,
        0.4750434027777778,
        0.5193142361111112,
        0.5397135416666667,
        0.5601128472222222,
        0.5713975694444444,
        0.5811631944444444,
        0.5907118055555556,
        0.5941840277777778,
        0.6004774305555556,
        0.6085069444444444,
        0.6106770833333334,
        0.6182725694444444,
        0.6236979166666667,
        0.6325954861111112,
        0.6317274305555556,
        0.634765625,
        0.6369357638888888,
        0.6410590277777778,
        0.6475694444444444,
        0.6477864583333334,
        0.6495225694444444,
        0.6547309027777778,
        0.6577690972222222,
        0.6590711805555556,
        0.6588541666666666,
        0.6649305555555556,
        0.6697048611111112,
        0.6677517361111112,
        0.6753472222222221,
        0.6764322916666667,
        0.6833767361111112,
        0.6857638888888888,
        0.6920572916666667,
        0.6948784722222223,
        0.6948784722222223,
        0.6990017361111112,
        0.7018229166666667,
        0.703125,
        0.7098524305555556,
        0.7048611111111112,
        0.7096354166666667,
        0.7144097222222222,
        0.7161458333333333,
        0.7137586805555556,
        0.720486111111111,
        0.7172309027777778,
        0.7178819444444444,
        0.7237413194444444
    ],
    "val_loss": [
        2.076813267543912,
        1.987307783216238,
        1.9028854425996542,
        1.841190978884697,
        1.7979334853589535,
        1.7589946575462818,
        1.7328092269599438,
        1.7088155932724476,
        1.6888983845710754,
        1.6764765847474337,
        1.6528262589126825,
        1.6348928455263376,
        1.6203376278281212,
        1.6052985657006502,
        1.6083208806812763,
        1.5794549696147442,
        1.5728259682655334,
        1.5537024457007647,
        1.5424386244267225,
        1.5308375135064125,
        1.5180502217262983,
        1.513399813324213,
        1.5008179191499949,
        1.4890624582767487,
        1.4722049739211798,
        1.4523588996380568,
        1.4471626617014408,
        1.4373903442174196,
        1.4147316832095385,
        1.4024850372225046,
        1.4002532921731472,
        1.3765615168958902,
        1.3673866875469685,
        1.3541703075170517,
        1.3446403481066227,
        1.33568374812603,
        1.3196492604911327,
        1.312004029750824,
        1.3051453884691,
        1.2834044359624386,
        1.2799649816006422,
        1.2594427736476064,
        1.2491812463849783,
        1.2407330023124814,
        1.2282862477004528,
        1.222787031903863,
        1.2130042482167482,
        1.1970371836796403,
        1.1833864422515035,
        1.1815474713221192
    ],
    "val_acc": [
        0.4073350694444444,
        0.4598524305555556,
        0.5065104166666667,
        0.5407986111111112,
        0.5570746527777778,
        0.5709635416666666,
        0.5824652777777778,
        0.5930989583333333,
        0.6015625,
        0.60546875,
        0.6098090277777777,
        0.6143663194444444,
        0.62109375,
        0.6256510416666666,
        0.6312934027777778,
        0.6401909722222222,
        0.634765625,
        0.6410590277777777,
        0.6477864583333334,
        0.6536458333333333,
        0.6571180555555556,
        0.6547309027777778,
        0.6592881944444444,
        0.6595052083333334,
        0.6623263888888888,
        0.66796875,
        0.6736111111111112,
        0.6786024305555556,
        0.6801215277777777,
        0.6805555555555556,
        0.685329861111111,
        0.6877170138888888,
        0.6890190972222222,
        0.695529513888889,
        0.6901041666666666,
        0.7000868055555556,
        0.7042100694444444,
        0.705078125,
        0.7068142361111112,
        0.7126736111111112,
        0.7172309027777778,
        0.7150607638888888,
        0.7191840277777777,
        0.7196180555555556,
        0.7222222222222222,
        0.7256944444444444,
        0.7241753472222222,
        0.73046875,
        0.7289496527777777,
        0.7358940972222223
    ],
    "test_loss": [],
    "test_acc": []
}