{
    "train_loss": [
        0.9086858481168747,
        0.8832631260156631,
        0.9425375610589981,
        0.8618431985378265,
        0.8706805557012558,
        0.9022393971681595,
        0.8689805120229721,
        0.8744929283857346,
        0.8953345119953156,
        0.8799056857824326,
        0.9121310859918594,
        0.8378361463546753,
        0.8431478887796402,
        0.8051213026046753,
        0.8123870640993118,
        0.8145890384912491,
        0.8146120607852936,
        0.8204157799482346,
        0.8288321942090988,
        0.8419560045003891,
        0.8416988104581833,
        0.8122197687625885,
        0.8157369643449783,
        0.7788048982620239,
        0.7545325458049774,
        0.7524788528680801,
        0.7695734798908234,
        0.7686026841402054,
        0.7790143489837646,
        0.8057876229286194,
        0.7800652831792831,
        0.7813877612352371,
        0.7450609654188156,
        0.7480039298534393,
        0.781086340546608,
        0.7276688516139984,
        0.71974878013134,
        0.7288477420806885,
        0.7259145230054855,
        0.7093544602394104,
        0.7047402411699295,
        0.7410273402929306,
        0.7164450883865356,
        0.70248644053936,
        0.7010951340198517,
        0.6951500326395035,
        0.7252021282911301,
        0.7324950695037842,
        0.6784401088953018,
        0.7124190032482147
    ],
    "train_acc": [
        0.6259920634920635,
        0.654265873015873,
        0.6324404761904763,
        0.654265873015873,
        0.6999007936507936,
        0.6284722222222222,
        0.6607142857142857,
        0.660218253968254,
        0.65625,
        0.6631944444444444,
        0.6919642857142857,
        0.7351190476190477,
        0.7132936507936509,
        0.720734126984127,
        0.7351190476190477,
        0.6884920634920635,
        0.7058531746031745,
        0.691468253968254,
        0.6701388888888888,
        0.6770833333333334,
        0.7093253968253969,
        0.7093253968253969,
        0.7162698412698413,
        0.730654761904762,
        0.7698412698412699,
        0.7450396825396824,
        0.7485119047619048,
        0.7663690476190476,
        0.7589285714285714,
        0.7514880952380953,
        0.7410714285714286,
        0.7266865079365079,
        0.7624007936507936,
        0.7514880952380952,
        0.7371031746031745,
        0.7802579365079365,
        0.7911706349206349,
        0.7728174603174602,
        0.7514880952380953,
        0.7802579365079365,
        0.7658730158730158,
        0.7688492063492063,
        0.7802579365079365,
        0.7872023809523809,
        0.8159722222222222,
        0.7906746031746031,
        0.7400793650793651,
        0.7435515873015872,
        0.8045634920634921,
        0.7936507936507936
    ],
    "val_loss": [
        0.8865264654159546,
        0.8800269365310669,
        0.8757057785987854,
        0.8701265454292297,
        0.8675886988639832,
        0.864698588848114,
        0.8605724573135376,
        0.8586175441741943,
        0.8562983274459839,
        0.8549609780311584,
        0.8509327173233032,
        0.8485639095306396,
        0.8450843095779419,
        0.8431000709533691,
        0.842025101184845,
        0.8418997526168823,
        0.8391481637954712,
        0.8379441499710083,
        0.8356274962425232,
        0.8344210386276245,
        0.8313383460044861,
        0.8301250338554382,
        0.8278221487998962,
        0.8284679651260376,
        0.8281188607215881,
        0.8268029689788818,
        0.8250572085380554,
        0.8239936232566833,
        0.8239468336105347,
        0.8220887184143066,
        0.8185170292854309,
        0.8157731294631958,
        0.8148564696311951,
        0.8134092092514038,
        0.813870370388031,
        0.8123538494110107,
        0.8105131983757019,
        0.8101164102554321,
        0.808872401714325,
        0.8065487146377563,
        0.8075346350669861,
        0.8058943748474121,
        0.8049449324607849,
        0.8038716316223145,
        0.801335871219635,
        0.8006094098091125,
        0.7998391389846802,
        0.7991275191307068,
        0.7993602156639099,
        0.7969803810119629
    ],
    "val_acc": [
        0.6724137931034483,
        0.6379310344827587,
        0.6206896551724138,
        0.6379310344827587,
        0.6379310344827587,
        0.6379310344827587,
        0.6379310344827587,
        0.6379310344827587,
        0.6551724137931034,
        0.6724137931034483,
        0.6724137931034483,
        0.6724137931034483,
        0.6551724137931034,
        0.6551724137931034,
        0.6551724137931034,
        0.6724137931034483,
        0.6724137931034483,
        0.6724137931034483,
        0.6724137931034483,
        0.6551724137931034,
        0.6551724137931034,
        0.6551724137931034,
        0.6551724137931034,
        0.6551724137931034,
        0.6724137931034483,
        0.6724137931034483,
        0.6724137931034483,
        0.6724137931034483,
        0.6724137931034483,
        0.6724137931034483,
        0.6724137931034483,
        0.6724137931034483,
        0.6724137931034483,
        0.6724137931034483,
        0.6724137931034483,
        0.6724137931034483,
        0.6724137931034483,
        0.6724137931034483,
        0.6724137931034483,
        0.6724137931034483,
        0.6724137931034483,
        0.6724137931034483,
        0.6724137931034483,
        0.6724137931034483,
        0.6724137931034483,
        0.6724137931034483,
        0.6724137931034483,
        0.6724137931034483,
        0.6724137931034483,
        0.6724137931034483
    ],
    "test_loss": [],
    "test_acc": []
}