{
    "train_loss": [
        0.9343019127845764,
        0.9814575910568237,
        1.0140395909547806,
        0.9575404226779938,
        0.9185169041156769,
        0.9525113850831985,
        0.9182987958192825,
        0.8662422895431519,
        0.9393626898527145,
        0.917603150010109,
        0.9550393968820572,
        0.9377029091119766,
        0.9211032837629318,
        0.8622143268585205,
        0.9039238095283508,
        0.9230942577123642,
        0.8544493913650513,
        0.8966443687677383,
        0.8475334495306015,
        0.8978794068098068,
        0.859931468963623,
        0.8008430749177933,
        0.9171289503574371,
        0.8524579405784607,
        0.8198307901620865,
        0.8302982151508331,
        0.7954545170068741,
        0.7734241336584091,
        0.8479401618242264,
        0.8436198681592941,
        0.8610657006502151,
        0.8020868897438049,
        0.7951410859823227,
        0.8300366699695587,
        0.8142445832490921,
        0.8102496117353439,
        0.8083170801401138,
        0.774903267621994,
        0.7705481648445129,
        0.7549214959144592,
        0.7797815650701523,
        0.7871997803449631,
        0.8064480870962143,
        0.7378337681293488,
        0.7889004796743393,
        0.7013461589813232,
        0.7655828595161438,
        0.7467586845159531,
        0.7323538064956665,
        0.7387881726026535
    ],
    "train_acc": [
        0.6165674603174603,
        0.5768849206349207,
        0.6011904761904763,
        0.6121031746031746,
        0.6299603174603174,
        0.6190476190476191,
        0.6547619047619048,
        0.658234126984127,
        0.628968253968254,
        0.6190476190476191,
        0.6220238095238095,
        0.6185515873015872,
        0.6294642857142857,
        0.6651785714285714,
        0.6577380952380952,
        0.6254960317460317,
        0.6577380952380952,
        0.6428571428571428,
        0.689484126984127,
        0.6607142857142857,
        0.6825396825396826,
        0.6999007936507936,
        0.6567460317460316,
        0.6711309523809523,
        0.706845238095238,
        0.6924603174603174,
        0.7425595238095237,
        0.7281746031746033,
        0.6741071428571428,
        0.7063492063492064,
        0.6884920634920635,
        0.7172619047619048,
        0.7524801587301587,
        0.7023809523809524,
        0.7098214285714286,
        0.7306547619047619,
        0.7098214285714286,
        0.7341269841269842,
        0.7524801587301587,
        0.7450396825396826,
        0.7306547619047619,
        0.751984126984127,
        0.7336309523809524,
        0.7767857142857143,
        0.748015873015873,
        0.8090277777777778,
        0.7514880952380953,
        0.748015873015873,
        0.7733134920634921,
        0.7762896825396826
    ],
    "val_loss": [
        0.886473536491394,
        0.8977882266044617,
        0.9043703675270081,
        0.9089866280555725,
        0.9072966575622559,
        0.9086704254150391,
        0.9084200859069824,
        0.9043353796005249,
        0.9052096605300903,
        0.9051662087440491,
        0.9013988971710205,
        0.8994247913360596,
        0.8967794179916382,
        0.8975456953048706,
        0.8924211263656616,
        0.8925068974494934,
        0.8900223970413208,
        0.88779217004776,
        0.8869433999061584,
        0.8883035182952881,
        0.8856775760650635,
        0.8829111456871033,
        0.8820851445198059,
        0.8802326917648315,
        0.8776429891586304,
        0.8751952052116394,
        0.8756875395774841,
        0.8717078566551208,
        0.8698484897613525,
        0.8693181872367859,
        0.8675242066383362,
        0.8651083707809448,
        0.8644589781761169,
        0.8642459511756897,
        0.8616726398468018,
        0.8624827861785889,
        0.8600273132324219,
        0.8576622009277344,
        0.8559938669204712,
        0.8552456498146057,
        0.8527149558067322,
        0.8526320457458496,
        0.8506329655647278,
        0.8489047288894653,
        0.8487668633460999,
        0.8489524126052856,
        0.8472229242324829,
        0.8447147607803345,
        0.8415517210960388,
        0.8403676152229309
    ],
    "val_acc": [
        0.6379310344827587,
        0.603448275862069,
        0.603448275862069,
        0.603448275862069,
        0.603448275862069,
        0.603448275862069,
        0.603448275862069,
        0.603448275862069,
        0.603448275862069,
        0.603448275862069,
        0.603448275862069,
        0.603448275862069,
        0.603448275862069,
        0.603448275862069,
        0.603448275862069,
        0.6206896551724138,
        0.603448275862069,
        0.6206896551724138,
        0.6206896551724138,
        0.6206896551724138,
        0.6206896551724138,
        0.6206896551724138,
        0.6206896551724138,
        0.6206896551724138,
        0.6206896551724138,
        0.6206896551724138,
        0.6206896551724138,
        0.6206896551724138,
        0.6206896551724138,
        0.6206896551724138,
        0.6206896551724138,
        0.6379310344827587,
        0.6379310344827587,
        0.6551724137931034,
        0.6551724137931034,
        0.6551724137931034,
        0.6551724137931034,
        0.6551724137931034,
        0.6551724137931034,
        0.6551724137931034,
        0.6551724137931034,
        0.6551724137931034,
        0.6551724137931034,
        0.6551724137931034,
        0.6551724137931034,
        0.6551724137931034,
        0.6551724137931034,
        0.6551724137931034,
        0.6551724137931034,
        0.6724137931034483
    ],
    "test_loss": [],
    "test_acc": []
}