{
    "train_loss": [
        1.3699303288012743,
        1.3232467640191317,
        1.2862237375229597,
        1.2522072158753872,
        1.2233679704368114,
        1.1981081739068031,
        1.177571214735508,
        1.159530583769083,
        1.1425379514694214,
        1.1288539813831449,
        1.1149451062083244,
        1.1040371106937528,
        1.092253889888525,
        1.0821978151798248,
        1.0721963215619326,
        1.0601342981681228,
        1.0513346632942557,
        1.0389208290725946,
        1.0280057741329074,
        1.018432685174048,
        1.0078033981844783,
        0.9972237767651677,
        0.9890140956267715,
        0.9801737489178777,
        0.9718766128644347,
        0.9621798628941178,
        0.9550442015752196,
        0.9462501741945744,
        0.9399883216246963,
        0.9338762909173965,
        0.9270303752273321,
        0.9205807922407985,
        0.9156754836440086,
        0.9082964211702347,
        0.9026708956807852,
        0.8978651622310281,
        0.8926448849961162,
        0.887127447873354,
        0.8838057806715369,
        0.8770922962576151,
        0.8740399638190866,
        0.8705800352618098,
        0.8648832449689507,
        0.8600959973409772,
        0.8560917722061276,
        0.8538332916796207,
        0.8480585981160402,
        0.8450935389846563,
        0.8405516436323524,
        0.8369399411603808
    ],
    "train_acc": [
        0.31184895833333337,
        0.3895399305555556,
        0.4357638888888889,
        0.46875,
        0.4796006944444445,
        0.5036892361111112,
        0.5121527777777777,
        0.521484375,
        0.5364583333333334,
        0.5416666666666667,
        0.5542534722222221,
        0.560763888888889,
        0.5711805555555556,
        0.5796440972222222,
        0.5802951388888888,
        0.5902777777777779,
        0.6002604166666667,
        0.6004774305555556,
        0.6130642361111112,
        0.6206597222222222,
        0.625,
        0.6338975694444444,
        0.6397569444444444,
        0.6456163194444444,
        0.6475694444444444,
        0.6549479166666667,
        0.662109375,
        0.6623263888888888,
        0.671657986111111,
        0.6668836805555556,
        0.673828125,
        0.6740451388888888,
        0.6805555555555556,
        0.6820746527777778,
        0.6868489583333333,
        0.6890190972222221,
        0.693359375,
        0.685763888888889,
        0.6888020833333333,
        0.6946614583333333,
        0.6957465277777778,
        0.6955295138888888,
        0.700954861111111,
        0.7026909722222222,
        0.7013888888888888,
        0.7029079861111112,
        0.7085503472222221,
        0.7059461805555556,
        0.709201388888889,
        0.7150607638888888
    ],
    "val_loss": [
        1.335011288523674,
        1.2971339635550976,
        1.259551778435707,
        1.2265998534858227,
        1.1992928981781006,
        1.1748327864333987,
        1.1550743719562888,
        1.1391508104279637,
        1.125195911154151,
        1.1099250800907612,
        1.0989180831238627,
        1.086336387321353,
        1.0756327155977488,
        1.0656767170876265,
        1.055276426486671,
        1.0432545952498913,
        1.0330585315823555,
        1.0198643552139401,
        1.0108814062550664,
        1.000499939545989,
        0.9900734685361385,
        0.9778994917869568,
        0.9715720936655998,
        0.9620879665017128,
        0.9532798007130623,
        0.9467093925923109,
        0.9405902782455087,
        0.9314664546400309,
        0.9232029793784022,
        0.9171842625364661,
        0.9115641973912716,
        0.9050828190520406,
        0.8995148278772831,
        0.8950415048748255,
        0.8908987948670983,
        0.8819425627589226,
        0.8795943995937705,
        0.8722321065142751,
        0.8684691088274121,
        0.864300487563014,
        0.8594252616167068,
        0.8540714718401432,
        0.8497060164809227,
        0.8432279350236058,
        0.8414165778085589,
        0.8378693740814924,
        0.8319247728213668,
        0.8320491630584002,
        0.8272088533267379,
        0.8202875694260001
    ],
    "val_acc": [
        0.3908420138888889,
        0.4203559027777778,
        0.4598524305555556,
        0.4802517361111111,
        0.5080295138888888,
        0.5162760416666667,
        0.5266927083333333,
        0.5475260416666666,
        0.5579427083333333,
        0.5590277777777777,
        0.5648871527777778,
        0.5750868055555556,
        0.5813802083333333,
        0.5842013888888888,
        0.6011284722222222,
        0.6063368055555556,
        0.6108940972222222,
        0.6197916666666666,
        0.6293402777777777,
        0.6321614583333334,
        0.6469184027777777,
        0.6490885416666666,
        0.6538628472222222,
        0.654513888888889,
        0.6638454861111112,
        0.6697048611111112,
        0.670138888888889,
        0.6751302083333333,
        0.6786024305555556,
        0.6796875,
        0.6805555555555556,
        0.6803385416666667,
        0.6920572916666666,
        0.6868489583333334,
        0.6981336805555556,
        0.693359375,
        0.6996527777777778,
        0.6998697916666665,
        0.7044270833333334,
        0.70703125,
        0.703125,
        0.7096354166666667,
        0.7133246527777778,
        0.71484375,
        0.7150607638888888,
        0.7165798611111112,
        0.7176649305555556,
        0.7194010416666667,
        0.7274305555555556,
        0.7265625
    ],
    "test_loss": [],
    "test_acc": []
}