{
    "train_loss": [
        1.9363629817962646,
        1.912568986415863,
        1.9099560379981995,
        1.8790153563022614,
        1.8574928641319275,
        1.822120577096939,
        1.7926951944828033,
        1.7866136133670807,
        1.8178755342960358,
        1.8088668882846832,
        1.7515857815742493,
        1.7807525396347046,
        1.7349169254302979,
        1.763411819934845,
        1.7710255980491638,
        1.752972573041916,
        1.7153018116950989,
        1.647668480873108,
        1.7159895598888397,
        1.6964834928512573,
        1.7178537547588348,
        1.646605670452118,
        1.6943869292736053,
        1.681106686592102,
        1.6793263256549835,
        1.6351497173309326,
        1.643975853919983,
        1.6637403964996338,
        1.6326346099376678,
        1.6600468754768372,
        1.654902696609497,
        1.6780914068222046,
        1.5738893151283264,
        1.6306811273097992,
        1.6147892773151398,
        1.5894776284694672,
        1.587557315826416,
        1.6062844693660736,
        1.5811163485050201,
        1.58926522731781,
        1.5350234508514404,
        1.592864602804184,
        1.6042821407318115,
        1.555659830570221,
        1.5319524705410004,
        1.5470479428768158,
        1.554939180612564,
        1.5501505434513092,
        1.4848863780498505,
        1.5195638239383698
    ],
    "train_acc": [
        0.6473214285714286,
        0.6076388888888888,
        0.6036706349206349,
        0.6215277777777778,
        0.668154761904762,
        0.6641865079365079,
        0.6393849206349207,
        0.6537698412698413,
        0.689484126984127,
        0.6785714285714286,
        0.7212301587301587,
        0.6636904761904763,
        0.6929563492063492,
        0.6746031746031745,
        0.6919642857142857,
        0.6815476190476191,
        0.6924603174603174,
        0.7633928571428572,
        0.7276785714285714,
        0.720734126984127,
        0.7058531746031745,
        0.7237103174603174,
        0.6840277777777778,
        0.7232142857142857,
        0.7197420634920635,
        0.7375992063492064,
        0.751984126984127,
        0.712797619047619,
        0.722718253968254,
        0.7301587301587301,
        0.7514880952380952,
        0.7509920634920635,
        0.8125,
        0.7549603174603176,
        0.744047619047619,
        0.7797619047619047,
        0.7584325396825398,
        0.7653769841269842,
        0.7475198412698412,
        0.7901785714285714,
        0.8080357142857143,
        0.7400793650793651,
        0.7757936507936508,
        0.7867063492063491,
        0.8293650793650793,
        0.8040674603174602,
        0.8253968253968255,
        0.8005952380952381,
        0.8253968253968254,
        0.8149801587301587
    ],
    "val_loss": [
        1.8761957883834839,
        1.8602092266082764,
        1.8534530401229858,
        1.8503601551055908,
        1.8492213487625122,
        1.8467423915863037,
        1.845515251159668,
        1.8424829244613647,
        1.840151309967041,
        1.8368701934814453,
        1.8333569765090942,
        1.831598162651062,
        1.8295700550079346,
        1.8279904127120972,
        1.8266949653625488,
        1.8252253532409668,
        1.8228880167007446,
        1.8215960264205933,
        1.8222343921661377,
        1.8214333057403564,
        1.8215367794036865,
        1.8241021633148193,
        1.8227128982543945,
        1.8223109245300293,
        1.8222582340240479,
        1.8207807540893555,
        1.8197448253631592,
        1.8184641599655151,
        1.8166228532791138,
        1.813595175743103,
        1.8114827871322632,
        1.8137664794921875,
        1.8141589164733887,
        1.8132126331329346,
        1.8152920007705688,
        1.8175913095474243,
        1.8186594247817993,
        1.8180710077285767,
        1.8153772354125977,
        1.8116569519042969,
        1.8129181861877441,
        1.812697410583496,
        1.8150174617767334,
        1.816099762916565,
        1.8162121772766113,
        1.8146048784255981,
        1.8159157037734985,
        1.8165563344955444,
        1.8156585693359375,
        1.8139886856079102
    ],
    "val_acc": [
        0.6896551724137931,
        0.7068965517241379,
        0.7241379310344828,
        0.7241379310344828,
        0.7241379310344828,
        0.7413793103448276,
        0.7068965517241379,
        0.6896551724137931,
        0.7068965517241379,
        0.7068965517241379,
        0.7241379310344828,
        0.7241379310344828,
        0.7068965517241379,
        0.7068965517241379,
        0.7068965517241379,
        0.7068965517241379,
        0.7068965517241379,
        0.7068965517241379,
        0.7241379310344828,
        0.7413793103448276,
        0.7241379310344828,
        0.7413793103448276,
        0.7413793103448276,
        0.7413793103448276,
        0.7413793103448276,
        0.7413793103448276,
        0.7241379310344828,
        0.7241379310344828,
        0.7241379310344828,
        0.7413793103448276,
        0.7241379310344828,
        0.7413793103448276,
        0.7413793103448276,
        0.7241379310344828,
        0.7241379310344828,
        0.7241379310344828,
        0.7241379310344828,
        0.7241379310344828,
        0.7241379310344828,
        0.7241379310344828,
        0.7241379310344828,
        0.7241379310344828,
        0.7068965517241379,
        0.7068965517241379,
        0.7068965517241379,
        0.7241379310344828,
        0.7068965517241379,
        0.7068965517241379,
        0.7068965517241379,
        0.7068965517241379
    ],
    "test_loss": [],
    "test_acc": []
}