{
    "train_loss": [
        2.422991942614317,
        2.164542831480503,
        2.0766078662127256,
        2.0141980666667223,
        1.9721396919339895,
        1.943742936477065,
        1.91784449480474,
        1.9009637162089348,
        1.8787505310028791,
        1.8664594795554876,
        1.8490804824978113,
        1.8396549988538027,
        1.8251064456999302,
        1.8137723822146654,
        1.8034842759370804,
        1.791686488315463,
        1.7835058961063623,
        1.777505747973919,
        1.7681131027638912,
        1.7600990980863571,
        1.7476430609822273,
        1.738063883036375,
        1.7293554432690144,
        1.722142819315195,
        1.7159083634614944,
        1.7092266082763672,
        1.698399692773819,
        1.6901076659560204,
        1.6810997184365988,
        1.6724872756749392,
        1.6651370711624622,
        1.6587330773472786,
        1.6499854009598494,
        1.6395556330680847,
        1.6340511366724968,
        1.6276387721300125,
        1.6182849816977978,
        1.6114700492471457,
        1.6027279924601316,
        1.5938685815781355,
        1.5853103995323181,
        1.5811871644109488,
        1.5744159575551748,
        1.5670639406889677,
        1.5598803292959929,
        1.5509678479284048,
        1.5491035431623459,
        1.5336032230407,
        1.523819813504815,
        1.5231236275285482
    ],
    "train_acc": [
        0.3005642361111111,
        0.4162326388888889,
        0.48480902777777785,
        0.5327690972222222,
        0.5620659722222222,
        0.5815972222222221,
        0.5983072916666667,
        0.6148003472222222,
        0.626953125,
        0.6304253472222222,
        0.6356336805555556,
        0.6421440972222223,
        0.6521267361111112,
        0.666015625,
        0.6697048611111112,
        0.6805555555555556,
        0.681640625,
        0.6870659722222222,
        0.6888020833333333,
        0.6961805555555556,
        0.6976996527777778,
        0.7052951388888888,
        0.7055121527777778,
        0.7072482638888888,
        0.7076822916666666,
        0.7163628472222222,
        0.7150607638888888,
        0.71875,
        0.7237413194444444,
        0.7300347222222223,
        0.7326388888888888,
        0.7241753472222222,
        0.7291666666666667,
        0.7365451388888888,
        0.7367621527777778,
        0.7434895833333333,
        0.7391493055555556,
        0.7454427083333334,
        0.73828125,
        0.744140625,
        0.7484809027777778,
        0.7467447916666667,
        0.7547743055555556,
        0.7473958333333333,
        0.7465277777777778,
        0.7493489583333334,
        0.7552083333333333,
        0.7552083333333333,
        0.7588975694444444,
        0.7552083333333333
    ],
    "val_loss": [
        2.2181195840239525,
        2.0989057030528784,
        2.032012451440096,
        1.9781116880476475,
        1.945301752537489,
        1.9170744344592094,
        1.896638348698616,
        1.8756553307175636,
        1.8670124039053917,
        1.845958661288023,
        1.834023229777813,
        1.8233090210705996,
        1.8084007631987333,
        1.7940669730305672,
        1.784687178209424,
        1.778951046988368,
        1.769135508686304,
        1.754638159647584,
        1.7506668362766504,
        1.7427203711122274,
        1.7299986127763987,
        1.718822080641985,
        1.7170271538197994,
        1.7054913863539696,
        1.6920038219541311,
        1.687949737533927,
        1.6789988055825233,
        1.6705938689410686,
        1.6612322591245174,
        1.6529536321759224,
        1.647872505709529,
        1.6391646657139063,
        1.6268024183809757,
        1.6186197996139526,
        1.6158363707363605,
        1.6067329309880733,
        1.6066970583051443,
        1.5921052396297455,
        1.5845692325383425,
        1.5731825307011604,
        1.5736422669142485,
        1.5619789436459541,
        1.5498097967356443,
        1.5485415328294039,
        1.5417582113295794,
        1.5275435466319323,
        1.520074425265193,
        1.5111821796745062,
        1.5050563979893923,
        1.4994125366210938
    ],
    "val_acc": [
        0.39887152777777773,
        0.4637586805555555,
        0.51953125,
        0.5631510416666666,
        0.5835503472222222,
        0.5983072916666666,
        0.618923611111111,
        0.6263020833333333,
        0.6373697916666666,
        0.6419270833333333,
        0.6473524305555556,
        0.6592881944444445,
        0.669921875,
        0.6742621527777778,
        0.6853298611111112,
        0.6881510416666666,
        0.6885850694444444,
        0.6981336805555556,
        0.7009548611111112,
        0.7020399305555556,
        0.7046440972222222,
        0.7105034722222222,
        0.7107204861111112,
        0.7211371527777778,
        0.7263454861111112,
        0.7254774305555556,
        0.726779513888889,
        0.728732638888889,
        0.7365451388888888,
        0.73046875,
        0.7389322916666667,
        0.7376302083333333,
        0.7437065972222223,
        0.7504340277777777,
        0.7458767361111112,
        0.7469618055555556,
        0.7465277777777778,
        0.7445746527777778,
        0.7430555555555556,
        0.7549913194444444,
        0.7549913194444444,
        0.756076388888889,
        0.755859375,
        0.7582465277777777,
        0.7595486111111112,
        0.7584635416666667,
        0.7608506944444444,
        0.763671875,
        0.7651909722222222,
        0.7690972222222222
    ],
    "test_loss": [],
    "test_acc": []
}