{
    "train_loss": [
        1.34971484541893,
        1.2459545135498047,
        1.3437960147857666,
        1.2017803639173508,
        1.293524593114853,
        1.2305266857147217,
        1.2171901762485504,
        1.2466430366039276,
        1.1973705887794495,
        1.216266930103302,
        1.2028402984142303,
        1.1830735206604004,
        1.1651403903961182,
        1.1748857200145721,
        1.2593266665935516,
        1.1614230871200562,
        1.178499013185501,
        1.1098127514123917,
        1.1430939435958862,
        1.110118716955185,
        1.1540260314941406,
        1.1647804081439972,
        1.136032372713089,
        1.1587269306182861,
        1.143928349018097,
        1.1399756968021393,
        1.1314670145511627,
        1.1160572469234467,
        1.1108019649982452,
        1.0853029489517212,
        1.1305095851421356,
        1.0740225166082382,
        1.0818387269973755,
        1.087805986404419,
        1.0816836059093475,
        1.0475178509950638,
        1.073577344417572,
        1.143964871764183,
        1.0541523098945618,
        1.019765466451645,
        1.1047230064868927,
        1.0640593767166138,
        1.1064481437206268,
        1.0668149292469025,
        0.9860019832849503,
        1.0270020365715027,
        1.0450423955917358,
        1.0034488588571548,
        1.0128687471151352,
        1.069263756275177
    ],
    "train_acc": [
        0.3551587301587301,
        0.41666666666666663,
        0.38343253968253965,
        0.4449404761904762,
        0.39781746031746035,
        0.43353174603174605,
        0.43353174603174605,
        0.3829365079365079,
        0.4513888888888889,
        0.4618055555555556,
        0.4652777777777778,
        0.4975198412698413,
        0.48660714285714285,
        0.5143849206349207,
        0.4429563492063492,
        0.4861111111111111,
        0.4573412698412699,
        0.5223214285714286,
        0.5109126984126984,
        0.5431547619047619,
        0.5034722222222222,
        0.49255952380952384,
        0.535218253968254,
        0.4885912698412698,
        0.5173611111111112,
        0.5421626984126984,
        0.5243055555555556,
        0.5203373015873016,
        0.5064484126984127,
        0.5386904761904763,
        0.5203373015873016,
        0.5813492063492064,
        0.5744047619047619,
        0.5560515873015872,
        0.5739087301587301,
        0.5813492063492064,
        0.5560515873015872,
        0.5376984126984127,
        0.5843253968253969,
        0.591765873015873,
        0.5411706349206349,
        0.5952380952380952,
        0.5411706349206349,
        0.5659722222222222,
        0.6309523809523809,
        0.6339285714285714,
        0.6016865079365079,
        0.6125992063492064,
        0.5873015873015872,
        0.5620039682539683
    ],
    "val_loss": [
        1.2005327939987183,
        1.2122613191604614,
        1.2260013818740845,
        1.2405242919921875,
        1.2501606941223145,
        1.2575809955596924,
        1.2619171142578125,
        1.2635852098464966,
        1.2647185325622559,
        1.2651588916778564,
        1.2627007961273193,
        1.2610880136489868,
        1.2585487365722656,
        1.2568411827087402,
        1.2564024925231934,
        1.2521862983703613,
        1.24667227268219,
        1.246402382850647,
        1.2445478439331055,
        1.240878939628601,
        1.2383774518966675,
        1.2360115051269531,
        1.2344350814819336,
        1.2301149368286133,
        1.2295267581939697,
        1.2264984846115112,
        1.2239328622817993,
        1.2234069108963013,
        1.2209805250167847,
        1.217956304550171,
        1.2148292064666748,
        1.2148394584655762,
        1.2123417854309082,
        1.211233377456665,
        1.2103759050369263,
        1.210976481437683,
        1.210927128791809,
        1.2073674201965332,
        1.2031596899032593,
        1.201919674873352,
        1.2001407146453857,
        1.1984601020812988,
        1.1968283653259277,
        1.1965327262878418,
        1.1972534656524658,
        1.1960171461105347,
        1.1929020881652832,
        1.1897317171096802,
        1.188204288482666,
        1.1878130435943604
    ],
    "val_acc": [
        0.5344827586206896,
        0.5344827586206896,
        0.5172413793103449,
        0.5172413793103449,
        0.5172413793103449,
        0.5172413793103449,
        0.5172413793103449,
        0.5172413793103449,
        0.5172413793103449,
        0.5344827586206896,
        0.5344827586206896,
        0.5344827586206896,
        0.5344827586206896,
        0.5344827586206896,
        0.5344827586206896,
        0.5344827586206896,
        0.5344827586206896,
        0.5344827586206896,
        0.5344827586206896,
        0.5344827586206896,
        0.5344827586206896,
        0.5344827586206896,
        0.5344827586206896,
        0.5344827586206896,
        0.5344827586206896,
        0.5344827586206896,
        0.5344827586206896,
        0.5344827586206896,
        0.5344827586206896,
        0.5344827586206896,
        0.5172413793103449,
        0.5344827586206896,
        0.5344827586206896,
        0.5344827586206896,
        0.5172413793103449,
        0.5172413793103449,
        0.5172413793103449,
        0.5344827586206896,
        0.5344827586206896,
        0.5344827586206896,
        0.5344827586206896,
        0.5344827586206896,
        0.5344827586206896,
        0.5344827586206896,
        0.5344827586206896,
        0.5344827586206896,
        0.5344827586206896,
        0.5517241379310345,
        0.5517241379310345,
        0.5517241379310345
    ],
    "test_loss": [],
    "test_acc": []
}