{
    "train_loss": [
        1.3645552787929773,
        1.3152364566922188,
        1.2792739011347294,
        1.2418435420840979,
        1.2065737135708332,
        1.1743587665259838,
        1.1470099072903395,
        1.125372651964426,
        1.1064433623105288,
        1.090401355177164,
        1.077305362559855,
        1.0643437337130308,
        1.0537462504580617,
        1.043933216482401,
        1.0360151743516326,
        1.0268902042880654,
        1.0197443468496203,
        1.0111342119053006,
        1.0032508401200175,
        0.9964993596076965,
        0.9883442791178823,
        0.9784082807600498,
        0.969750558026135,
        0.960579021833837,
        0.950866480357945,
        0.9430627450346947,
        0.9326286586001515,
        0.9249318419024348,
        0.9183975644409657,
        0.9124828306958079,
        0.9034740990027785,
        0.9006058694794774,
        0.893258536234498,
        0.8884982215240598,
        0.8836880251765251,
        0.8786978553980589,
        0.8749519614502788,
        0.8708036858588457,
        0.867409884929657,
        0.8601705906912684,
        0.8578115878626704,
        0.8550760559737682,
        0.8519312832504511,
        0.8489865884184837,
        0.8432246772572398,
        0.838256417773664,
        0.8349204491823912,
        0.8318269290030003,
        0.8285184083506465,
        0.8264086013659835
    ],
    "train_acc": [
        0.306640625,
        0.40625,
        0.4342447916666667,
        0.4717881944444444,
        0.4993489583333333,
        0.5219184027777777,
        0.5418836805555556,
        0.5514322916666666,
        0.5616319444444444,
        0.5687934027777778,
        0.5857204861111112,
        0.595703125,
        0.5959201388888888,
        0.6030815972222223,
        0.6041666666666666,
        0.6121961805555556,
        0.6139322916666666,
        0.6208767361111112,
        0.6256510416666667,
        0.6278211805555556,
        0.6328125,
        0.6373697916666666,
        0.642578125,
        0.6512586805555556,
        0.6588541666666667,
        0.6547309027777779,
        0.6644965277777779,
        0.6681857638888888,
        0.6694878472222222,
        0.6727430555555556,
        0.677734375,
        0.68359375,
        0.6848958333333334,
        0.6801215277777777,
        0.6879340277777779,
        0.6870659722222222,
        0.6898871527777777,
        0.6890190972222222,
        0.6901041666666667,
        0.693359375,
        0.7018229166666666,
        0.6974826388888888,
        0.701171875,
        0.6976996527777778,
        0.7042100694444444,
        0.7022569444444444,
        0.7078993055555556,
        0.7068142361111112,
        0.7074652777777777,
        0.7133246527777778
    ],
    "val_loss": [
        1.3289573602378368,
        1.2887418679893017,
        1.2511875294148922,
        1.2147900965064764,
        1.178221808746457,
        1.148834585212171,
        1.1250753169879317,
        1.1020635226741433,
        1.0874992031604052,
        1.072907098568976,
        1.0589418085291982,
        1.0475983684882522,
        1.0358159570023417,
        1.0286314645782113,
        1.0202601039782166,
        1.0104224104434252,
        1.0032981783151627,
        0.9956313436850905,
        0.9891080018132925,
        0.9806425767019391,
        0.9717598231509328,
        0.96479816082865,
        0.9545028852298856,
        0.9421068094670773,
        0.9336139000952244,
        0.9258729992434382,
        0.9163409220054746,
        0.9104431392624974,
        0.9024073798209429,
        0.8932245466858149,
        0.8917950978502631,
        0.8838066551834345,
        0.8801006758585572,
        0.8754076967015862,
        0.8682320695370436,
        0.8643895061686635,
        0.8615202847868204,
        0.8586046230047941,
        0.8532279524952173,
        0.8481635795906186,
        0.8467125091701746,
        0.838593372143805,
        0.8353886138647795,
        0.8315679179504514,
        0.8276528613641858,
        0.823870338499546,
        0.8212201930582523,
        0.8163172779604793,
        0.8134100479073822,
        0.8125043353065848
    ],
    "val_acc": [
        0.3927951388888889,
        0.42990451388888895,
        0.4607204861111111,
        0.5006510416666667,
        0.5203993055555556,
        0.5416666666666667,
        0.5611979166666666,
        0.5670572916666667,
        0.5776909722222222,
        0.5939670138888888,
        0.5972222222222223,
        0.6013454861111112,
        0.6098090277777778,
        0.6145833333333334,
        0.6169704861111112,
        0.6254340277777779,
        0.6315104166666666,
        0.6312934027777778,
        0.6401909722222223,
        0.6460503472222223,
        0.6443142361111112,
        0.650390625,
        0.6597222222222222,
        0.6608072916666667,
        0.6694878472222223,
        0.6744791666666667,
        0.6803385416666666,
        0.6766493055555556,
        0.6846788194444444,
        0.6846788194444444,
        0.6909722222222222,
        0.693359375,
        0.6931423611111112,
        0.6922743055555556,
        0.6957465277777777,
        0.699435763888889,
        0.7018229166666667,
        0.7013888888888888,
        0.7016059027777777,
        0.7081163194444444,
        0.7092013888888888,
        0.7072482638888888,
        0.7154947916666667,
        0.71484375,
        0.7157118055555556,
        0.7150607638888888,
        0.7183159722222222,
        0.7183159722222223,
        0.7220052083333334,
        0.7241753472222223
    ],
    "test_loss": [],
    "test_acc": []
}