{
    "train_loss": [
        2.0762312542647123,
        2.0047497265040874,
        1.9618104752153158,
        1.9219413734972477,
        1.890288382768631,
        1.864731028676033,
        1.8404352627694607,
        1.819181878119707,
        1.8012140989303589,
        1.780493337661028,
        1.765495277941227,
        1.7505160477012396,
        1.7316167075186968,
        1.7194736022502184,
        1.7030965574085712,
        1.690543670207262,
        1.6789771523326635,
        1.6711242608726025,
        1.6519305109977722,
        1.64238010533154,
        1.6273246631026268,
        1.6101132649928331,
        1.5929425526410341,
        1.586588777601719,
        1.5665062442421913,
        1.549397150054574,
        1.5384663213044405,
        1.5201237965375185,
        1.511293986812234,
        1.4940953012555838,
        1.4789654351770878,
        1.4661067724227905,
        1.4540904834866524,
        1.4403394144028425,
        1.4279572330415249,
        1.4157183859497309,
        1.4057347942143679,
        1.3921378534287214,
        1.3813084177672863,
        1.364922672510147,
        1.3565528336912394,
        1.3439015317708254,
        1.3348180428147316,
        1.3174505345523357,
        1.309665260836482,
        1.2955835312604904,
        1.2846643421798944,
        1.2717185840010643,
        1.267046058550477,
        1.2500306330621243
    ],
    "train_acc": [
        0.3233506944444444,
        0.4053819444444444,
        0.4481336805555556,
        0.47048611111111105,
        0.4854600694444444,
        0.5099826388888888,
        0.5225694444444444,
        0.5290798611111112,
        0.5486111111111112,
        0.5520833333333333,
        0.5607638888888888,
        0.568576388888889,
        0.5666232638888888,
        0.5746527777777778,
        0.5876736111111112,
        0.5902777777777778,
        0.5924479166666667,
        0.5944010416666666,
        0.6037326388888888,
        0.6106770833333333,
        0.6178385416666667,
        0.6219618055555556,
        0.626953125,
        0.6371527777777778,
        0.6382378472222221,
        0.6497395833333333,
        0.65234375,
        0.6599392361111112,
        0.6623263888888888,
        0.6625434027777778,
        0.6705729166666667,
        0.6744791666666667,
        0.681640625,
        0.6803385416666666,
        0.6840277777777778,
        0.6846788194444444,
        0.6879340277777778,
        0.6851128472222223,
        0.6935763888888888,
        0.6896701388888888,
        0.6963975694444444,
        0.6937934027777777,
        0.6957465277777778,
        0.699001736111111,
        0.6994357638888888,
        0.7039930555555556,
        0.7052951388888888,
        0.7076822916666665,
        0.7085503472222222,
        0.7061631944444444
    ],
    "val_loss": [
        2.0176481939852238,
        1.971552312374115,
        1.9254009630531073,
        1.8914109338074923,
        1.8589502666145563,
        1.8336985688656569,
        1.8109907247126102,
        1.7981230448931456,
        1.7726556807756424,
        1.7559234779328108,
        1.739920001477003,
        1.728306144475937,
        1.7118746433407068,
        1.6937732938677073,
        1.6794247515499592,
        1.6698743738234043,
        1.650715159252286,
        1.6460242811590433,
        1.6260591726750135,
        1.6065846886485815,
        1.5942878667265177,
        1.5816583707928658,
        1.5651251059025526,
        1.5615382008254528,
        1.5441715009510517,
        1.5233248006552458,
        1.51453947275877,
        1.5140877459198236,
        1.4754393268376589,
        1.4692159574478865,
        1.469478065147996,
        1.4339698627591133,
        1.4239759184420109,
        1.4132016859948635,
        1.404210727661848,
        1.3923556823283434,
        1.3736042771488428,
        1.3593125184997916,
        1.3667121697217226,
        1.3418219219893217,
        1.334530521184206,
        1.309308092109859,
        1.3092161361128092,
        1.2924523912370205,
        1.2905837427824736,
        1.259580358862877,
        1.2592660263180733,
        1.2435830160975456,
        1.2325543770566583,
        1.2194834714755416
    ],
    "val_acc": [
        0.3986545138888889,
        0.44900173611111105,
        0.4774305555555556,
        0.4893663194444444,
        0.5075954861111112,
        0.5286458333333334,
        0.5427517361111112,
        0.5514322916666667,
        0.5640190972222222,
        0.5674913194444444,
        0.57421875,
        0.5785590277777777,
        0.5874565972222222,
        0.5920138888888888,
        0.5980902777777778,
        0.599392361111111,
        0.6052517361111112,
        0.6026475694444444,
        0.619140625,
        0.6236979166666666,
        0.6286892361111112,
        0.6321614583333333,
        0.6456163194444444,
        0.650607638888889,
        0.6553819444444444,
        0.6597222222222223,
        0.6647135416666667,
        0.666232638888889,
        0.6740451388888888,
        0.6779513888888888,
        0.6801215277777777,
        0.6831597222222222,
        0.6877170138888888,
        0.689453125,
        0.6924913194444444,
        0.6968315972222222,
        0.6979166666666667,
        0.6966145833333333,
        0.7042100694444444,
        0.697265625,
        0.7029079861111112,
        0.7063802083333334,
        0.70703125,
        0.7120225694444444,
        0.7133246527777777,
        0.7135416666666667,
        0.7196180555555556,
        0.7194010416666667,
        0.7176649305555556,
        0.7224392361111112
    ],
    "test_loss": [],
    "test_acc": []
}