{
    "train_loss": [
        2.492666244506836,
        2.1563006341457367,
        2.0547931790351868,
        1.9554039239883423,
        1.9843563437461853,
        1.9813788831233978,
        1.9529541730880737,
        1.933902621269226,
        1.9315631687641144,
        1.9003393650054932,
        1.9277788996696472,
        1.888033241033554,
        1.9171551167964935,
        1.8730471432209015,
        1.8681182265281677,
        1.9061644673347473,
        1.8891388475894928,
        1.830913096666336,
        1.867667317390442,
        1.8875902891159058,
        1.7891835868358612,
        1.8288182318210602,
        1.7826876044273376,
        1.7651372849941254,
        1.774161458015442,
        1.8160429000854492,
        1.760249525308609,
        1.742106854915619,
        1.7407060265541077,
        1.726006031036377,
        1.7215378284454346,
        1.7430966198444366,
        1.7075644135475159,
        1.748036116361618,
        1.707205981016159,
        1.7443401515483856,
        1.7250472605228424,
        1.659797579050064,
        1.7002308070659637,
        1.6863710582256317,
        1.6865552961826324,
        1.7094577252864838,
        1.7047439217567444,
        1.6808975636959076,
        1.6341936588287354,
        1.653031349182129,
        1.66670423746109,
        1.698423832654953,
        1.6441827714443207,
        1.6333011090755463
    ],
    "train_acc": [
        0.6190476190476191,
        0.6721230158730158,
        0.5426587301587301,
        0.6220238095238095,
        0.6284722222222222,
        0.6498015873015872,
        0.6607142857142857,
        0.6746031746031745,
        0.6889880952380952,
        0.7108134920634921,
        0.6418650793650793,
        0.6959325396825398,
        0.6775793650793651,
        0.7311507936507936,
        0.716765873015873,
        0.7018849206349207,
        0.6731150793650793,
        0.7559523809523809,
        0.712797619047619,
        0.7127976190476191,
        0.777281746031746,
        0.7341269841269842,
        0.7807539682539684,
        0.7986111111111112,
        0.6765873015873015,
        0.7767857142857143,
        0.7589285714285714,
        0.7589285714285714,
        0.7762896825396826,
        0.808531746031746,
        0.7762896825396824,
        0.7976190476190477,
        0.7941468253968255,
        0.7723214285714286,
        0.7688492063492063,
        0.8154761904761905,
        0.7757936507936508,
        0.8224206349206349,
        0.800595238095238,
        0.8472222222222222,
        0.7966269841269842,
        0.7857142857142857,
        0.7683531746031745,
        0.8323412698412699,
        0.8576388888888888,
        0.793154761904762,
        0.8110119047619047,
        0.7891865079365079,
        0.8392857142857143,
        0.8427579365079366
    ],
    "val_loss": [
        2.0522143840789795,
        1.9546542167663574,
        1.9365119934082031,
        1.9453980922698975,
        1.9564104080200195,
        1.9592350721359253,
        1.9543434381484985,
        1.942837119102478,
        1.931821584701538,
        1.9236600399017334,
        1.9181849956512451,
        1.9147508144378662,
        1.9132678508758545,
        1.9126907587051392,
        1.909265160560608,
        1.9070662260055542,
        1.9035274982452393,
        1.9000020027160645,
        1.8966138362884521,
        1.8949617147445679,
        1.8919447660446167,
        1.8879457712173462,
        1.8840696811676025,
        1.8800979852676392,
        1.8763267993927002,
        1.8742828369140625,
        1.8725497722625732,
        1.8725756406784058,
        1.8710353374481201,
        1.8683059215545654,
        1.8648946285247803,
        1.8622205257415771,
        1.86077082157135,
        1.8578273057937622,
        1.855039119720459,
        1.8524484634399414,
        1.8516693115234375,
        1.8501251935958862,
        1.8478761911392212,
        1.8450874090194702,
        1.8430111408233643,
        1.8431702852249146,
        1.842051386833191,
        1.8389809131622314,
        1.8373329639434814,
        1.8344459533691406,
        1.8305659294128418,
        1.8281561136245728,
        1.8277579545974731,
        1.8262531757354736
    ],
    "val_acc": [
        0.6206896551724138,
        0.6379310344827587,
        0.6551724137931034,
        0.6379310344827587,
        0.6379310344827587,
        0.6551724137931034,
        0.6724137931034483,
        0.6551724137931034,
        0.6724137931034483,
        0.6724137931034483,
        0.6724137931034483,
        0.6724137931034483,
        0.6896551724137931,
        0.6896551724137931,
        0.6896551724137931,
        0.6896551724137931,
        0.6896551724137931,
        0.6896551724137931,
        0.7068965517241379,
        0.7068965517241379,
        0.7068965517241379,
        0.7068965517241379,
        0.6896551724137931,
        0.6896551724137931,
        0.6896551724137931,
        0.6896551724137931,
        0.6896551724137931,
        0.7068965517241379,
        0.7068965517241379,
        0.7068965517241379,
        0.7068965517241379,
        0.7068965517241379,
        0.7068965517241379,
        0.7068965517241379,
        0.7241379310344828,
        0.7068965517241379,
        0.7241379310344828,
        0.7241379310344828,
        0.7241379310344828,
        0.7241379310344828,
        0.7241379310344828,
        0.7241379310344828,
        0.7241379310344828,
        0.7413793103448276,
        0.7241379310344828,
        0.7068965517241379,
        0.7068965517241379,
        0.7068965517241379,
        0.7241379310344828,
        0.7241379310344828
    ],
    "test_loss": [],
    "test_acc": []
}