{
    "train_loss": [
        1.3670122902840376,
        1.3156884033232927,
        1.2773411851376295,
        1.2448599394410849,
        1.2198289074003696,
        1.198851853609085,
        1.1792132928967476,
        1.1625611931085587,
        1.1500616986304522,
        1.1360341310501099,
        1.124012691900134,
        1.1115178633481264,
        1.1002456983551383,
        1.0906633287668228,
        1.0819577751681209,
        1.0716398283839226,
        1.0609200280159712,
        1.0512110125273466,
        1.0406365124508739,
        1.0322192516177893,
        1.0220149885863066,
        1.0131775736808777,
        1.004696593619883,
        0.9962636912241578,
        0.9893026994541287,
        0.9791632471606135,
        0.9719632295891643,
        0.9628921393305063,
        0.95541285071522,
        0.9497440159320831,
        0.9427015893161297,
        0.9366587307304144,
        0.9296963484957814,
        0.9227865114808083,
        0.9156153649091721,
        0.9094683518633246,
        0.9032541243359447,
        0.8990942183881998,
        0.8921073284000158,
        0.887226702645421,
        0.8839084059000015,
        0.8770578913390636,
        0.8738669594749808,
        0.8690562760457397,
        0.8629729002714157,
        0.8615225180983543,
        0.8562534302473068,
        0.8528463318943977,
        0.8484997972846031,
        0.8437042618170381
    ],
    "train_acc": [
        0.318359375,
        0.4014756944444444,
        0.4409722222222222,
        0.45920138888888895,
        0.4822048611111111,
        0.4880642361111111,
        0.5143229166666667,
        0.5201822916666666,
        0.5303819444444444,
        0.54296875,
        0.5490451388888888,
        0.5533854166666667,
        0.5646701388888888,
        0.5740017361111112,
        0.5766059027777777,
        0.5787760416666667,
        0.5907118055555556,
        0.6011284722222222,
        0.609375,
        0.6102430555555555,
        0.6167534722222222,
        0.619140625,
        0.6278211805555556,
        0.6323784722222222,
        0.6354166666666666,
        0.6434461805555556,
        0.6503906250000001,
        0.6516927083333334,
        0.6573350694444444,
        0.66015625,
        0.6627604166666667,
        0.6705729166666667,
        0.6746961805555556,
        0.670138888888889,
        0.6768663194444444,
        0.6801215277777777,
        0.6864149305555556,
        0.6833767361111112,
        0.6940104166666666,
        0.693576388888889,
        0.6959635416666667,
        0.7005208333333333,
        0.6996527777777778,
        0.7022569444444444,
        0.7092013888888888,
        0.7055121527777778,
        0.7076822916666667,
        0.7124565972222222,
        0.714626736111111,
        0.71484375
    ],
    "val_loss": [
        1.3290760442614555,
        1.2862359937280416,
        1.2501152753829956,
        1.2217476982623339,
        1.197635056450963,
        1.1772271767258644,
        1.1592994770035148,
        1.1444592447951436,
        1.1308851363137364,
        1.118005821481347,
        1.1067510703578591,
        1.0944308871403337,
        1.0838895244523883,
        1.0745782777667046,
        1.0654299668967724,
        1.055568895302713,
        1.0451179388910532,
        1.0347879156470299,
        1.0229807626456022,
        1.0167688364163041,
        1.0059788897633553,
        0.9968638215214014,
        0.98819824680686,
        0.9813543716445565,
        0.9706045966595411,
        0.9627874651923776,
        0.956740346737206,
        0.947549169883132,
        0.9391974424943328,
        0.9324838453903794,
        0.926183108240366,
        0.9182262141257524,
        0.9129758486524224,
        0.9071782389655709,
        0.900057059712708,
        0.8936791038140655,
        0.8893275326117873,
        0.881805008277297,
        0.8779677795246243,
        0.8726172279566526,
        0.8688429957255721,
        0.8634885381907225,
        0.858424018137157,
        0.854080568999052,
        0.8511091899126768,
        0.846467480994761,
        0.8417154503986239,
        0.8379969205707312,
        0.8330719885416329,
        0.8297052555717528
    ],
    "val_acc": [
        0.3975694444444444,
        0.4370659722222222,
        0.4635416666666667,
        0.4839409722222222,
        0.49631076388888884,
        0.5173611111111112,
        0.5230034722222222,
        0.537109375,
        0.5494791666666666,
        0.5594618055555556,
        0.5601128472222222,
        0.5672743055555556,
        0.5772569444444444,
        0.5826822916666667,
        0.5889756944444444,
        0.5985243055555556,
        0.6063368055555556,
        0.6148003472222222,
        0.6180555555555556,
        0.6284722222222222,
        0.630859375,
        0.6362847222222221,
        0.6482204861111112,
        0.6417100694444444,
        0.6538628472222221,
        0.6588541666666667,
        0.6608072916666667,
        0.6684027777777778,
        0.66796875,
        0.6759982638888888,
        0.6851128472222222,
        0.6794704861111112,
        0.6859809027777778,
        0.6877170138888888,
        0.6905381944444445,
        0.6940104166666666,
        0.6946614583333334,
        0.701388888888889,
        0.7016059027777779,
        0.7042100694444444,
        0.7105034722222221,
        0.7133246527777778,
        0.7161458333333334,
        0.7133246527777778,
        0.7180989583333333,
        0.7198350694444444,
        0.7224392361111112,
        0.7282986111111112,
        0.724609375,
        0.7215711805555556
    ],
    "test_loss": [],
    "test_acc": []
}