{
    "train_loss": [
        2.103599339723587,
        2.0272826179862022,
        1.991351943463087,
        1.9607787504792213,
        1.9401357993483543,
        1.9217174127697945,
        1.9051030445843935,
        1.890252286568284,
        1.877494253218174,
        1.8648237884044647,
        1.8505836855620146,
        1.8384046759456396,
        1.8240192607045174,
        1.8126464933156967,
        1.79812222532928,
        1.7897723503410816,
        1.77609390206635,
        1.767287116497755,
        1.7579578161239624,
        1.7456345483660698,
        1.7337074130773544,
        1.7219279576092958,
        1.7129490561783314,
        1.7038885112851858,
        1.6950311493128538,
        1.6814862322062254,
        1.6773487832397223,
        1.6642042268067598,
        1.6549333557486534,
        1.6479155197739601,
        1.6446477565914392,
        1.6301956474781036,
        1.6195113882422447,
        1.6121422741562128,
        1.5998335145413876,
        1.5905573144555092,
        1.5814292654395103,
        1.5752414409071207,
        1.5672630313783884,
        1.5589421540498734,
        1.5488821882754564,
        1.541020069271326,
        1.531327722594142,
        1.519807394593954,
        1.5118103511631489,
        1.5039808489382267,
        1.4948077518492937,
        1.4874762315303087,
        1.4791518431156874,
        1.4717008117586374
    ],
    "train_acc": [
        0.3142361111111111,
        0.4177517361111111,
        0.4585503472222222,
        0.48567708333333337,
        0.5119357638888888,
        0.5264756944444444,
        0.5486111111111112,
        0.5631510416666666,
        0.5709635416666666,
        0.5935329861111112,
        0.603298611111111,
        0.6145833333333333,
        0.6276041666666667,
        0.638454861111111,
        0.6467013888888888,
        0.6629774305555556,
        0.6690538194444444,
        0.669921875,
        0.6792534722222222,
        0.6888020833333334,
        0.6963975694444444,
        0.7003038194444444,
        0.7057291666666666,
        0.70703125,
        0.7100694444444444,
        0.7161458333333333,
        0.7183159722222222,
        0.7204861111111112,
        0.7311197916666667,
        0.7263454861111112,
        0.732421875,
        0.7352430555555556,
        0.7330729166666667,
        0.7391493055555556,
        0.7406684027777778,
        0.7463107638888888,
        0.7398003472222222,
        0.7473958333333334,
        0.7506510416666667,
        0.7541232638888888,
        0.7530381944444444,
        0.7478298611111112,
        0.7562934027777778,
        0.7558593750000001,
        0.7584635416666667,
        0.7601996527777777,
        0.7569444444444444,
        0.763671875,
        0.7615017361111112,
        0.7693142361111112
    ],
    "val_loss": [
        2.0368523076176643,
        2.0005254205316305,
        1.9610127974301577,
        1.9378476049751043,
        1.9171024039387703,
        1.8999796528369188,
        1.8854152169078588,
        1.8728818092495203,
        1.857480514794588,
        1.844169471412897,
        1.8324350900948048,
        1.8134535495191813,
        1.8020788095891476,
        1.7976880017668009,
        1.7736943438649178,
        1.7664880249649286,
        1.753226699307561,
        1.7438664454966784,
        1.7384982611984015,
        1.724480003118515,
        1.720944145694375,
        1.7002090457826853,
        1.6916112713515759,
        1.6828177757561207,
        1.6789331678301096,
        1.6640386115759611,
        1.6526211947202682,
        1.6427442133426666,
        1.632640914991498,
        1.6209204979240894,
        1.624507823958993,
        1.608038866892457,
        1.5973136201500893,
        1.5831060111522675,
        1.5791079234331846,
        1.566332733258605,
        1.5595909114927053,
        1.5511366333812475,
        1.539589587599039,
        1.5387648455798626,
        1.530253577977419,
        1.5132175832986832,
        1.5072272084653378,
        1.4957995042204857,
        1.4846165981143713,
        1.493228044360876,
        1.4728186428546906,
        1.4639513585716486,
        1.4442646875977516,
        1.445913840085268
    ],
    "val_acc": [
        0.3980034722222222,
        0.4574652777777778,
        0.4967447916666667,
        0.5112847222222222,
        0.537109375,
        0.5470920138888888,
        0.5713975694444444,
        0.5863715277777778,
        0.5991753472222221,
        0.6141493055555555,
        0.6236979166666667,
        0.6382378472222222,
        0.6512586805555556,
        0.6527777777777777,
        0.6625434027777777,
        0.67578125,
        0.6870659722222222,
        0.6948784722222222,
        0.6922743055555556,
        0.7096354166666667,
        0.7176649305555556,
        0.72265625,
        0.7287326388888888,
        0.7233072916666667,
        0.73046875,
        0.7300347222222222,
        0.7345920138888888,
        0.7350260416666666,
        0.741970486111111,
        0.7450086805555556,
        0.748046875,
        0.7521701388888888,
        0.7471788194444444,
        0.7506510416666666,
        0.7591145833333333,
        0.7584635416666667,
        0.7632378472222222,
        0.7593315972222222,
        0.7664930555555556,
        0.7595486111111112,
        0.7638888888888888,
        0.7686631944444444,
        0.7684461805555556,
        0.7664930555555556,
        0.775390625,
        0.7738715277777778,
        0.7734375,
        0.7760416666666666,
        0.779513888888889,
        0.7838541666666666
    ],
    "test_loss": [],
    "test_acc": []
}