{
    "train_loss": [
        0.8193637728691101,
        0.8205264210700989,
        0.8331678509712219,
        0.8261748552322388,
        0.7764280885457993,
        0.8481382727622986,
        0.7882913798093796,
        0.7835182249546051,
        0.7881142497062683,
        0.7709727436304092,
        0.7361646890640259,
        0.7699036598205566,
        0.7491193562746048,
        0.7724531888961792,
        0.7634774297475815,
        0.7481894791126251,
        0.749717965722084,
        0.7192417532205582,
        0.6973664909601212,
        0.7500678300857544,
        0.7233742028474808,
        0.7183207869529724,
        0.7022391706705093,
        0.7102438062429428,
        0.7208738327026367,
        0.752864420413971,
        0.6775323003530502,
        0.6859369575977325,
        0.7529535740613937,
        0.7293055504560471,
        0.7061832249164581,
        0.6978106945753098,
        0.686238020658493,
        0.7130351662635803,
        0.6922022700309753,
        0.7177855670452118,
        0.688209742307663,
        0.7098259329795837,
        0.6986941695213318,
        0.7159244865179062,
        0.6927113384008408,
        0.6600513756275177,
        0.6988559067249298,
        0.6604861915111542,
        0.6993944644927979,
        0.6544439196586609,
        0.6778619289398193,
        0.6730345040559769,
        0.6252923458814621,
        0.649431049823761
    ],
    "train_acc": [
        0.6646825396825397,
        0.6577380952380953,
        0.6071428571428571,
        0.6220238095238095,
        0.6721230158730159,
        0.6572420634920635,
        0.6607142857142857,
        0.7108134920634921,
        0.7321428571428572,
        0.6999007936507936,
        0.7137896825396824,
        0.6636904761904763,
        0.720734126984127,
        0.6850198412698413,
        0.7242063492063492,
        0.6954365079365079,
        0.716765873015873,
        0.755952380952381,
        0.7495039682539684,
        0.7271825396825398,
        0.7380952380952381,
        0.7450396825396826,
        0.738095238095238,
        0.7271825396825398,
        0.7589285714285714,
        0.7271825396825397,
        0.7703373015873016,
        0.7624007936507936,
        0.7301587301587301,
        0.7410714285714286,
        0.7445436507936508,
        0.7554563492063492,
        0.7698412698412699,
        0.7301587301587301,
        0.7589285714285714,
        0.7514880952380952,
        0.7589285714285714,
        0.7440476190476191,
        0.7514880952380952,
        0.7405753968253967,
        0.7549603174603174,
        0.7837301587301587,
        0.7693452380952381,
        0.7624007936507936,
        0.769345238095238,
        0.7906746031746031,
        0.7301587301587301,
        0.7976190476190477,
        0.8159722222222222,
        0.7872023809523809
    ],
    "val_loss": [
        1.00697660446167,
        0.9859118461608887,
        0.972064733505249,
        0.9603347182273865,
        0.9535998702049255,
        0.9471172094345093,
        0.941514790058136,
        0.9389374852180481,
        0.9318838715553284,
        0.9276971220970154,
        0.9246586561203003,
        0.9204980731010437,
        0.9185206294059753,
        0.9176040291786194,
        0.9141601324081421,
        0.9125313758850098,
        0.9097415804862976,
        0.90756756067276,
        0.9050772190093994,
        0.9042879939079285,
        0.9026130437850952,
        0.9008808732032776,
        0.8994860649108887,
        0.8972402215003967,
        0.8950182795524597,
        0.8939430117607117,
        0.8925724029541016,
        0.8906726241111755,
        0.8885592222213745,
        0.8866420388221741,
        0.8868395090103149,
        0.8851605653762817,
        0.8840347528457642,
        0.8821563720703125,
        0.881773054599762,
        0.8799622058868408,
        0.8798438906669617,
        0.8786414861679077,
        0.8766947984695435,
        0.8764327764511108,
        0.8748533129692078,
        0.8728531002998352,
        0.8709316253662109,
        0.8713441491127014,
        0.8704743385314941,
        0.8705347180366516,
        0.8682345151901245,
        0.8669772744178772,
        0.8655231595039368,
        0.8649271726608276
    ],
    "val_acc": [
        0.6551724137931034,
        0.6551724137931034,
        0.6724137931034483,
        0.6724137931034483,
        0.6896551724137931,
        0.6896551724137931,
        0.6896551724137931,
        0.6724137931034483,
        0.6724137931034483,
        0.6724137931034483,
        0.6724137931034483,
        0.6724137931034483,
        0.6724137931034483,
        0.6724137931034483,
        0.6724137931034483,
        0.6724137931034483,
        0.6896551724137931,
        0.6896551724137931,
        0.6896551724137931,
        0.6896551724137931,
        0.6896551724137931,
        0.6896551724137931,
        0.6896551724137931,
        0.6896551724137931,
        0.6896551724137931,
        0.6724137931034483,
        0.6724137931034483,
        0.6724137931034483,
        0.6724137931034483,
        0.6724137931034483,
        0.6724137931034483,
        0.6724137931034483,
        0.6724137931034483,
        0.6724137931034483,
        0.6724137931034483,
        0.6724137931034483,
        0.6724137931034483,
        0.6724137931034483,
        0.6896551724137931,
        0.6896551724137931,
        0.6896551724137931,
        0.6896551724137931,
        0.6896551724137931,
        0.6896551724137931,
        0.6896551724137931,
        0.7068965517241379,
        0.6896551724137931,
        0.6896551724137931,
        0.6896551724137931,
        0.6896551724137931
    ],
    "test_loss": [],
    "test_acc": []
}