{
    "train_loss": [
        2.1519008241593838,
        2.048502439633012,
        2.010749591514468,
        1.9811488818377256,
        1.9536301344633102,
        1.9309214055538177,
        1.9112986493855715,
        1.894169358536601,
        1.8806668985635042,
        1.8661162033677101,
        1.8559139836579561,
        1.843316687270999,
        1.8330963104963303,
        1.825749671086669,
        1.8163127470761538,
        1.8071296140551567,
        1.7988352794200182,
        1.790010828524828,
        1.7847449965775013,
        1.774689743295312,
        1.77101856097579,
        1.7629729583859444,
        1.7578139435499907,
        1.7483386788517237,
        1.7423193287104368,
        1.7361512910574675,
        1.7295494824647903,
        1.723209599032998,
        1.722635569050908,
        1.711408594623208,
        1.7073435075581074,
        1.6996700186282396,
        1.6913613844662905,
        1.6901467014104128,
        1.6802767626941204,
        1.6738897394388914,
        1.6693050507456064,
        1.6620278544723988,
        1.6554595548659563,
        1.6494737565517426,
        1.6442289557307959,
        1.6381258647888899,
        1.6308454237878323,
        1.6260263919830322,
        1.6192859299480915,
        1.6150764264166355,
        1.6082752123475075,
        1.5992760844528675,
        1.5922060254961252,
        1.5891176033765078
    ],
    "train_acc": [
        0.3092447916666667,
        0.4053819444444444,
        0.443359375,
        0.501953125,
        0.5279947916666666,
        0.5499131944444444,
        0.5638020833333333,
        0.5872395833333334,
        0.5954861111111112,
        0.6117621527777777,
        0.6239149305555556,
        0.6321614583333333,
        0.6360677083333334,
        0.6432291666666667,
        0.6534288194444444,
        0.6551649305555556,
        0.672092013888889,
        0.6712239583333333,
        0.6751302083333334,
        0.6827256944444444,
        0.6872829861111112,
        0.6898871527777777,
        0.6996527777777778,
        0.7039930555555556,
        0.7022569444444444,
        0.7078993055555556,
        0.7172309027777777,
        0.7180989583333333,
        0.7183159722222223,
        0.7194010416666667,
        0.7185329861111112,
        0.7237413194444444,
        0.7252604166666666,
        0.7269965277777778,
        0.7319878472222223,
        0.7313368055555555,
        0.7313368055555555,
        0.7322048611111112,
        0.7371961805555556,
        0.7437065972222223,
        0.7404513888888888,
        0.7413194444444444,
        0.7456597222222222,
        0.7450086805555556,
        0.7478298611111112,
        0.7463107638888888,
        0.7517361111111112,
        0.7469618055555555,
        0.7526041666666667,
        0.7502170138888888
    ],
    "val_loss": [
        2.0616037622094154,
        2.019633734598756,
        1.9875941257923841,
        1.9660988803952932,
        1.9305900782346725,
        1.9070125296711922,
        1.8910135813057423,
        1.8741063568741083,
        1.8634117729961872,
        1.8477080501616001,
        1.8384263254702091,
        1.825585886836052,
        1.8192868512123823,
        1.8094900604337454,
        1.801514446735382,
        1.7973790261894464,
        1.7820228300988674,
        1.772316101938486,
        1.7651053704321384,
        1.7583454623818398,
        1.755780078470707,
        1.748125646263361,
        1.7363797891885042,
        1.7315639648586512,
        1.7222920469939709,
        1.7177091985940933,
        1.7106315270066261,
        1.709459723904729,
        1.7018317729234695,
        1.6930046882480383,
        1.691660525277257,
        1.6810491010546684,
        1.6808218024671078,
        1.6702002417296171,
        1.6659344397485256,
        1.6581054255366325,
        1.6479691565036774,
        1.6431093346327543,
        1.6390295512974262,
        1.6302854754030704,
        1.6279018726199865,
        1.619711048901081,
        1.6082074511796236,
        1.6086364183574915,
        1.5975762642920017,
        1.6012401096522808,
        1.5841802675276995,
        1.5767776556313038,
        1.5687377154827118,
        1.5714929271489382
    ],
    "val_acc": [
        0.39713541666666663,
        0.4420572916666667,
        0.4943576388888889,
        0.5334201388888888,
        0.5559895833333333,
        0.5709635416666667,
        0.595703125,
        0.6052517361111112,
        0.6176215277777778,
        0.6260850694444444,
        0.6430121527777778,
        0.6458333333333333,
        0.6529947916666667,
        0.6616753472222221,
        0.668185763888889,
        0.6801215277777777,
        0.68359375,
        0.693142361111111,
        0.6942274305555556,
        0.7007378472222222,
        0.7009548611111112,
        0.7094184027777778,
        0.7092013888888888,
        0.7152777777777778,
        0.7115885416666667,
        0.7220052083333334,
        0.7289496527777778,
        0.7296006944444444,
        0.7309027777777778,
        0.7361111111111112,
        0.7330729166666666,
        0.7384982638888888,
        0.7389322916666667,
        0.7437065972222222,
        0.7378472222222221,
        0.7469618055555556,
        0.7432725694444444,
        0.74609375,
        0.7515190972222223,
        0.7545572916666666,
        0.7593315972222222,
        0.7504340277777777,
        0.7517361111111112,
        0.7588975694444444,
        0.7610677083333334,
        0.7634548611111112,
        0.7582465277777777,
        0.7601996527777778,
        0.7682291666666667,
        0.7717013888888888
    ],
    "test_loss": [],
    "test_acc": []
}