{
    "train_loss": [
        1.8095189034938812,
        1.7787445783615112,
        1.7019440531730652,
        1.6843825578689575,
        1.6631896197795868,
        1.6894734501838684,
        1.6740658283233643,
        1.631059616804123,
        1.6311705708503723,
        1.643163800239563,
        1.5920966565608978,
        1.6291410028934479,
        1.5390930771827698,
        1.619502067565918,
        1.523905336856842,
        1.598122924566269,
        1.5867455303668976,
        1.53542160987854,
        1.5823038816452026,
        1.5432003736495972,
        1.5368530750274658,
        1.542313426733017,
        1.4494787454605103,
        1.443082481622696,
        1.5358864665031433,
        1.4354187846183777,
        1.405912846326828,
        1.4605655670166016,
        1.4157530069351196,
        1.4374056160449982,
        1.450368732213974,
        1.442312330007553,
        1.4660704135894775,
        1.436134934425354,
        1.4372547268867493,
        1.4797836244106293,
        1.414719432592392,
        1.3616095781326294,
        1.3981879949569702,
        1.3628437519073486,
        1.3360322713851929,
        1.3537505865097046,
        1.3672215938568115,
        1.4311698973178864,
        1.3268823325634003,
        1.3677154183387756,
        1.3776040077209473,
        1.35232412815094,
        1.3778135180473328,
        1.3093385994434357
    ],
    "train_acc": [
        0.6041666666666667,
        0.628968253968254,
        0.6537698412698413,
        0.6924603174603174,
        0.6319444444444444,
        0.6889880952380953,
        0.7177579365079365,
        0.6780753968253969,
        0.6532738095238095,
        0.6994047619047619,
        0.6924603174603176,
        0.6919642857142857,
        0.7316468253968255,
        0.7242063492063492,
        0.7172619047619048,
        0.6954365079365079,
        0.6810515873015872,
        0.7346230158730158,
        0.7058531746031745,
        0.7380952380952381,
        0.7450396825396826,
        0.7127976190476191,
        0.7594246031746031,
        0.7380952380952381,
        0.6840277777777778,
        0.7628968253968255,
        0.7628968253968255,
        0.7410714285714286,
        0.795138888888889,
        0.7341269841269842,
        0.751984126984127,
        0.7485119047619047,
        0.7301587301587301,
        0.7837301587301587,
        0.7767857142857143,
        0.7157738095238095,
        0.7589285714285714,
        0.7733134920634921,
        0.7802579365079365,
        0.7405753968253969,
        0.7911706349206349,
        0.7549603174603174,
        0.744047619047619,
        0.7118055555555556,
        0.7728174603174602,
        0.7728174603174602,
        0.7762896825396826,
        0.7728174603174602,
        0.7400793650793651,
        0.7653769841269842
    ],
    "val_loss": [
        1.9111108779907227,
        1.8805569410324097,
        1.8639345169067383,
        1.8541383743286133,
        1.8493049144744873,
        1.8422491550445557,
        1.8381595611572266,
        1.8326640129089355,
        1.8275706768035889,
        1.824371099472046,
        1.820421814918518,
        1.8173267841339111,
        1.8139872550964355,
        1.8091061115264893,
        1.8039445877075195,
        1.7968535423278809,
        1.791208028793335,
        1.7836849689483643,
        1.77602219581604,
        1.7696350812911987,
        1.7638362646102905,
        1.7594554424285889,
        1.7535209655761719,
        1.752047061920166,
        1.747610330581665,
        1.7444509267807007,
        1.740437388420105,
        1.7374367713928223,
        1.7333084344863892,
        1.7330901622772217,
        1.730985403060913,
        1.7273828983306885,
        1.7229580879211426,
        1.7175382375717163,
        1.7150897979736328,
        1.713646650314331,
        1.7126905918121338,
        1.7091405391693115,
        1.7067034244537354,
        1.7046222686767578,
        1.6998414993286133,
        1.6968152523040771,
        1.6954224109649658,
        1.690598487854004,
        1.6890389919281006,
        1.6883373260498047,
        1.6847975254058838,
        1.6825525760650635,
        1.6773440837860107,
        1.6763598918914795
    ],
    "val_acc": [
        0.603448275862069,
        0.5517241379310345,
        0.5689655172413793,
        0.5689655172413793,
        0.5689655172413793,
        0.5689655172413793,
        0.5689655172413793,
        0.5517241379310345,
        0.5862068965517241,
        0.5862068965517241,
        0.6206896551724138,
        0.6206896551724138,
        0.6379310344827587,
        0.6206896551724138,
        0.6379310344827587,
        0.6206896551724138,
        0.6206896551724138,
        0.6206896551724138,
        0.6206896551724138,
        0.6206896551724138,
        0.6206896551724138,
        0.6206896551724138,
        0.6206896551724138,
        0.6206896551724138,
        0.6206896551724138,
        0.6206896551724138,
        0.6206896551724138,
        0.6206896551724138,
        0.6379310344827587,
        0.6379310344827587,
        0.6551724137931034,
        0.6551724137931034,
        0.6551724137931034,
        0.6551724137931034,
        0.6551724137931034,
        0.6379310344827587,
        0.6379310344827587,
        0.6379310344827587,
        0.6551724137931034,
        0.6551724137931034,
        0.6551724137931034,
        0.6551724137931034,
        0.6724137931034483,
        0.6551724137931034,
        0.6551724137931034,
        0.6551724137931034,
        0.6896551724137931,
        0.6896551724137931,
        0.6896551724137931,
        0.7068965517241379
    ],
    "test_loss": [],
    "test_acc": []
}