{
    "train_loss": [
        1.9495115876197815,
        1.9147338569164276,
        1.9044452905654907,
        1.8942434787750244,
        1.8893137276172638,
        1.8289026021957397,
        1.825161874294281,
        1.8511237502098083,
        1.8399254083633423,
        1.7848029136657715,
        1.8525670170783997,
        1.7954232692718506,
        1.815559297800064,
        1.8479269444942474,
        1.770279973745346,
        1.7997620701789856,
        1.7791836857795715,
        1.7736440002918243,
        1.7534440755844116,
        1.689316302537918,
        1.765419989824295,
        1.7291399836540222,
        1.7492360472679138,
        1.7246389389038086,
        1.6792050004005432,
        1.6802303194999695,
        1.7494297325611115,
        1.749141126871109,
        1.7080970108509064,
        1.6657289564609528,
        1.7084778547286987,
        1.6823239922523499,
        1.6841625273227692,
        1.64852973818779,
        1.6703191995620728,
        1.6619970500469208,
        1.6424072086811066,
        1.647674024105072,
        1.6378288865089417,
        1.629553884267807,
        1.6487652957439423,
        1.6908059120178223,
        1.5908919274806976,
        1.6537407040596008,
        1.6268936097621918,
        1.5987964868545532,
        1.5973811447620392,
        1.6242505311965942,
        1.637085646390915,
        1.6003133952617645
    ],
    "train_acc": [
        0.6641865079365079,
        0.6532738095238095,
        0.6676587301587301,
        0.6671626984126984,
        0.663690476190476,
        0.7137896825396826,
        0.7172619047619048,
        0.6884920634920635,
        0.699404761904762,
        0.7495039682539684,
        0.6597222222222222,
        0.7524801587301587,
        0.6770833333333334,
        0.7341269841269842,
        0.716765873015873,
        0.691468253968254,
        0.7559523809523809,
        0.7663690476190477,
        0.7698412698412699,
        0.7624007936507936,
        0.7088293650793651,
        0.748015873015873,
        0.7336309523809524,
        0.748015873015873,
        0.805059523809524,
        0.7762896825396826,
        0.7043650793650793,
        0.726190476190476,
        0.761904761904762,
        0.7867063492063492,
        0.7797619047619048,
        0.808531746031746,
        0.7291666666666666,
        0.8045634920634921,
        0.829861111111111,
        0.7906746031746031,
        0.8258928571428572,
        0.7971230158730158,
        0.8149801587301587,
        0.7827380952380952,
        0.753968253968254,
        0.753968253968254,
        0.8506944444444444,
        0.8075396825396824,
        0.8293650793650793,
        0.8219246031746031,
        0.8363095238095237,
        0.7718253968253969,
        0.8288690476190477,
        0.8253968253968255
    ],
    "val_loss": [
        1.9450149536132812,
        1.936118245124817,
        1.932145595550537,
        1.929910659790039,
        1.9271453619003296,
        1.9208014011383057,
        1.9138898849487305,
        1.908941626548767,
        1.9047921895980835,
        1.9030104875564575,
        1.9019615650177002,
        1.8991315364837646,
        1.8970928192138672,
        1.8961308002471924,
        1.895696997642517,
        1.8956184387207031,
        1.8967435359954834,
        1.8959429264068604,
        1.894439697265625,
        1.894229769706726,
        1.894709587097168,
        1.8928338289260864,
        1.8929468393325806,
        1.893085241317749,
        1.8948278427124023,
        1.895187258720398,
        1.8943942785263062,
        1.894377589225769,
        1.8940153121948242,
        1.8930981159210205,
        1.8924566507339478,
        1.8918155431747437,
        1.8908581733703613,
        1.890764832496643,
        1.8897956609725952,
        1.8900833129882812,
        1.8900429010391235,
        1.8901164531707764,
        1.8906073570251465,
        1.8899476528167725,
        1.888965129852295,
        1.8893840312957764,
        1.8896965980529785,
        1.8897252082824707,
        1.8907071352005005,
        1.8912118673324585,
        1.8905670642852783,
        1.890207290649414,
        1.8896896839141846,
        1.8897786140441895
    ],
    "val_acc": [
        0.7931034482758621,
        0.7931034482758621,
        0.7758620689655172,
        0.7586206896551724,
        0.7586206896551724,
        0.7586206896551724,
        0.7586206896551724,
        0.7758620689655172,
        0.7758620689655172,
        0.7758620689655172,
        0.7931034482758621,
        0.7931034482758621,
        0.7931034482758621,
        0.7931034482758621,
        0.7931034482758621,
        0.7931034482758621,
        0.7931034482758621,
        0.8103448275862069,
        0.8103448275862069,
        0.8103448275862069,
        0.8103448275862069,
        0.8103448275862069,
        0.8103448275862069,
        0.8103448275862069,
        0.8103448275862069,
        0.8103448275862069,
        0.8103448275862069,
        0.8103448275862069,
        0.8103448275862069,
        0.8103448275862069,
        0.8103448275862069,
        0.8103448275862069,
        0.8103448275862069,
        0.8103448275862069,
        0.8103448275862069,
        0.8103448275862069,
        0.8275862068965517,
        0.8103448275862069,
        0.8275862068965517,
        0.8275862068965517,
        0.8275862068965517,
        0.8275862068965517,
        0.8275862068965517,
        0.8275862068965517,
        0.8275862068965517,
        0.8275862068965517,
        0.8275862068965517,
        0.8275862068965517,
        0.8275862068965517,
        0.8275862068965517
    ],
    "test_loss": [],
    "test_acc": []
}