{
    "train_loss": [
        2.1078181751072407,
        2.036041820421815,
        2.0049086287617683,
        1.9817811883985996,
        1.9605041164904833,
        1.9456647485494614,
        1.9346552230417728,
        1.9179030489176512,
        1.9052345883101225,
        1.8922706060111523,
        1.8782476969063282,
        1.8721260447055101,
        1.855132631957531,
        1.846514431759715,
        1.8335982952266932,
        1.8191578835248947,
        1.805098820477724,
        1.7990776840597391,
        1.7851519957184792,
        1.7738890629261732,
        1.7631697170436382,
        1.748775977641344,
        1.7412639297544956,
        1.7295804023742676,
        1.7220446858555079,
        1.7131845504045486,
        1.7040611673146486,
        1.6912781801074743,
        1.6829165872186422,
        1.6776519697159529,
        1.6673810817301273,
        1.65394052490592,
        1.6450684685260057,
        1.6356108747422695,
        1.627548974007368,
        1.6189117394387722,
        1.6084886863827705,
        1.6001034080982208,
        1.5899817626923323,
        1.5853509828448296,
        1.5727199576795101,
        1.563309608027339,
        1.550089055672288,
        1.543066456913948,
        1.533684067428112,
        1.5235410034656525,
        1.5126048400998116,
        1.5018274020403624,
        1.5000074934214354,
        1.4868484735488892
    ],
    "train_acc": [
        0.31510416666666663,
        0.4038628472222222,
        0.4539930555555556,
        0.4756944444444444,
        0.5052083333333333,
        0.5143229166666666,
        0.5234375,
        0.5405815972222223,
        0.5486111111111112,
        0.5648871527777779,
        0.5783420138888888,
        0.5859375,
        0.6059027777777777,
        0.6100260416666667,
        0.6184895833333333,
        0.6312934027777777,
        0.6458333333333334,
        0.6499565972222222,
        0.6623263888888888,
        0.6690538194444444,
        0.6714409722222223,
        0.6872829861111112,
        0.6883680555555556,
        0.6918402777777778,
        0.6979166666666667,
        0.7024739583333333,
        0.7033420138888888,
        0.7081163194444444,
        0.7120225694444444,
        0.7159288194444444,
        0.7120225694444444,
        0.7200520833333333,
        0.7222222222222222,
        0.7239583333333333,
        0.7254774305555556,
        0.7302517361111112,
        0.7313368055555556,
        0.734375,
        0.7313368055555556,
        0.7374131944444444,
        0.7434895833333334,
        0.7371961805555556,
        0.7378472222222222,
        0.7473958333333334,
        0.7369791666666666,
        0.7434895833333333,
        0.7473958333333334,
        0.7458767361111112,
        0.7439236111111112,
        0.7521701388888888
    ],
    "val_loss": [
        2.047676343470812,
        2.0093809086829424,
        1.9813255667686462,
        1.9603783376514912,
        1.9446261823177338,
        1.9261200316250324,
        1.9118432607501745,
        1.8990148529410362,
        1.8859639409929514,
        1.8749127611517906,
        1.8603143710643053,
        1.8484429605305195,
        1.8373660650104284,
        1.8242466878145933,
        1.8080809358507395,
        1.7991527486592531,
        1.7868046425282955,
        1.7754213400185108,
        1.7676274850964546,
        1.750282783061266,
        1.739083094522357,
        1.7314064167439938,
        1.7144210562109947,
        1.708250179886818,
        1.7041726093739271,
        1.697071311995387,
        1.6776681914925575,
        1.676337730139494,
        1.6659908518195152,
        1.6518476139754057,
        1.6494644191116095,
        1.6281662099063396,
        1.6356364842504263,
        1.612696498632431,
        1.59856279194355,
        1.588782824575901,
        1.5859373044222593,
        1.5795493572950363,
        1.5711281206458807,
        1.572726957499981,
        1.5448404178023338,
        1.536886140704155,
        1.5225118715316057,
        1.5179093834012747,
        1.5027093328535557,
        1.4930760134011507,
        1.4860340114682913,
        1.493038821965456,
        1.4647822137922049,
        1.4666649773716927
    ],
    "val_acc": [
        0.39583333333333337,
        0.4483506944444445,
        0.482421875,
        0.5067274305555556,
        0.5238715277777778,
        0.5386284722222221,
        0.5540364583333333,
        0.5592447916666666,
        0.5757378472222223,
        0.5907118055555556,
        0.5989583333333334,
        0.60546875,
        0.6236979166666666,
        0.6306423611111112,
        0.6475694444444444,
        0.6558159722222223,
        0.6644965277777778,
        0.6731770833333333,
        0.6759982638888888,
        0.6883680555555556,
        0.6959635416666666,
        0.703125,
        0.7081163194444444,
        0.7065972222222223,
        0.7120225694444445,
        0.715060763888889,
        0.7178819444444444,
        0.724609375,
        0.7235243055555556,
        0.7306857638888888,
        0.7352430555555556,
        0.7335069444444444,
        0.7322048611111112,
        0.7378472222222221,
        0.7419704861111112,
        0.7406684027777778,
        0.7476128472222221,
        0.748046875,
        0.7504340277777778,
        0.7506510416666667,
        0.7491319444444444,
        0.7513020833333334,
        0.7554253472222222,
        0.7534722222222222,
        0.7578125,
        0.7562934027777778,
        0.7554253472222222,
        0.7580295138888888,
        0.7615017361111112,
        0.7623697916666667
    ],
    "test_loss": [],
    "test_acc": []
}