{
    "train_loss": [
        2.0743925534188747,
        1.9998299591243267,
        1.9535308238118887,
        1.910465244203806,
        1.872292598709464,
        1.8466718010604382,
        1.8206047024577856,
        1.7964728977531195,
        1.7738252114504576,
        1.7544004395604134,
        1.7336340826004744,
        1.7151688672602177,
        1.7010798137634993,
        1.6796905640512705,
        1.663646126165986,
        1.649489501491189,
        1.6336741726845503,
        1.6184922736138105,
        1.603211423382163,
        1.581163054332137,
        1.5668666809797287,
        1.5512492172420025,
        1.5422162003815174,
        1.5281345322728157,
        1.510648388415575,
        1.496566791087389,
        1.4797643274068832,
        1.4651078805327415,
        1.4551885686814785,
        1.4422973208129406,
        1.4277703948318958,
        1.412640394642949,
        1.399334441870451,
        1.390873672440648,
        1.3726948630064726,
        1.361702211201191,
        1.3428325057029724,
        1.3372396770864725,
        1.3255919124931097,
        1.3109345454722643,
        1.3032595664262772,
        1.283101912587881,
        1.2732573635876179,
        1.2607096079736948,
        1.2479149345308542,
        1.23822514526546,
        1.2300773486495018,
        1.2144883498549461,
        1.202650192193687,
        1.192962983623147
    ],
    "train_acc": [
        0.3240017361111111,
        0.4110243055555556,
        0.4522569444444444,
        0.470703125,
        0.505859375,
        0.51171875,
        0.5347222222222223,
        0.5418836805555556,
        0.552734375,
        0.5633680555555556,
        0.5770399305555556,
        0.5815972222222223,
        0.5933159722222222,
        0.601345486111111,
        0.6117621527777778,
        0.623046875,
        0.6297743055555556,
        0.6356336805555556,
        0.6382378472222222,
        0.650390625,
        0.6510416666666667,
        0.6551649305555556,
        0.6627604166666667,
        0.6664496527777777,
        0.6712239583333334,
        0.6723090277777778,
        0.6751302083333333,
        0.6831597222222223,
        0.6842447916666666,
        0.6822916666666666,
        0.6898871527777777,
        0.685546875,
        0.6937934027777778,
        0.695095486111111,
        0.6996527777777778,
        0.6996527777777778,
        0.7022569444444444,
        0.7042100694444444,
        0.7078993055555556,
        0.7137586805555556,
        0.7113715277777779,
        0.7111545138888888,
        0.7120225694444444,
        0.7176649305555556,
        0.71875,
        0.7194010416666666,
        0.7202690972222222,
        0.7165798611111112,
        0.7220052083333334,
        0.7254774305555556
    ],
    "val_loss": [
        2.013348139822483,
        1.962840337306261,
        1.9386528935283422,
        1.8728145621716976,
        1.8488723300397396,
        1.8298743218183517,
        1.789621690288186,
        1.7641916833817959,
        1.7455890513956547,
        1.727400992065668,
        1.703130753710866,
        1.6901956368237734,
        1.671666707843542,
        1.6595040876418352,
        1.6369234807789326,
        1.6197965405881405,
        1.6007905453443527,
        1.5852753315120935,
        1.5742097217589617,
        1.5486712157726288,
        1.5382466483861208,
        1.5324759352952242,
        1.5146651063114405,
        1.4983103051781654,
        1.4855860155075788,
        1.4739281479269266,
        1.450078183785081,
        1.434377433732152,
        1.4317509159445763,
        1.4150142055004835,
        1.4097956959158182,
        1.380863405764103,
        1.3738961443305016,
        1.3601935962215066,
        1.3445671619847417,
        1.3365477751940489,
        1.3254206785932183,
        1.3079597521573305,
        1.3013223567977548,
        1.2839294523000717,
        1.2701185625046492,
        1.2707029143348336,
        1.242809179238975,
        1.2347785662859678,
        1.223491033539176,
        1.223115242086351,
        1.1970949107781053,
        1.1833699010312557,
        1.1883053667843342,
        1.1599413305521011
    ],
    "val_acc": [
        0.392578125,
        0.45247395833333337,
        0.474609375,
        0.4989149305555556,
        0.5093315972222222,
        0.5355902777777777,
        0.5475260416666667,
        0.5629340277777778,
        0.5785590277777778,
        0.5861545138888888,
        0.5909288194444444,
        0.5985243055555556,
        0.6137152777777778,
        0.6228298611111112,
        0.6280381944444444,
        0.6388888888888888,
        0.6447482638888888,
        0.648654513888889,
        0.6614583333333334,
        0.6577690972222222,
        0.6653645833333333,
        0.6657986111111112,
        0.6714409722222221,
        0.677517361111111,
        0.6903211805555555,
        0.6848958333333334,
        0.6825086805555556,
        0.689453125,
        0.6918402777777778,
        0.7016059027777778,
        0.7039930555555556,
        0.7000868055555555,
        0.7111545138888888,
        0.7078993055555556,
        0.7078993055555556,
        0.7157118055555556,
        0.7111545138888888,
        0.7141927083333333,
        0.7180989583333334,
        0.720703125,
        0.7202690972222222,
        0.7261284722222222,
        0.7252604166666666,
        0.7213541666666667,
        0.7261284722222223,
        0.7287326388888888,
        0.7261284722222222,
        0.7330729166666666,
        0.7376302083333333,
        0.7311197916666666
    ],
    "test_loss": [],
    "test_acc": []
}