{
    "train_loss": [
        2.1977922543883324,
        2.0468511935323477,
        1.95952052436769,
        1.8831807170063257,
        1.8285885825753212,
        1.7869339436292648,
        1.7569820638746023,
        1.73071701079607,
        1.706756103783846,
        1.691975237801671,
        1.671566840261221,
        1.6543562728911638,
        1.6422355473041534,
        1.6272061858326197,
        1.6123875454068184,
        1.6004985738545656,
        1.5852092560380697,
        1.5769224558025599,
        1.5670190956443548,
        1.5533310119062662,
        1.5430285707116127,
        1.5265137255191803,
        1.520782994106412,
        1.508885072544217,
        1.493941904976964,
        1.485900055617094,
        1.476916866376996,
        1.4650823995471,
        1.4525934476405382,
        1.4379467610269785,
        1.4275549948215485,
        1.4186202604323626,
        1.4076673947274685,
        1.3954848293215036,
        1.3845434412360191,
        1.3791386410593987,
        1.3645060621201992,
        1.3528498355299234,
        1.3426897749304771,
        1.3302277233451605,
        1.317077437415719,
        1.3164695389568806,
        1.303006824105978,
        1.290521152317524,
        1.2815289925783873,
        1.2725026495754719,
        1.2599920071661472,
        1.2485910598188639,
        1.2365563828498125,
        1.2307424955070019
    ],
    "train_acc": [
        0.3233506944444444,
        0.4268663194444444,
        0.48046875,
        0.5164930555555556,
        0.5345052083333334,
        0.5553385416666667,
        0.568359375,
        0.5809461805555556,
        0.58984375,
        0.5933159722222222,
        0.6000434027777778,
        0.6032986111111112,
        0.6184895833333333,
        0.6180555555555556,
        0.625,
        0.6293402777777779,
        0.6293402777777777,
        0.6345486111111112,
        0.6343315972222222,
        0.6384548611111112,
        0.6430121527777778,
        0.6493055555555556,
        0.6482204861111112,
        0.65625,
        0.6592881944444444,
        0.6625434027777778,
        0.6629774305555556,
        0.6623263888888888,
        0.6668836805555556,
        0.6675347222222223,
        0.6720920138888888,
        0.6740451388888888,
        0.6786024305555556,
        0.6770833333333333,
        0.6803385416666666,
        0.6805555555555556,
        0.6879340277777777,
        0.6888020833333334,
        0.6840277777777779,
        0.6875,
        0.6944444444444444,
        0.6959635416666667,
        0.6937934027777778,
        0.6985677083333333,
        0.7046440972222221,
        0.6963975694444444,
        0.6979166666666667,
        0.7007378472222222,
        0.7065972222222222,
        0.705078125
    ],
    "val_loss": [
        2.0818858575075865,
        1.9872779548168182,
        1.8980848100036383,
        1.838594101369381,
        1.7887440100312233,
        1.755372567102313,
        1.727832032367587,
        1.7031130660325289,
        1.6854383777827024,
        1.676003947854042,
        1.6460747383534908,
        1.629450261592865,
        1.6226043924689293,
        1.600491713732481,
        1.6031825635582209,
        1.5764178950339556,
        1.5690510217100382,
        1.5531329307705164,
        1.5426622219383717,
        1.5317370314151049,
        1.5149710588157177,
        1.5090364199131727,
        1.500838104635477,
        1.491245536133647,
        1.4736133106052876,
        1.4596811886876822,
        1.4590489845722914,
        1.4463631939142942,
        1.430590694770217,
        1.4177881143987179,
        1.4139353670179844,
        1.393296416848898,
        1.3797314576804638,
        1.3700561486184597,
        1.365894278511405,
        1.3477383200079203,
        1.3491849191486835,
        1.3326045759022236,
        1.3221410270780325,
        1.305034562945366,
        1.307472713291645,
        1.289279980584979,
        1.2777244094759226,
        1.2644889522343874,
        1.2562701180577278,
        1.2430629273876548,
        1.2367330975830555,
        1.2218831162899733,
        1.2091974895447493,
        1.2139222081750631
    ],
    "val_acc": [
        0.40017361111111116,
        0.46354166666666674,
        0.5093315972222222,
        0.538845486111111,
        0.5577256944444444,
        0.5694444444444444,
        0.5833333333333334,
        0.5922309027777777,
        0.5948350694444444,
        0.6026475694444444,
        0.61328125,
        0.615234375,
        0.6226128472222222,
        0.625,
        0.6328125,
        0.6343315972222223,
        0.6382378472222222,
        0.6395399305555556,
        0.64453125,
        0.6497395833333334,
        0.6527777777777778,
        0.6540798611111112,
        0.6579861111111112,
        0.6605902777777778,
        0.6627604166666667,
        0.6684027777777778,
        0.6644965277777779,
        0.6731770833333334,
        0.67578125,
        0.6773003472222222,
        0.6768663194444444,
        0.6827256944444444,
        0.6829427083333334,
        0.6844618055555556,
        0.6846788194444444,
        0.6898871527777778,
        0.6940104166666666,
        0.693359375,
        0.6994357638888888,
        0.6987847222222223,
        0.6994357638888888,
        0.7044270833333334,
        0.7074652777777778,
        0.7024739583333333,
        0.7072482638888888,
        0.7065972222222221,
        0.7094184027777777,
        0.708767361111111,
        0.7085503472222222,
        0.7163628472222223
    ],
    "test_loss": [],
    "test_acc": []
}