{
    "train_loss": [
        1.9568440914154053,
        1.7403156459331512,
        1.8141098320484161,
        1.7962201833724976,
        1.7064586281776428,
        1.635085642337799,
        1.7123024463653564,
        1.688592940568924,
        1.629918247461319,
        1.6881016790866852,
        1.559329867362976,
        1.6473023891448975,
        1.6220144927501678,
        1.549241453409195,
        1.52077978849411,
        1.596736580133438,
        1.5595313906669617,
        1.5623090863227844,
        1.5560106039047241,
        1.6115010976791382,
        1.5606349110603333,
        1.5647171139717102,
        1.4170556664466858,
        1.4967992007732391,
        1.4538105130195618,
        1.433919906616211,
        1.4515450298786163,
        1.4227273762226105,
        1.4238349795341492,
        1.4191967248916626,
        1.4135156273841858,
        1.402592420578003,
        1.3533788323402405,
        1.3692345917224884,
        1.4289635717868805,
        1.4060037434101105,
        1.335827887058258,
        1.4192769527435303,
        1.401169776916504,
        1.3718395829200745,
        1.3425562679767609,
        1.322399228811264,
        1.316448450088501,
        1.3181190192699432,
        1.3456894159317017,
        1.2980745136737823,
        1.2768448293209076,
        1.3609285652637482,
        1.3062375783920288,
        1.319130688905716
    ],
    "train_acc": [
        0.6646825396825398,
        0.6572420634920635,
        0.5962301587301587,
        0.6423611111111112,
        0.6750992063492064,
        0.7073412698412699,
        0.6388888888888888,
        0.6785714285714286,
        0.6999007936507936,
        0.660218253968254,
        0.7212301587301587,
        0.6567460317460316,
        0.6706349206349207,
        0.6884920634920635,
        0.7599206349206349,
        0.6775793650793651,
        0.716765873015873,
        0.7028769841269842,
        0.6845238095238095,
        0.670138888888889,
        0.6845238095238095,
        0.6304563492063492,
        0.7351190476190477,
        0.6909722222222222,
        0.7663690476190477,
        0.7127976190476191,
        0.755952380952381,
        0.7271825396825398,
        0.7876984126984128,
        0.7415674603174603,
        0.7306547619047619,
        0.7445436507936508,
        0.7802579365079365,
        0.7698412698412699,
        0.748015873015873,
        0.7514880952380953,
        0.7589285714285714,
        0.7336309523809524,
        0.7405753968253967,
        0.769345238095238,
        0.722718253968254,
        0.7837301587301587,
        0.7981150793650793,
        0.7514880952380952,
        0.7619047619047619,
        0.7584325396825397,
        0.8154761904761905,
        0.7653769841269842,
        0.7544642857142857,
        0.7400793650793651
    ],
    "val_loss": [
        1.873993158340454,
        1.8375217914581299,
        1.8199341297149658,
        1.8093111515045166,
        1.7996588945388794,
        1.789360523223877,
        1.781899333000183,
        1.7760226726531982,
        1.7719669342041016,
        1.767302393913269,
        1.7610750198364258,
        1.7517731189727783,
        1.7450374364852905,
        1.7381231784820557,
        1.7335275411605835,
        1.7266016006469727,
        1.723015308380127,
        1.7158446311950684,
        1.7127282619476318,
        1.708937406539917,
        1.707559585571289,
        1.7030460834503174,
        1.6993680000305176,
        1.6973497867584229,
        1.696282148361206,
        1.6935482025146484,
        1.6911048889160156,
        1.688056230545044,
        1.6849982738494873,
        1.683335542678833,
        1.685594081878662,
        1.6849817037582397,
        1.6820262670516968,
        1.6790738105773926,
        1.6731252670288086,
        1.670912265777588,
        1.6693620681762695,
        1.6645855903625488,
        1.6618068218231201,
        1.66069495677948,
        1.6584134101867676,
        1.6576710939407349,
        1.6555604934692383,
        1.6543376445770264,
        1.6547399759292603,
        1.6541599035263062,
        1.6524314880371094,
        1.6531769037246704,
        1.652958631515503,
        1.652091145515442
    ],
    "val_acc": [
        0.6551724137931034,
        0.6379310344827587,
        0.6379310344827587,
        0.6379310344827587,
        0.6379310344827587,
        0.6379310344827587,
        0.6379310344827587,
        0.6379310344827587,
        0.6379310344827587,
        0.6379310344827587,
        0.6379310344827587,
        0.6379310344827587,
        0.6551724137931034,
        0.6724137931034483,
        0.6724137931034483,
        0.6724137931034483,
        0.6724137931034483,
        0.6724137931034483,
        0.6896551724137931,
        0.6896551724137931,
        0.6896551724137931,
        0.6896551724137931,
        0.6896551724137931,
        0.6724137931034483,
        0.6724137931034483,
        0.6896551724137931,
        0.6896551724137931,
        0.6896551724137931,
        0.6896551724137931,
        0.6896551724137931,
        0.6896551724137931,
        0.7068965517241379,
        0.7241379310344828,
        0.7068965517241379,
        0.7241379310344828,
        0.7241379310344828,
        0.7241379310344828,
        0.7241379310344828,
        0.7241379310344828,
        0.7241379310344828,
        0.7241379310344828,
        0.7241379310344828,
        0.7241379310344828,
        0.7068965517241379,
        0.7068965517241379,
        0.7068965517241379,
        0.7068965517241379,
        0.7068965517241379,
        0.7068965517241379,
        0.7068965517241379
    ],
    "test_loss": [],
    "test_acc": []
}