{
    "train_loss": [
        1.400719314813614,
        1.4030437469482422,
        1.3863701522350311,
        1.3358214497566223,
        1.3380159735679626,
        1.305818349123001,
        1.3299731612205505,
        1.296011358499527,
        1.2868301272392273,
        1.2805731296539307,
        1.2715963125228882,
        1.2482770681381226,
        1.2541397511959076,
        1.2472525537014008,
        1.2474835216999054,
        1.24084010720253,
        1.2133977711200714,
        1.239000916481018,
        1.2190631926059723,
        1.1742988526821136,
        1.2184517085552216,
        1.1845006048679352,
        1.229576587677002,
        1.174950122833252,
        1.1525166630744934,
        1.1681119203567505,
        1.141932874917984,
        1.1551534235477448,
        1.1385661959648132,
        1.1288283467292786,
        1.1254166662693024,
        1.1087368428707123,
        1.1026805341243744,
        1.088299036026001,
        1.0912379026412964,
        1.0809009671211243,
        1.0822841227054596,
        1.1071017384529114,
        1.073399156332016,
        1.0713931620121002,
        1.0759494006633759,
        1.0589138567447662,
        1.0605488717556,
        1.0460991859436035,
        1.0290427654981613,
        1.02456933259964,
        1.0374627113342285,
        1.004859134554863,
        1.025890827178955,
        1.0190202593803406
    ],
    "train_acc": [
        0.3219246031746032,
        0.28968253968253965,
        0.2857142857142857,
        0.30704365079365076,
        0.33184523809523814,
        0.3462301587301587,
        0.345734126984127,
        0.34226190476190477,
        0.3740079365079365,
        0.45238095238095244,
        0.4305555555555556,
        0.45535714285714285,
        0.4444444444444444,
        0.49057539682539686,
        0.4399801587301587,
        0.4861111111111111,
        0.5,
        0.48164682539682535,
        0.5064484126984127,
        0.5530753968253967,
        0.5168650793650793,
        0.5491071428571428,
        0.4697420634920635,
        0.5813492063492064,
        0.5987103174603174,
        0.5342261904761905,
        0.5629960317460316,
        0.5659722222222222,
        0.6195436507936508,
        0.6016865079365079,
        0.5763888888888888,
        0.6150793650793651,
        0.6512896825396826,
        0.6011904761904763,
        0.6359126984126984,
        0.6721230158730158,
        0.6393849206349207,
        0.6537698412698413,
        0.6498015873015872,
        0.6964285714285714,
        0.6388888888888888,
        0.660218253968254,
        0.7063492063492064,
        0.6919642857142857,
        0.7028769841269842,
        0.7242063492063492,
        0.6701388888888888,
        0.742063492063492,
        0.738095238095238,
        0.7093253968253967
    ],
    "val_loss": [
        1.4239174127578735,
        1.3912854194641113,
        1.3671014308929443,
        1.350097417831421,
        1.3393220901489258,
        1.331590175628662,
        1.3259862661361694,
        1.3218848705291748,
        1.316685676574707,
        1.3115477561950684,
        1.306882619857788,
        1.3016526699066162,
        1.295892357826233,
        1.2896287441253662,
        1.2830054759979248,
        1.2770321369171143,
        1.2717691659927368,
        1.2667049169540405,
        1.2620786428451538,
        1.2561801671981812,
        1.2503764629364014,
        1.2444965839385986,
        1.2396636009216309,
        1.2344942092895508,
        1.2301337718963623,
        1.2257753610610962,
        1.2208770513534546,
        1.215813398361206,
        1.2118711471557617,
        1.2070404291152954,
        1.2026848793029785,
        1.1980140209197998,
        1.1930835247039795,
        1.1885206699371338,
        1.1835930347442627,
        1.1788214445114136,
        1.1737784147262573,
        1.1691075563430786,
        1.1647005081176758,
        1.1602131128311157,
        1.1559773683547974,
        1.1523209810256958,
        1.1486433744430542,
        1.1444485187530518,
        1.1413713693618774,
        1.137524127960205,
        1.1337084770202637,
        1.129843831062317,
        1.1259534358978271,
        1.1229462623596191
    ],
    "val_acc": [
        0.2413793103448276,
        0.2413793103448276,
        0.27586206896551724,
        0.3103448275862069,
        0.39655172413793105,
        0.46551724137931033,
        0.46551724137931033,
        0.4482758620689655,
        0.4482758620689655,
        0.4482758620689655,
        0.4482758620689655,
        0.46551724137931033,
        0.4827586206896552,
        0.4827586206896552,
        0.4827586206896552,
        0.5,
        0.5172413793103449,
        0.5172413793103449,
        0.5172413793103449,
        0.5172413793103449,
        0.5,
        0.5172413793103449,
        0.5,
        0.5172413793103449,
        0.5172413793103449,
        0.5172413793103449,
        0.5172413793103449,
        0.5172413793103449,
        0.5172413793103449,
        0.5172413793103449,
        0.5172413793103449,
        0.5344827586206896,
        0.5344827586206896,
        0.5517241379310345,
        0.5517241379310345,
        0.5517241379310345,
        0.5517241379310345,
        0.5517241379310345,
        0.5517241379310345,
        0.5517241379310345,
        0.5517241379310345,
        0.5517241379310345,
        0.5689655172413793,
        0.5689655172413793,
        0.5689655172413793,
        0.5689655172413793,
        0.5689655172413793,
        0.603448275862069,
        0.6206896551724138,
        0.6206896551724138
    ],
    "test_loss": [],
    "test_acc": []
}