{
    "train_loss": [
        1.369914947077632,
        1.3257301226258278,
        1.289901189506054,
        1.2564443908631802,
        1.227533183991909,
        1.2032715175300837,
        1.1832283027470112,
        1.1662813983857632,
        1.1485635377466679,
        1.1361760273575783,
        1.1227114237844944,
        1.1099553275853395,
        1.099493564106524,
        1.0887866830453277,
        1.0795191815122962,
        1.0710627511143684,
        1.0607045227661729,
        1.05390486959368,
        1.0435218084603548,
        1.036446233280003,
        1.02691734675318,
        1.02092694491148,
        1.0121347391977906,
        1.0050684977322817,
        0.9958793437108397,
        0.9878098787739873,
        0.9808057155460119,
        0.9709151592105627,
        0.9639482107013464,
        0.9555491991341114,
        0.9480118099600077,
        0.9413998946547508,
        0.93595290184021,
        0.9279506485909224,
        0.9194466108456254,
        0.9132693754509091,
        0.9092010101303458,
        0.9014655500650406,
        0.895902237854898,
        0.8905768413096666,
        0.8863196857273579,
        0.8784661591053009,
        0.8754032496362925,
        0.8689836505800486,
        0.8652823632583022,
        0.860303464345634,
        0.8562349257990718,
        0.8518328936770558,
        0.8473682198673487,
        0.8441639915108681
    ],
    "train_acc": [
        0.30837673611111116,
        0.392578125,
        0.4333767361111111,
        0.46267361111111116,
        0.48025173611111116,
        0.5010850694444444,
        0.5130208333333333,
        0.5238715277777778,
        0.5368923611111112,
        0.541015625,
        0.5592447916666666,
        0.56640625,
        0.5774739583333333,
        0.5811631944444444,
        0.5796440972222222,
        0.5872395833333333,
        0.5963541666666666,
        0.599609375,
        0.6111111111111112,
        0.6121961805555555,
        0.619140625,
        0.623046875,
        0.633029513888889,
        0.6280381944444444,
        0.6360677083333334,
        0.6397569444444444,
        0.6480034722222223,
        0.6462673611111112,
        0.6456163194444444,
        0.6512586805555556,
        0.662109375,
        0.6616753472222223,
        0.669921875,
        0.6712239583333333,
        0.6766493055555556,
        0.6814236111111112,
        0.6770833333333334,
        0.6844618055555556,
        0.6842447916666666,
        0.6920572916666667,
        0.6940104166666666,
        0.6970486111111112,
        0.6957465277777778,
        0.6987847222222223,
        0.7013888888888888,
        0.7052951388888888,
        0.70703125,
        0.7107204861111112,
        0.7126736111111112,
        0.7144097222222222
    ],
    "val_loss": [
        1.335949270054698,
        1.2996416091918945,
        1.261992396786809,
        1.2317883800715208,
        1.2041097320616245,
        1.1818556487560272,
        1.1622348707169294,
        1.1447387924417853,
        1.1287627825513482,
        1.1179999867454171,
        1.1040247520431876,
        1.0936926752328873,
        1.0821263641119003,
        1.0733247119933367,
        1.0619145072996616,
        1.0528498739004135,
        1.045306721702218,
        1.0344497403129935,
        1.0285827238112688,
        1.0197609895840287,
        1.0118049029260874,
        1.0029768133535981,
        0.9963249126449227,
        0.9857411170378327,
        0.9781851386651397,
        0.9725284390151501,
        0.9614964704960585,
        0.955079847946763,
        0.9476881055161357,
        0.937256520614028,
        0.9320848379284143,
        0.9269177839159966,
        0.9187957625836134,
        0.9138592723757029,
        0.9056665478274226,
        0.8989006243646145,
        0.8901548711583018,
        0.8866731142625213,
        0.8806918365880847,
        0.8762044748291373,
        0.871350453235209,
        0.8643829477950931,
        0.8588784048333764,
        0.854059080593288,
        0.8473211163654923,
        0.8488031793385744,
        0.8397172633558512,
        0.8390683643519878,
        0.8334596296772361,
        0.8280417248606682
    ],
    "val_acc": [
        0.3923611111111111,
        0.427734375,
        0.4639756944444445,
        0.4756944444444444,
        0.5034722222222222,
        0.51953125,
        0.5305989583333334,
        0.5444878472222222,
        0.5542534722222221,
        0.5635850694444444,
        0.5755208333333333,
        0.5855034722222222,
        0.5902777777777778,
        0.5863715277777778,
        0.6013454861111112,
        0.5972222222222222,
        0.6102430555555556,
        0.6128472222222222,
        0.6241319444444444,
        0.623046875,
        0.6328125,
        0.6336805555555556,
        0.6378038194444445,
        0.6440972222222221,
        0.6490885416666667,
        0.6486545138888888,
        0.6575520833333333,
        0.6551649305555556,
        0.6631944444444444,
        0.6655815972222222,
        0.6701388888888888,
        0.6783854166666667,
        0.6831597222222223,
        0.6857638888888888,
        0.6918402777777777,
        0.6883680555555556,
        0.6927083333333333,
        0.6916232638888888,
        0.7022569444444444,
        0.7083333333333334,
        0.7046440972222223,
        0.7003038194444444,
        0.7126736111111112,
        0.7096354166666667,
        0.7152777777777778,
        0.7072482638888888,
        0.71875,
        0.7202690972222223,
        0.7222222222222222,
        0.7211371527777778
    ],
    "test_loss": [],
    "test_acc": []
}