{
    "train_loss": [
        1.3704551104456186,
        1.3251682985574007,
        1.2895799353718758,
        1.2555510681122541,
        1.2278538215905428,
        1.2039456106722355,
        1.1821607612073421,
        1.1643800903111696,
        1.1494130697101355,
        1.1353144496679306,
        1.1227138321846724,
        1.1104979868978262,
        1.099876339547336,
        1.0905752256512642,
        1.080655156634748,
        1.0720904245972633,
        1.062070100568235,
        1.0537163466215134,
        1.0446518352255225,
        1.0358424494042993,
        1.0273514641448855,
        1.019939398393035,
        1.0101863965392113,
        1.0020683677867055,
        0.9958525961264968,
        0.9863415397703648,
        0.9793480774387717,
        0.969523879699409,
        0.9631230551749468,
        0.956809445284307,
        0.9493740368634462,
        0.9440700635313988,
        0.9366718865931034,
        0.9312017522752285,
        0.9247237266972661,
        0.9176264721900225,
        0.9107895214110613,
        0.9055457729846239,
        0.8997727334499359,
        0.8939747987315059,
        0.8889859262853861,
        0.8829759964719415,
        0.8789168102666736,
        0.8741554515436292,
        0.8682163329795003,
        0.8664985550567508,
        0.8616267973557115,
        0.8574866866692901,
        0.8530439538881183,
        0.8479660283774137
    ],
    "train_acc": [
        0.3068576388888889,
        0.388671875,
        0.4307725694444445,
        0.4526909722222222,
        0.48046875,
        0.4993489583333333,
        0.5143229166666666,
        0.5308159722222222,
        0.5325520833333333,
        0.5486111111111112,
        0.5520833333333333,
        0.5685763888888888,
        0.5720486111111112,
        0.5820312499999999,
        0.5828993055555556,
        0.5887586805555556,
        0.5920138888888888,
        0.6048177083333333,
        0.6082899305555556,
        0.6126302083333334,
        0.6184895833333333,
        0.6187065972222222,
        0.6319444444444444,
        0.6341145833333333,
        0.6341145833333333,
        0.646484375,
        0.6482204861111112,
        0.6529947916666667,
        0.650173611111111,
        0.6590711805555555,
        0.6595052083333334,
        0.6625434027777777,
        0.6703559027777778,
        0.66796875,
        0.67578125,
        0.6786024305555555,
        0.6805555555555556,
        0.6766493055555556,
        0.6872829861111112,
        0.6840277777777779,
        0.6881510416666666,
        0.6946614583333334,
        0.6929253472222221,
        0.6974826388888888,
        0.6929253472222223,
        0.69921875,
        0.7016059027777778,
        0.7052951388888888,
        0.7044270833333333,
        0.7029079861111112
    ],
    "val_loss": [
        1.3357871435582638,
        1.2984603457152843,
        1.26203278824687,
        1.2301206830888987,
        1.2043080236762762,
        1.1802227683365345,
        1.1609639013186097,
        1.1437818156555295,
        1.1295875245705247,
        1.1168836811557412,
        1.1051439978182316,
        1.0939599946141243,
        1.083879318088293,
        1.0733458260074258,
        1.0642830338329077,
        1.0562385926023126,
        1.0476786335930228,
        1.037045075558126,
        1.0275340704247355,
        1.0202656043693423,
        1.0109241819009185,
        1.0021234648302197,
        0.9951537633314729,
        0.9884578390046954,
        0.9782586079090834,
        0.9699402451515198,
        0.9626872260123491,
        0.9552599266171455,
        0.948319430463016,
        0.9398896349593997,
        0.9347886238247156,
        0.925583434291184,
        0.9206767668947577,
        0.9142131209373474,
        0.9094941765069962,
        0.9013864146545529,
        0.8957726117223501,
        0.8884656662121415,
        0.884813834913075,
        0.8803953472524881,
        0.8743786467239261,
        0.8679096270352602,
        0.8643502332270145,
        0.8578828806057572,
        0.857462321408093,
        0.8514079144224524,
        0.8448906717821956,
        0.8412731876596808,
        0.8373316647484899,
        0.8338699964806437
    ],
    "val_acc": [
        0.3786892361111111,
        0.4299045138888889,
        0.4535590277777778,
        0.4839409722222222,
        0.5002170138888888,
        0.5203993055555556,
        0.5314670138888888,
        0.5418836805555555,
        0.5588107638888888,
        0.564453125,
        0.572265625,
        0.5757378472222223,
        0.5870225694444444,
        0.59765625,
        0.6004774305555556,
        0.6069878472222223,
        0.6089409722222222,
        0.6161024305555556,
        0.6258680555555556,
        0.6289062499999999,
        0.6345486111111112,
        0.6384548611111112,
        0.6408420138888888,
        0.6401909722222222,
        0.6514756944444444,
        0.6573350694444444,
        0.6566840277777777,
        0.6662326388888888,
        0.6636284722222222,
        0.6690538194444444,
        0.6744791666666666,
        0.6746961805555556,
        0.6809895833333333,
        0.6796875,
        0.6829427083333333,
        0.689453125,
        0.6896701388888888,
        0.695529513888889,
        0.6922743055555556,
        0.6983506944444444,
        0.7042100694444444,
        0.703125,
        0.7046440972222222,
        0.70703125,
        0.7113715277777778,
        0.7165798611111112,
        0.7107204861111112,
        0.7120225694444444,
        0.7122395833333333,
        0.7165798611111112
    ],
    "test_loss": [],
    "test_acc": []
}