{
    "train_loss": [
        2.225992500782013,
        2.172887086868286,
        2.1549366116523743,
        2.1070303916931152,
        2.148875057697296,
        2.104646623134613,
        2.1106309294700623,
        2.094241976737976,
        2.149490177631378,
        2.1354843378067017,
        2.039953827857971,
        2.041742503643036,
        2.0586446821689606,
        2.0532364547252655,
        2.043989509344101,
        2.0112421810626984,
        2.0279713571071625,
        1.9522239863872528,
        2.021411657333374,
        2.0102705359458923,
        1.9998798966407776,
        1.9361300468444824,
        1.8787007331848145,
        1.9727287888526917,
        1.9738378822803497,
        1.9256194233894348,
        1.9590278565883636,
        1.9353969097137451,
        1.9019147753715515,
        1.9714404940605164,
        1.9416913092136383,
        1.912946879863739,
        1.967931866645813,
        1.8625787794589996,
        1.9173262417316437,
        1.8990223109722137,
        1.8617196679115295,
        1.9171612858772278,
        1.8757948279380798,
        1.8703091442584991,
        1.878903180360794,
        1.8422114849090576,
        1.8840539455413818,
        1.8572377264499664,
        1.895635038614273,
        1.8863312602043152,
        1.8160447478294373,
        1.8665279150009155,
        1.8377826809883118,
        1.7686282396316528
    ],
    "train_acc": [
        0.40922619047619047,
        0.41964285714285715,
        0.44494047619047616,
        0.4697420634920635,
        0.41964285714285715,
        0.41617063492063494,
        0.45882936507936506,
        0.39781746031746035,
        0.4117063492063492,
        0.4439484126984127,
        0.501984126984127,
        0.4513888888888889,
        0.47619047619047616,
        0.5009920634920635,
        0.47966269841269843,
        0.4722222222222222,
        0.4652777777777778,
        0.5079365079365079,
        0.42857142857142855,
        0.47519841269841273,
        0.47172619047619047,
        0.5183531746031746,
        0.550595238095238,
        0.5069444444444444,
        0.5104166666666667,
        0.5143849206349207,
        0.4851190476190476,
        0.5248015873015872,
        0.5709325396825398,
        0.4811507936507936,
        0.5243055555555556,
        0.5600198412698413,
        0.501984126984127,
        0.6026785714285714,
        0.5163690476190476,
        0.566468253968254,
        0.5808531746031745,
        0.5520833333333334,
        0.5481150793650793,
        0.5947420634920635,
        0.5729166666666667,
        0.6304563492063492,
        0.5654761904761905,
        0.5262896825396826,
        0.5510912698412698,
        0.5798611111111112,
        0.6121031746031746,
        0.5902777777777777,
        0.6121031746031745,
        0.636904761904762
    ],
    "val_loss": [
        1.9777812957763672,
        1.9792070388793945,
        1.9851469993591309,
        1.9928505420684814,
        2.001197338104248,
        2.0061821937561035,
        2.0133395195007324,
        2.011753797531128,
        2.013875961303711,
        2.0130791664123535,
        2.0090441703796387,
        2.005974769592285,
        2.0034871101379395,
        1.9992748498916626,
        1.9967453479766846,
        1.9900997877120972,
        1.9878151416778564,
        1.9841070175170898,
        1.9791814088821411,
        1.9751571416854858,
        1.974513053894043,
        1.9730563163757324,
        1.9718642234802246,
        1.9700610637664795,
        1.96933114528656,
        1.9685399532318115,
        1.966688632965088,
        1.9660691022872925,
        1.9639438390731812,
        1.9623117446899414,
        1.9606565237045288,
        1.960805058479309,
        1.9571224451065063,
        1.9549884796142578,
        1.9511668682098389,
        1.948727011680603,
        1.9491100311279297,
        1.951203465461731,
        1.9491270780563354,
        1.9480918645858765,
        1.9485211372375488,
        1.9462316036224365,
        1.9458682537078857,
        1.9424498081207275,
        1.942394495010376,
        1.9405242204666138,
        1.9403890371322632,
        1.9387363195419312,
        1.9400306940078735,
        1.9405416250228882
    ],
    "val_acc": [
        0.5172413793103449,
        0.5,
        0.46551724137931033,
        0.46551724137931033,
        0.4827586206896552,
        0.46551724137931033,
        0.4482758620689655,
        0.46551724137931033,
        0.4827586206896552,
        0.4827586206896552,
        0.4827586206896552,
        0.5,
        0.5,
        0.5,
        0.5,
        0.5,
        0.5172413793103449,
        0.5172413793103449,
        0.5172413793103449,
        0.5172413793103449,
        0.5172413793103449,
        0.5344827586206896,
        0.5344827586206896,
        0.5344827586206896,
        0.5344827586206896,
        0.5344827586206896,
        0.5517241379310345,
        0.5517241379310345,
        0.5517241379310345,
        0.5517241379310345,
        0.5517241379310345,
        0.5517241379310345,
        0.5517241379310345,
        0.5517241379310345,
        0.5517241379310345,
        0.5517241379310345,
        0.5517241379310345,
        0.5517241379310345,
        0.5517241379310345,
        0.5517241379310345,
        0.5689655172413793,
        0.5689655172413793,
        0.5689655172413793,
        0.5689655172413793,
        0.5689655172413793,
        0.5862068965517241,
        0.5862068965517241,
        0.603448275862069,
        0.5862068965517241,
        0.603448275862069
    ],
    "test_loss": [],
    "test_acc": []
}