{
    "train_loss": [
        3.0949676632881165,
        2.8151735067367554,
        2.685185432434082,
        2.5023452043533325,
        2.452677607536316,
        2.3527849316596985,
        2.2745662927627563,
        2.2478615045547485,
        2.220797300338745,
        2.22345632314682,
        2.213549852371216,
        2.188073456287384,
        2.174915134906769,
        2.1399139165878296,
        2.139929473400116,
        2.1029418110847473,
        2.1098192930221558,
        2.1217716932296753,
        2.1299941539764404,
        2.090766429901123,
        2.0680240988731384,
        2.0852503776550293,
        2.067169427871704,
        2.0612900257110596,
        2.0619840025901794,
        2.0575358867645264,
        2.1000674664974213,
        2.0513713359832764,
        2.0096063017845154,
        2.0437230467796326,
        2.029054343700409,
        2.00323486328125,
        1.9924278259277344,
        1.9967730939388275,
        1.9664497375488281,
        1.9837554097175598,
        1.9647201001644135,
        1.957398235797882,
        1.950742930173874,
        1.9569637775421143,
        1.9471279680728912,
        1.9304091036319733,
        1.9438075125217438,
        1.9121732711791992,
        1.9174358248710632,
        1.9177545011043549,
        1.8686051070690155,
        1.8890142142772675,
        1.9066600501537323,
        1.8753897845745087
    ],
    "train_acc": [
        0.4216269841269842,
        0.2926587301587301,
        0.36061507936507936,
        0.33134920634920634,
        0.3640873015873016,
        0.38144841269841273,
        0.39186507936507936,
        0.40922619047619047,
        0.4305555555555556,
        0.4017857142857143,
        0.394345238095238,
        0.3983134920634921,
        0.4226190476190476,
        0.47271825396825395,
        0.4791666666666667,
        0.4970238095238095,
        0.5287698412698413,
        0.5575396825396826,
        0.46031746031746035,
        0.5570436507936508,
        0.5317460317460317,
        0.5208333333333334,
        0.5565476190476191,
        0.5024801587301587,
        0.5739087301587301,
        0.5158730158730159,
        0.5342261904761905,
        0.605654761904762,
        0.626984126984127,
        0.6016865079365079,
        0.6374007936507936,
        0.5942460317460317,
        0.5724206349206349,
        0.6011904761904763,
        0.6150793650793651,
        0.6324404761904763,
        0.6364087301587301,
        0.6860119047619048,
        0.6502976190476191,
        0.6428571428571428,
        0.6716269841269842,
        0.6750992063492064,
        0.6641865079365079,
        0.6889880952380952,
        0.706845238095238,
        0.6889880952380953,
        0.6924603174603174,
        0.7068452380952381,
        0.6850198412698413,
        0.7098214285714286
    ],
    "val_loss": [
        3.08143949508667,
        2.8473005294799805,
        2.683154582977295,
        2.557518243789673,
        2.4539577960968018,
        2.3649864196777344,
        2.3014607429504395,
        2.2688443660736084,
        2.2583374977111816,
        2.252011775970459,
        2.2396419048309326,
        2.2258262634277344,
        2.2176287174224854,
        2.2123892307281494,
        2.2055068016052246,
        2.1962015628814697,
        2.1904139518737793,
        2.18557071685791,
        2.179478883743286,
        2.174689292907715,
        2.169370412826538,
        2.163814067840576,
        2.159142017364502,
        2.1532657146453857,
        2.148196220397949,
        2.144531726837158,
        2.1414639949798584,
        2.1377029418945312,
        2.1324970722198486,
        2.127551794052124,
        2.122053861618042,
        2.1163737773895264,
        2.1130213737487793,
        2.109356641769409,
        2.106264591217041,
        2.1029977798461914,
        2.099130153656006,
        2.0964813232421875,
        2.0937814712524414,
        2.090794324874878,
        2.0880017280578613,
        2.0877630710601807,
        2.0882768630981445,
        2.0862181186676025,
        2.0822882652282715,
        2.077573776245117,
        2.0746636390686035,
        2.072493553161621,
        2.070390462875366,
        2.0675694942474365
    ],
    "val_acc": [
        0.3103448275862069,
        0.3103448275862069,
        0.3275862068965517,
        0.3620689655172414,
        0.3620689655172414,
        0.3620689655172414,
        0.39655172413793105,
        0.3793103448275862,
        0.3448275862068966,
        0.3620689655172414,
        0.3620689655172414,
        0.3448275862068966,
        0.3448275862068966,
        0.3448275862068966,
        0.3448275862068966,
        0.3620689655172414,
        0.3793103448275862,
        0.3793103448275862,
        0.3793103448275862,
        0.3793103448275862,
        0.43103448275862066,
        0.4482758620689655,
        0.4482758620689655,
        0.4482758620689655,
        0.46551724137931033,
        0.4482758620689655,
        0.46551724137931033,
        0.4482758620689655,
        0.4482758620689655,
        0.46551724137931033,
        0.46551724137931033,
        0.4827586206896552,
        0.4827586206896552,
        0.4827586206896552,
        0.4827586206896552,
        0.5172413793103449,
        0.5172413793103449,
        0.5172413793103449,
        0.5172413793103449,
        0.5,
        0.5,
        0.4827586206896552,
        0.5,
        0.5,
        0.5,
        0.5,
        0.5,
        0.5,
        0.5,
        0.5
    ],
    "test_loss": [],
    "test_acc": []
}