{
    "train_loss": [
        1.3638008069247007,
        1.2988364398479462,
        1.2375934477895498,
        1.1857646591961384,
        1.1462890207767487,
        1.1174461925402284,
        1.0973464073613286,
        1.0793815283104777,
        1.0647478131577373,
        1.052568263374269,
        1.0416697431355715,
        1.032299735583365,
        1.0236968863755465,
        1.0139990421012044,
        1.0061395382508636,
        0.9990516183897853,
        0.9925582930445671,
        0.984926643781364,
        0.9792911792173982,
        0.9733003601431847,
        0.9669166384264827,
        0.9603933300822973,
        0.9556915583088994,
        0.9488493902608752,
        0.9433672074228525,
        0.9366326685994864,
        0.9293064270168543,
        0.9227668363600969,
        0.914196708239615,
        0.9083076817914844,
        0.902289361692965,
        0.8952268827706575,
        0.8888180404901505,
        0.8829717803746462,
        0.8751239962875843,
        0.8717451170086861,
        0.8646866334602237,
        0.8598920498043299,
        0.8543194755911827,
        0.8503918396309018,
        0.8445773823186755,
        0.8403836563229561,
        0.8364728558808565,
        0.832837974652648,
        0.8274634284898639,
        0.8242202252149582,
        0.8202467113733292,
        0.8164025153964758,
        0.813304285518825,
        0.8098264671862125
    ],
    "train_acc": [
        0.32790798611111116,
        0.427734375,
        0.47591145833333337,
        0.5091145833333333,
        0.5279947916666667,
        0.5501302083333333,
        0.5609809027777777,
        0.5690104166666667,
        0.5785590277777779,
        0.5831163194444444,
        0.5967881944444444,
        0.5987413194444444,
        0.6072048611111112,
        0.6067708333333333,
        0.6143663194444444,
        0.6228298611111112,
        0.6221788194444444,
        0.625217013888889,
        0.6315104166666667,
        0.6319444444444444,
        0.6399739583333333,
        0.6421440972222222,
        0.6436631944444444,
        0.6482204861111112,
        0.6499565972222222,
        0.6569010416666666,
        0.6631944444444444,
        0.6653645833333333,
        0.6666666666666667,
        0.6723090277777778,
        0.6725260416666667,
        0.6814236111111112,
        0.6768663194444444,
        0.6803385416666666,
        0.685546875,
        0.6864149305555556,
        0.6931423611111112,
        0.6946614583333334,
        0.6948784722222221,
        0.6961805555555556,
        0.6981336805555555,
        0.7003038194444444,
        0.7085503472222223,
        0.708984375,
        0.7102864583333333,
        0.7118055555555556,
        0.7115885416666667,
        0.7172309027777778,
        0.7215711805555556,
        0.716579861111111
    ],
    "val_loss": [
        1.3255994394421577,
        1.261268375441432,
        1.20397868193686,
        1.157760520465672,
        1.1244921693578362,
        1.0982006695121527,
        1.0805052146315575,
        1.0645769303664565,
        1.0525946794077754,
        1.0394920920953155,
        1.029486364684999,
        1.0212033223360777,
        1.010779870674014,
        1.0029293289408088,
        0.9954178174957633,
        0.9893483174964786,
        0.9816846586763859,
        0.9743129853159189,
        0.9686566004529595,
        0.9623517254367471,
        0.956439315341413,
        0.9508130745962262,
        0.9441011641174555,
        0.9373842803761363,
        0.9306464921683073,
        0.924699954688549,
        0.9185084821656346,
        0.9123442517593503,
        0.9054117044433951,
        0.8988409079611301,
        0.8914900198578835,
        0.8829791359603405,
        0.8774885106831789,
        0.8725403742864728,
        0.8637698777019978,
        0.8585862638428807,
        0.8527266168966889,
        0.8476176485419273,
        0.8423132272437215,
        0.8406191226094961,
        0.8327361391857266,
        0.8310219813138247,
        0.8265845309942961,
        0.8222671523690224,
        0.8188445847481489,
        0.8126816283911467,
        0.8074389845132828,
        0.8043216727674007,
        0.8011174788698554,
        0.8004318894818425
    ],
    "val_acc": [
        0.4097222222222222,
        0.4698350694444444,
        0.5108506944444444,
        0.5284288194444444,
        0.5457899305555556,
        0.5598958333333333,
        0.5720486111111112,
        0.5822482638888888,
        0.5846354166666666,
        0.5985243055555556,
        0.603515625,
        0.6069878472222222,
        0.6148003472222222,
        0.615234375,
        0.6219618055555556,
        0.6267361111111112,
        0.6295572916666666,
        0.6351996527777778,
        0.6401909722222222,
        0.6447482638888888,
        0.6473524305555556,
        0.6443142361111112,
        0.6538628472222222,
        0.658420138888889,
        0.66015625,
        0.664279513888889,
        0.6731770833333333,
        0.6716579861111112,
        0.6770833333333333,
        0.6764322916666666,
        0.6809895833333333,
        0.6831597222222222,
        0.6888020833333333,
        0.6903211805555556,
        0.6937934027777779,
        0.6974826388888888,
        0.6987847222222223,
        0.7026909722222222,
        0.7007378472222223,
        0.6998697916666666,
        0.708767361111111,
        0.7139756944444444,
        0.7126736111111112,
        0.7154947916666667,
        0.7217881944444444,
        0.7196180555555556,
        0.724609375,
        0.7254774305555556,
        0.7276475694444444,
        0.7222222222222222
    ],
    "test_loss": [],
    "test_acc": []
}