{
    "train_loss": [
        1.3666153587400913,
        1.3070629201829433,
        1.2489903178066015,
        1.1965565718710423,
        1.1575111914426088,
        1.1242777034640312,
        1.0998848853632808,
        1.0804971223697066,
        1.0647981874644756,
        1.0518078589811921,
        1.04012805595994,
        1.030149313621223,
        1.0209783976897597,
        1.0101162502542138,
        1.0029763784259558,
        0.9946424392983317,
        0.9883607113733888,
        0.979499383829534,
        0.9747417690232396,
        0.968033766373992,
        0.9621119787916541,
        0.9561667731031775,
        0.9501291960477829,
        0.944169020280242,
        0.9385377205908298,
        0.9312878185883164,
        0.9255614094436169,
        0.9200148554518819,
        0.914849397726357,
        0.9083914589136839,
        0.9032817166298628,
        0.898922280408442,
        0.8916377536952496,
        0.8854256896302104,
        0.8800563933327794,
        0.876647574827075,
        0.8702978938817978,
        0.868059191852808,
        0.8620425332337618,
        0.8582882406190038,
        0.8535942370072007,
        0.8479777742177248,
        0.8456893190741539,
        0.8420224422588944,
        0.8391558332368731,
        0.8356804568320513,
        0.8309895172715187,
        0.8267930140718818,
        0.8243249673396349,
        0.8210977539420128
    ],
    "train_acc": [
        0.31662326388888895,
        0.4149305555555555,
        0.46115451388888884,
        0.5030381944444444,
        0.525390625,
        0.5427517361111112,
        0.5572916666666666,
        0.5692274305555556,
        0.5787760416666667,
        0.5852864583333334,
        0.589626736111111,
        0.5980902777777777,
        0.6032986111111112,
        0.613498263888889,
        0.6128472222222222,
        0.6148003472222223,
        0.6208767361111112,
        0.6273871527777778,
        0.630859375,
        0.6321614583333333,
        0.6371527777777778,
        0.6434461805555556,
        0.6393229166666667,
        0.6421440972222223,
        0.6486545138888888,
        0.6551649305555556,
        0.6560329861111112,
        0.6588541666666667,
        0.6642795138888888,
        0.6610243055555556,
        0.6729600694444444,
        0.6697048611111112,
        0.6796875,
        0.6786024305555556,
        0.6783854166666667,
        0.6792534722222222,
        0.6827256944444444,
        0.6859809027777777,
        0.6907552083333334,
        0.6918402777777778,
        0.6922743055555556,
        0.6998697916666667,
        0.6953125,
        0.7007378472222223,
        0.701171875,
        0.7013888888888888,
        0.7065972222222222,
        0.7061631944444444,
        0.7068142361111112,
        0.7100694444444444
    ],
    "val_loss": [
        1.331445511430502,
        1.270645147189498,
        1.2153885215520859,
        1.1672572083771229,
        1.1326166624203324,
        1.1040267925709486,
        1.0851377602666616,
        1.0664087515324354,
        1.0512253073975444,
        1.039181330241263,
        1.0281726298853755,
        1.0203953487798572,
        1.007542914710939,
        1.0003253808245063,
        0.9915773253887892,
        0.9859664337709546,
        0.9769550431519747,
        0.9753026748076081,
        0.9638575622811913,
        0.9583107326179743,
        0.9519469710066915,
        0.9444233123213053,
        0.9382190927863121,
        0.9316485989838839,
        0.9252281822264194,
        0.9200576320290565,
        0.9146989621222019,
        0.9106214297935367,
        0.9034014735370874,
        0.8962587835267186,
        0.8916027555242181,
        0.8864364987239242,
        0.8791770180687308,
        0.8749177884310484,
        0.8690117932856083,
        0.8675542902201414,
        0.8609510073438287,
        0.8569187168031931,
        0.8502505272626877,
        0.8458310514688492,
        0.8430526982992887,
        0.8388829072937369,
        0.8361953375861049,
        0.8320216601714492,
        0.8270836258307099,
        0.8237951006740332,
        0.8190160701051354,
        0.8165358761325479,
        0.8125012340024114,
        0.8099134424701333
    ],
    "val_acc": [
        0.39279513888888884,
        0.4537760416666667,
        0.49197048611111116,
        0.5210503472222221,
        0.5353732638888888,
        0.556857638888889,
        0.568359375,
        0.5781250000000001,
        0.5876736111111112,
        0.593532986111111,
        0.6030815972222222,
        0.599609375,
        0.6165364583333333,
        0.6139322916666667,
        0.6174045138888888,
        0.6239149305555556,
        0.6319444444444444,
        0.6256510416666667,
        0.6380208333333333,
        0.6423611111111112,
        0.6451822916666667,
        0.6458333333333333,
        0.650607638888889,
        0.6551649305555556,
        0.6612413194444444,
        0.6564670138888888,
        0.6644965277777778,
        0.6627604166666667,
        0.6701388888888888,
        0.6714409722222223,
        0.6762152777777778,
        0.6807725694444444,
        0.681640625,
        0.6866319444444444,
        0.6892361111111112,
        0.6881510416666666,
        0.6905381944444444,
        0.6927083333333333,
        0.7000868055555556,
        0.6987847222222222,
        0.703125,
        0.7039930555555556,
        0.7061631944444444,
        0.7081163194444444,
        0.7109375,
        0.7100694444444444,
        0.7146267361111112,
        0.7150607638888888,
        0.7152777777777778,
        0.7152777777777778
    ],
    "test_loss": [],
    "test_acc": []
}