{
    "train_loss": [
        2.1515218019485474,
        2.0446179565042257,
        2.006395161151886,
        1.9731068257242441,
        1.9439610242843628,
        1.9195098131895065,
        1.900905942544341,
        1.8839310575276613,
        1.8701318502426147,
        1.8590825274586678,
        1.8478014655411243,
        1.836940886452794,
        1.8297197204083204,
        1.8197743650525808,
        1.8125522062182426,
        1.8017897084355354,
        1.7948606424033642,
        1.7849593702703714,
        1.7802347261458635,
        1.7705764770507812,
        1.7649368215352297,
        1.7583592049777508,
        1.7535163089632988,
        1.747813818976283,
        1.7412826269865036,
        1.7323089800775051,
        1.7287791296839714,
        1.7256024722009897,
        1.7189537324011326,
        1.7120945528149605,
        1.703998040407896,
        1.7007115799933672,
        1.6958324629813433,
        1.6884530074894428,
        1.6828619670122862,
        1.6801212690770626,
        1.6721587516367435,
        1.6677198503166437,
        1.6611623093485832,
        1.6540000699460506,
        1.647785859182477,
        1.642412692308426,
        1.6371526811271906,
        1.6308813896030188,
        1.6250134110450745,
        1.6181278750300407,
        1.612844904884696,
        1.60653873719275,
        1.6016904823482037,
        1.598655115813017
    ],
    "train_acc": [
        0.3146701388888889,
        0.4049479166666667,
        0.458984375,
        0.49609375,
        0.5345052083333333,
        0.5596788194444444,
        0.5703125,
        0.5948350694444444,
        0.6065538194444444,
        0.6158854166666667,
        0.6330295138888888,
        0.6338975694444444,
        0.6475694444444444,
        0.6499565972222223,
        0.6595052083333334,
        0.6666666666666667,
        0.6725260416666667,
        0.6809895833333334,
        0.6801215277777778,
        0.6896701388888888,
        0.6898871527777778,
        0.6953125,
        0.7029079861111112,
        0.6970486111111112,
        0.7081163194444444,
        0.7102864583333334,
        0.7133246527777778,
        0.7131076388888888,
        0.7233072916666666,
        0.7211371527777778,
        0.7296006944444444,
        0.7341579861111112,
        0.7276475694444444,
        0.7319878472222223,
        0.7302517361111112,
        0.7361111111111112,
        0.738498263888889,
        0.7387152777777779,
        0.7473958333333333,
        0.7443576388888888,
        0.7450086805555556,
        0.7471788194444444,
        0.7478298611111112,
        0.7504340277777777,
        0.7508680555555556,
        0.748046875,
        0.7591145833333334,
        0.7530381944444444,
        0.755859375,
        0.7575954861111112
    ],
    "val_loss": [
        2.059795878827572,
        2.0140737667679787,
        1.977550033479929,
        1.945548690855503,
        1.9218729920685291,
        1.8982904348522425,
        1.8815634008497,
        1.86307761259377,
        1.850299870595336,
        1.8392010852694511,
        1.8320790883153677,
        1.8192759491503239,
        1.8089242242276669,
        1.8056929223239422,
        1.7908685617148876,
        1.7875481247901917,
        1.7783679217100143,
        1.7689242362976074,
        1.764633435755968,
        1.7607691567391157,
        1.7591919712722301,
        1.7424395084381104,
        1.7430038321763277,
        1.7335213012993336,
        1.7212575767189264,
        1.7165946681052446,
        1.7136428337544203,
        1.7076636757701635,
        1.7019144911319017,
        1.6983135864138603,
        1.6910059694200754,
        1.6846221685409546,
        1.6767530404031277,
        1.6708142645657063,
        1.6640755645930767,
        1.6620895620435476,
        1.6539603732526302,
        1.6582231558859348,
        1.6430562641471624,
        1.6349462270736694,
        1.628272382542491,
        1.6263870932161808,
        1.6197008285671473,
        1.6148219536989927,
        1.6052677147090435,
        1.603781707584858,
        1.5956607833504677,
        1.5850687697529793,
        1.589287206530571,
        1.5795403327792883
    ],
    "val_acc": [
        0.4001736111111111,
        0.4516059027777778,
        0.4861111111111111,
        0.5245225694444445,
        0.5503472222222223,
        0.5766059027777778,
        0.5974392361111112,
        0.6139322916666667,
        0.6260850694444444,
        0.6393229166666666,
        0.6451822916666667,
        0.6534288194444444,
        0.6618923611111112,
        0.6768663194444444,
        0.6788194444444444,
        0.677734375,
        0.6881510416666666,
        0.6974826388888888,
        0.6944444444444444,
        0.7007378472222223,
        0.6987847222222222,
        0.7137586805555556,
        0.7094184027777778,
        0.720703125,
        0.7282986111111112,
        0.7259114583333333,
        0.7250434027777777,
        0.7369791666666667,
        0.7335069444444444,
        0.7389322916666667,
        0.7374131944444444,
        0.744140625,
        0.7437065972222222,
        0.7369791666666667,
        0.74609375,
        0.7458767361111112,
        0.749782986111111,
        0.7543402777777779,
        0.75390625,
        0.7562934027777778,
        0.7502170138888888,
        0.7632378472222223,
        0.7595486111111112,
        0.7662760416666666,
        0.7647569444444444,
        0.769748263888889,
        0.7677951388888888,
        0.7673611111111112,
        0.7769097222222223,
        0.7743055555555556
    ],
    "test_loss": [],
    "test_acc": []
}