{
    "train_loss": [
        2.153973888605833,
        2.046154420822859,
        2.0114394444972277,
        1.980673424899578,
        1.9543833378702402,
        1.930379869416356,
        1.910718146711588,
        1.8930883891880512,
        1.8790118899196386,
        1.8647020608186722,
        1.8559808731079102,
        1.8435991033911705,
        1.8361152578145266,
        1.8268091771751642,
        1.8185131065547466,
        1.809632483869791,
        1.8031780328601599,
        1.7932130675762892,
        1.7868908364325762,
        1.7783846333622932,
        1.7722351532429457,
        1.7664125766605139,
        1.7595480624586344,
        1.7527308836579323,
        1.7463776525110006,
        1.7395994253456593,
        1.7369143590331078,
        1.7294388394802809,
        1.7248656190931797,
        1.717121697962284,
        1.709602853283286,
        1.706190012395382,
        1.701902249827981,
        1.6951051317155361,
        1.6879962179809809,
        1.6823713146150112,
        1.6763504762202501,
        1.6696323845535517,
        1.6625805478543043,
        1.6565814390778542,
        1.6518753971904516,
        1.6473688706755638,
        1.639459228143096,
        1.634296203032136,
        1.6293927822262049,
        1.622712541371584,
        1.6110351588577032,
        1.6072533540427685,
        1.6031692903488874,
        1.6007918752729893
    ],
    "train_acc": [
        0.318359375,
        0.4071180555555556,
        0.453125,
        0.4947916666666667,
        0.529296875,
        0.5512152777777778,
        0.5661892361111112,
        0.587890625,
        0.6011284722222222,
        0.6115451388888888,
        0.617404513888889,
        0.6263020833333333,
        0.6404079861111112,
        0.6453993055555556,
        0.6527777777777778,
        0.6651475694444444,
        0.6638454861111112,
        0.6749131944444444,
        0.6794704861111112,
        0.6831597222222223,
        0.6881510416666666,
        0.6844618055555556,
        0.6937934027777778,
        0.6927083333333334,
        0.7003038194444444,
        0.703125,
        0.7113715277777779,
        0.7144097222222222,
        0.7194010416666666,
        0.7161458333333333,
        0.7165798611111112,
        0.72265625,
        0.7256944444444444,
        0.7243923611111112,
        0.734375,
        0.7296006944444444,
        0.7341579861111112,
        0.734375,
        0.7406684027777778,
        0.7437065972222222,
        0.7365451388888888,
        0.7428385416666666,
        0.7469618055555556,
        0.751953125,
        0.7541232638888888,
        0.7495659722222222,
        0.7545572916666666,
        0.7573784722222222,
        0.7547743055555556,
        0.75390625
    ],
    "val_loss": [
        2.0609414875507355,
        2.0168539006263018,
        1.9843754265457392,
        1.9560872297734022,
        1.9356375541538,
        1.9099893644452095,
        1.890959046781063,
        1.874466110020876,
        1.860140435397625,
        1.8495741840451956,
        1.839967180043459,
        1.8278503771871328,
        1.814533431082964,
        1.8087068311870098,
        1.8002120219171047,
        1.8002474997192621,
        1.7888898756355047,
        1.7762443237006664,
        1.7720920611172915,
        1.7645195331424475,
        1.7608094625175,
        1.747316274791956,
        1.7506238780915737,
        1.735626669600606,
        1.7300409637391567,
        1.721848351880908,
        1.719891358166933,
        1.7132165562361479,
        1.70586446672678,
        1.699715370312333,
        1.6992258206009865,
        1.6921696197241545,
        1.6822823248803616,
        1.6743388008326292,
        1.6687368582934141,
        1.6625548340380192,
        1.6588518507778645,
        1.6530386004596949,
        1.6455566808581352,
        1.6338346116244793,
        1.632057599723339,
        1.6274535953998566,
        1.61544637568295,
        1.6150823924690485,
        1.6126313228160143,
        1.6001988854259253,
        1.5964589528739452,
        1.5846546906977892,
        1.591532677412033,
        1.5714653264731169
    ],
    "val_acc": [
        0.4021267361111111,
        0.43988715277777773,
        0.47656250000000006,
        0.525390625,
        0.556640625,
        0.5677083333333333,
        0.5985243055555555,
        0.6002604166666667,
        0.6171875,
        0.6219618055555556,
        0.6410590277777779,
        0.6506076388888888,
        0.6575520833333334,
        0.6640625,
        0.6686197916666667,
        0.6809895833333334,
        0.6857638888888888,
        0.6944444444444444,
        0.6879340277777778,
        0.6903211805555556,
        0.69921875,
        0.7061631944444444,
        0.7029079861111112,
        0.708984375,
        0.7196180555555556,
        0.724609375,
        0.7261284722222222,
        0.7282986111111112,
        0.7306857638888888,
        0.7354600694444444,
        0.7335069444444444,
        0.7384982638888888,
        0.7378472222222222,
        0.7463107638888888,
        0.7421875,
        0.7452256944444444,
        0.7502170138888888,
        0.7491319444444444,
        0.7508680555555556,
        0.7530381944444444,
        0.7526041666666667,
        0.7586805555555556,
        0.7619357638888888,
        0.763888888888889,
        0.7571614583333333,
        0.765842013888889,
        0.76953125,
        0.7584635416666666,
        0.7664930555555556,
        0.7723524305555556
    ],
    "test_loss": [],
    "test_acc": []
}