{
    "train_loss": [
        1.3642022721469402,
        1.3122953046113253,
        1.271203713491559,
        1.235361872240901,
        1.207873109728098,
        1.1857407689094543,
        1.165098674595356,
        1.1485859248787165,
        1.1325357388705015,
        1.1194534245878458,
        1.1061841901391745,
        1.0953379115089774,
        1.0848360760137439,
        1.0750575922429562,
        1.0677098026499152,
        1.0596090015023947,
        1.0500756166875362,
        1.0435222052037716,
        1.0350761208683252,
        1.0276286089792848,
        1.0208722790703177,
        1.0138376923277974,
        1.0040922416374087,
        0.9985793149098754,
        0.9906963547691703,
        0.9817528836429119,
        0.9747146172448993,
        0.9654469145461917,
        0.9597848234698176,
        0.9526144387200475,
        0.9439131962135434,
        0.9374060416594148,
        0.9306943994015455,
        0.9233015878126025,
        0.9172142827883363,
        0.9119377275928855,
        0.9051503138616681,
        0.8998797368258238,
        0.8950310414656997,
        0.8893434256315231,
        0.8843971937894821,
        0.8789226403459907,
        0.8751054517924786,
        0.8693904252722859,
        0.863871531561017,
        0.8634579433128238,
        0.8547263322398067,
        0.8508413443341851,
        0.8488615863025188,
        0.8449429171159863
    ],
    "train_acc": [
        0.3205295138888889,
        0.3995225694444444,
        0.4529079861111111,
        0.47634548611111105,
        0.4837239583333333,
        0.5008680555555556,
        0.5210503472222223,
        0.5290798611111112,
        0.5416666666666666,
        0.5536024305555556,
        0.5575086805555556,
        0.5679253472222222,
        0.5707465277777777,
        0.5757378472222222,
        0.5835503472222221,
        0.583984375,
        0.5941840277777778,
        0.5926649305555556,
        0.6043836805555556,
        0.6104600694444444,
        0.6165364583333333,
        0.6200086805555556,
        0.62109375,
        0.6247829861111112,
        0.6321614583333333,
        0.638671875,
        0.6410590277777778,
        0.6467013888888888,
        0.650390625,
        0.6575520833333334,
        0.6627604166666666,
        0.6642795138888888,
        0.6634114583333334,
        0.6727430555555556,
        0.6764322916666666,
        0.6801215277777779,
        0.6812065972222223,
        0.6809895833333333,
        0.6861979166666667,
        0.6916232638888888,
        0.6866319444444444,
        0.6929253472222222,
        0.6929253472222222,
        0.6966145833333333,
        0.7024739583333334,
        0.6987847222222222,
        0.7057291666666667,
        0.7016059027777777,
        0.7063802083333334,
        0.7048611111111112
    ],
    "val_loss": [
        1.3264639489352703,
        1.2827400844544172,
        1.2420094534754753,
        1.2109982017427683,
        1.1868499051779509,
        1.1634809151291847,
        1.1439779000356793,
        1.1270886678248644,
        1.1137778526172042,
        1.100386692211032,
        1.0894144289195538,
        1.0780829647555947,
        1.068625533953309,
        1.0594532499089837,
        1.0493169706314802,
        1.0421641590073705,
        1.0345369912683964,
        1.0268783001229167,
        1.0189648205414414,
        1.0136339254677296,
        1.0043638357892632,
        0.9955704864114523,
        0.9907329306006432,
        0.9802223471924663,
        0.9718819791451097,
        0.9665588401257992,
        0.9579996522516012,
        0.9503538841381669,
        0.9437917424365878,
        0.9349618200212717,
        0.9298656405881047,
        0.920877325348556,
        0.9144756821915507,
        0.90594048704952,
        0.9036937057971954,
        0.89224789198488,
        0.8908315859735012,
        0.8845616597682238,
        0.8790003303438425,
        0.8725403221324086,
        0.8672931306064129,
        0.8654062896966934,
        0.8579230653122067,
        0.8517772722989321,
        0.8529945788905025,
        0.8461590521037579,
        0.8404499422758818,
        0.8348544547334313,
        0.8326447615399957,
        0.8298450652509928
    ],
    "val_acc": [
        0.3930121527777778,
        0.4444444444444444,
        0.474609375,
        0.4891493055555556,
        0.5006510416666667,
        0.5279947916666667,
        0.5388454861111112,
        0.5575086805555556,
        0.5601128472222221,
        0.5698784722222222,
        0.5746527777777778,
        0.580078125,
        0.5865885416666666,
        0.59375,
        0.5939670138888888,
        0.599609375,
        0.6024305555555556,
        0.6106770833333334,
        0.6204427083333333,
        0.6252170138888888,
        0.6232638888888888,
        0.630859375,
        0.6338975694444444,
        0.6399739583333333,
        0.6438802083333333,
        0.6480034722222223,
        0.6521267361111112,
        0.658203125,
        0.6657986111111112,
        0.6729600694444444,
        0.6736111111111112,
        0.6766493055555556,
        0.6812065972222221,
        0.6868489583333334,
        0.681857638888889,
        0.6903211805555556,
        0.6901041666666666,
        0.6903211805555556,
        0.6968315972222222,
        0.7018229166666667,
        0.7044270833333333,
        0.7039930555555555,
        0.7087673611111112,
        0.7122395833333333,
        0.7118055555555556,
        0.7144097222222222,
        0.7159288194444444,
        0.71875,
        0.720703125,
        0.720486111111111
    ],
    "test_loss": [],
    "test_acc": []
}