{
    "train_loss": [
        2.1385198831558228,
        2.118534028530121,
        2.0728574991226196,
        2.116284966468811,
        2.0384592413902283,
        2.0281090438365936,
        2.0438499450683594,
        2.001620352268219,
        2.018066167831421,
        1.9918994009494781,
        2.010449081659317,
        1.9778945744037628,
        1.9883639216423035,
        1.9183669686317444,
        1.9585661888122559,
        1.9494099020957947,
        1.9473675787448883,
        1.9571152329444885,
        1.949387550354004,
        1.8896473348140717,
        1.8857832252979279,
        1.8800274729728699,
        1.8953940272331238,
        1.89028662443161,
        1.881650447845459,
        1.8687252700328827,
        1.8878873884677887,
        1.8736011981964111,
        1.8437058627605438,
        1.8221881091594696,
        1.8170168697834015,
        1.8090484738349915,
        1.7963530123233795,
        1.8417302668094635,
        1.7757895290851593,
        1.8073603510856628,
        1.8215874433517456,
        1.8494255542755127,
        1.8272056877613068,
        1.7843886017799377,
        1.784879446029663,
        1.808163195848465,
        1.7859387397766113,
        1.781345784664154,
        1.7736600637435913,
        1.7439176142215729,
        1.7537436783313751,
        1.7106807231903076,
        1.8044759631156921,
        1.7638567090034485
    ],
    "train_acc": [
        0.53125,
        0.5277777777777778,
        0.5381944444444444,
        0.5203373015873015,
        0.5739087301587301,
        0.5451388888888888,
        0.5669642857142857,
        0.6200396825396826,
        0.5659722222222222,
        0.5838293650793651,
        0.5550595238095238,
        0.6086309523809523,
        0.6225198412698413,
        0.6121031746031746,
        0.6259920634920635,
        0.6438492063492064,
        0.6150793650793651,
        0.6254960317460317,
        0.5972222222222222,
        0.6612103174603174,
        0.6329365079365079,
        0.6145833333333334,
        0.5932539682539681,
        0.5823412698412699,
        0.6215277777777778,
        0.6686507936507936,
        0.6607142857142857,
        0.6428571428571428,
        0.6468253968253969,
        0.6641865079365079,
        0.6750992063492064,
        0.6964285714285714,
        0.6750992063492064,
        0.6567460317460319,
        0.6999007936507937,
        0.6959325396825398,
        0.6850198412698413,
        0.6274801587301587,
        0.6636904761904763,
        0.7098214285714286,
        0.6631944444444444,
        0.6706349206349207,
        0.6919642857142857,
        0.7172619047619047,
        0.7316468253968255,
        0.7351190476190476,
        0.7172619047619047,
        0.7633928571428572,
        0.6919642857142857,
        0.7346230158730158
    ],
    "val_loss": [
        1.994648814201355,
        1.9962108135223389,
        1.997667908668518,
        1.999717354774475,
        2.0003700256347656,
        2.0022449493408203,
        2.0008373260498047,
        1.9994171857833862,
        1.9963831901550293,
        1.9939770698547363,
        1.9928878545761108,
        1.987799882888794,
        1.9853403568267822,
        1.9828367233276367,
        1.9795624017715454,
        1.9768295288085938,
        1.9753519296646118,
        1.974231243133545,
        1.9722874164581299,
        1.9709415435791016,
        1.9690817594528198,
        1.9693577289581299,
        1.9695814847946167,
        1.9686541557312012,
        1.9675923585891724,
        1.9661197662353516,
        1.9650007486343384,
        1.9632946252822876,
        1.9627494812011719,
        1.9625827074050903,
        1.9618431329727173,
        1.9622739553451538,
        1.9627586603164673,
        1.9642059803009033,
        1.9639415740966797,
        1.9638035297393799,
        1.9635156393051147,
        1.9627028703689575,
        1.9610111713409424,
        1.961143970489502,
        1.961878776550293,
        1.9638475179672241,
        1.9641660451889038,
        1.964073896408081,
        1.9642367362976074,
        1.9637577533721924,
        1.965232014656067,
        1.9661798477172852,
        1.9665865898132324,
        1.967961311340332
    ],
    "val_acc": [
        0.603448275862069,
        0.6206896551724138,
        0.6206896551724138,
        0.6206896551724138,
        0.6206896551724138,
        0.6206896551724138,
        0.6206896551724138,
        0.6206896551724138,
        0.6206896551724138,
        0.6379310344827587,
        0.6379310344827587,
        0.6379310344827587,
        0.6379310344827587,
        0.6379310344827587,
        0.6379310344827587,
        0.6379310344827587,
        0.6379310344827587,
        0.6379310344827587,
        0.6379310344827587,
        0.6379310344827587,
        0.6379310344827587,
        0.6379310344827587,
        0.6379310344827587,
        0.6379310344827587,
        0.6379310344827587,
        0.6379310344827587,
        0.6379310344827587,
        0.6206896551724138,
        0.6206896551724138,
        0.6206896551724138,
        0.6206896551724138,
        0.6379310344827587,
        0.6379310344827587,
        0.6206896551724138,
        0.6379310344827587,
        0.6379310344827587,
        0.6379310344827587,
        0.6379310344827587,
        0.6379310344827587,
        0.6379310344827587,
        0.6379310344827587,
        0.6379310344827587,
        0.6379310344827587,
        0.6379310344827587,
        0.6206896551724138,
        0.6206896551724138,
        0.6206896551724138,
        0.6206896551724138,
        0.6206896551724138,
        0.6206896551724138
    ],
    "test_loss": [],
    "test_acc": []
}