{
    "train_loss": [
        1.9631048440933228,
        1.9105796217918396,
        1.9403906464576721,
        1.8909450471401215,
        1.93423193693161,
        1.8736241459846497,
        1.8445177376270294,
        1.8815951645374298,
        1.8978914320468903,
        1.839514583349228,
        1.8880484700202942,
        1.8538260161876678,
        1.84734246134758,
        1.819281667470932,
        1.8297778964042664,
        1.781910091638565,
        1.8129913806915283,
        1.8360155820846558,
        1.7665377259254456,
        1.7731142044067383,
        1.8442512154579163,
        1.7554838061332703,
        1.7583856880664825,
        1.7659930884838104,
        1.7242527902126312,
        1.7556313872337341,
        1.7097842693328857,
        1.7711169719696045,
        1.7241445183753967,
        1.6671330630779266,
        1.6848001778125763,
        1.7155776917934418,
        1.737927496433258,
        1.7005492746829987,
        1.7168807983398438,
        1.6746158301830292,
        1.6636594831943512,
        1.6593661308288574,
        1.7120359241962433,
        1.653323084115982,
        1.6952354609966278,
        1.6608043611049652,
        1.6464512050151825,
        1.6642062366008759,
        1.6247425973415375,
        1.6202704906463623,
        1.6084178984165192,
        1.6184393167495728,
        1.608305960893631,
        1.557492345571518
    ],
    "train_acc": [
        0.6850198412698413,
        0.6780753968253967,
        0.6959325396825398,
        0.7028769841269842,
        0.7098214285714286,
        0.7063492063492064,
        0.7172619047619047,
        0.7276785714285714,
        0.7063492063492063,
        0.7172619047619048,
        0.6775793650793651,
        0.7172619047619048,
        0.6954365079365079,
        0.716765873015873,
        0.7202380952380953,
        0.7842261904761905,
        0.730654761904762,
        0.6805555555555556,
        0.7375992063492064,
        0.755952380952381,
        0.7341269841269842,
        0.7628968253968254,
        0.7589285714285714,
        0.7767857142857143,
        0.777281746031746,
        0.7336309523809524,
        0.7946428571428572,
        0.7405753968253967,
        0.7698412698412699,
        0.8015873015873016,
        0.769345238095238,
        0.7624007936507936,
        0.744047619047619,
        0.7762896825396826,
        0.7549603174603174,
        0.761904761904762,
        0.7941468253968255,
        0.7797619047619047,
        0.7331349206349205,
        0.808531746031746,
        0.7400793650793651,
        0.7941468253968254,
        0.7901785714285714,
        0.7579365079365079,
        0.8333333333333333,
        0.7976190476190477,
        0.8010912698412699,
        0.8402777777777778,
        0.8115079365079365,
        0.8154761904761905
    ],
    "val_loss": [
        1.988778829574585,
        1.979175090789795,
        1.974732518196106,
        1.9713432788848877,
        1.9686274528503418,
        1.9637333154678345,
        1.9589048624038696,
        1.95402193069458,
        1.9492993354797363,
        1.9449070692062378,
        1.9419317245483398,
        1.9383186101913452,
        1.935006856918335,
        1.9317271709442139,
        1.928654670715332,
        1.9248223304748535,
        1.9209719896316528,
        1.9178653955459595,
        1.915659785270691,
        1.9124388694763184,
        1.9081907272338867,
        1.9052317142486572,
        1.9040136337280273,
        1.9019083976745605,
        1.8990598917007446,
        1.8969110250473022,
        1.8947046995162964,
        1.8930057287216187,
        1.892496943473816,
        1.8892582654953003,
        1.8870683908462524,
        1.8824583292007446,
        1.8779706954956055,
        1.875264048576355,
        1.8731374740600586,
        1.871734380722046,
        1.8712903261184692,
        1.8701125383377075,
        1.8689122200012207,
        1.8677611351013184,
        1.8665382862091064,
        1.8664181232452393,
        1.863952398300171,
        1.86333167552948,
        1.861109733581543,
        1.8595300912857056,
        1.85883629322052,
        1.8578826189041138,
        1.8587534427642822,
        1.8591558933258057
    ],
    "val_acc": [
        0.5862068965517241,
        0.603448275862069,
        0.603448275862069,
        0.603448275862069,
        0.6206896551724138,
        0.6206896551724138,
        0.6551724137931034,
        0.6724137931034483,
        0.6724137931034483,
        0.6724137931034483,
        0.6724137931034483,
        0.6724137931034483,
        0.6724137931034483,
        0.6724137931034483,
        0.6724137931034483,
        0.6724137931034483,
        0.6724137931034483,
        0.6724137931034483,
        0.6724137931034483,
        0.6724137931034483,
        0.6724137931034483,
        0.6551724137931034,
        0.6551724137931034,
        0.6724137931034483,
        0.6724137931034483,
        0.6724137931034483,
        0.6724137931034483,
        0.6724137931034483,
        0.6724137931034483,
        0.6724137931034483,
        0.6724137931034483,
        0.6724137931034483,
        0.6724137931034483,
        0.6724137931034483,
        0.6724137931034483,
        0.6724137931034483,
        0.6896551724137931,
        0.6896551724137931,
        0.6896551724137931,
        0.6896551724137931,
        0.6896551724137931,
        0.6896551724137931,
        0.6896551724137931,
        0.6896551724137931,
        0.6896551724137931,
        0.6896551724137931,
        0.6896551724137931,
        0.6896551724137931,
        0.6896551724137931,
        0.6896551724137931
    ],
    "test_loss": [],
    "test_acc": []
}