{
    "train_loss": [
        0.8774690628051758,
        0.8868079781532288,
        0.8684915155172348,
        0.9348479062318802,
        0.9063644111156464,
        0.8334435373544693,
        0.875415250658989,
        0.8891590535640717,
        0.8283929377794266,
        0.8576050400733948,
        0.8249409794807434,
        0.9224940538406372,
        0.8483015298843384,
        0.8227559626102448,
        0.9026216715574265,
        0.8275437504053116,
        0.8582135885953903,
        0.8403936326503754,
        0.8296405225992203,
        0.7925294637680054,
        0.8544797599315643,
        0.7628115862607956,
        0.7641747146844864,
        0.8009473532438278,
        0.8082149922847748,
        0.7791317403316498,
        0.7766489684581757,
        0.7895298600196838,
        0.8089718818664551,
        0.7933346480131149,
        0.7912432253360748,
        0.7747162878513336,
        0.7861758470535278,
        0.7451831698417664,
        0.7412505000829697,
        0.764099508523941,
        0.7651323825120926,
        0.6976102069020271,
        0.7933464646339417,
        0.746880292892456,
        0.7545725852251053,
        0.7609815448522568,
        0.8164813965559006,
        0.7430447787046432,
        0.7184101939201355,
        0.755488932132721,
        0.716389074921608,
        0.7113387584686279,
        0.7261409163475037,
        0.6753957271575928
    ],
    "train_acc": [
        0.6577380952380952,
        0.6433531746031746,
        0.689484126984127,
        0.5892857142857143,
        0.6750992063492064,
        0.6860119047619048,
        0.6498015873015872,
        0.6964285714285714,
        0.7286706349206349,
        0.6785714285714286,
        0.6924603174603176,
        0.6314484126984127,
        0.7242063492063492,
        0.716765873015873,
        0.673611111111111,
        0.6989087301587301,
        0.716765873015873,
        0.7058531746031745,
        0.716765873015873,
        0.7202380952380952,
        0.7058531746031745,
        0.7594246031746031,
        0.773809523809524,
        0.7450396825396826,
        0.7232142857142857,
        0.7485119047619048,
        0.7624007936507936,
        0.7410714285714286,
        0.7475198412698413,
        0.7405753968253967,
        0.7514880952380952,
        0.7802579365079365,
        0.7405753968253969,
        0.7728174603174602,
        0.7584325396825398,
        0.7941468253968255,
        0.7653769841269842,
        0.808531746031746,
        0.7797619047619048,
        0.7619047619047619,
        0.7688492063492063,
        0.7688492063492064,
        0.7544642857142857,
        0.8010912698412699,
        0.7867063492063492,
        0.779265873015873,
        0.8189484126984126,
        0.8045634920634921,
        0.7901785714285714,
        0.8333333333333333
    ],
    "val_loss": [
        0.9205633997917175,
        0.911018431186676,
        0.9026303887367249,
        0.8970819115638733,
        0.8903100490570068,
        0.885668158531189,
        0.8817325234413147,
        0.878246545791626,
        0.8746793270111084,
        0.8714280724525452,
        0.868377685546875,
        0.8649629950523376,
        0.8631947040557861,
        0.8606418371200562,
        0.8589743375778198,
        0.8571491241455078,
        0.8552996516227722,
        0.8530102968215942,
        0.850426197052002,
        0.8485095500946045,
        0.8475713133811951,
        0.8465705513954163,
        0.8440725207328796,
        0.842403769493103,
        0.839859664440155,
        0.8379154205322266,
        0.8381850719451904,
        0.8367893695831299,
        0.8345142006874084,
        0.8330093622207642,
        0.831167459487915,
        0.8297747373580933,
        0.8285232186317444,
        0.8266357183456421,
        0.8265554904937744,
        0.8264390230178833,
        0.8251838684082031,
        0.8242166638374329,
        0.8224607110023499,
        0.8202237486839294,
        0.8188946843147278,
        0.8188207745552063,
        0.8172721862792969,
        0.8157363533973694,
        0.8148312568664551,
        0.8140665888786316,
        0.8125358819961548,
        0.8103523850440979,
        0.8083881139755249,
        0.8073749542236328
    ],
    "val_acc": [
        0.6724137931034483,
        0.6724137931034483,
        0.6724137931034483,
        0.6724137931034483,
        0.6724137931034483,
        0.6896551724137931,
        0.7068965517241379,
        0.7068965517241379,
        0.7241379310344828,
        0.7068965517241379,
        0.7241379310344828,
        0.7241379310344828,
        0.7241379310344828,
        0.7241379310344828,
        0.7241379310344828,
        0.7241379310344828,
        0.7413793103448276,
        0.7413793103448276,
        0.7413793103448276,
        0.7413793103448276,
        0.7413793103448276,
        0.7413793103448276,
        0.7413793103448276,
        0.7413793103448276,
        0.7413793103448276,
        0.7413793103448276,
        0.7413793103448276,
        0.7413793103448276,
        0.7413793103448276,
        0.7413793103448276,
        0.7413793103448276,
        0.7413793103448276,
        0.7586206896551724,
        0.7586206896551724,
        0.7586206896551724,
        0.7586206896551724,
        0.7586206896551724,
        0.7586206896551724,
        0.7586206896551724,
        0.7586206896551724,
        0.7586206896551724,
        0.7586206896551724,
        0.7758620689655172,
        0.7413793103448276,
        0.7413793103448276,
        0.7413793103448276,
        0.7586206896551724,
        0.7758620689655172,
        0.7758620689655172,
        0.7758620689655172
    ],
    "test_loss": [],
    "test_acc": []
}