{
    "train_loss": [
        1.3660251293331385,
        1.3083744402974844,
        1.253524973988533,
        1.205559080466628,
        1.1673480179160833,
        1.1386973727494478,
        1.1161787081509829,
        1.0971289929002523,
        1.080714046023786,
        1.0673108790069818,
        1.0544841969385743,
        1.0440051285549998,
        1.0335641633719206,
        1.0228311019018292,
        1.013249484822154,
        1.005701094865799,
        0.9981018668040633,
        0.9892476107925177,
        0.9839431028813124,
        0.9766400316730142,
        0.9691903721541166,
        0.9623576179146767,
        0.9572719121351838,
        0.9501948179677129,
        0.9443797310814261,
        0.9385009994730353,
        0.9325277656316757,
        0.9270510505884886,
        0.9209876051172614,
        0.9151840209960938,
        0.9115987131372094,
        0.9058140059933066,
        0.8995878016576171,
        0.8938481472432613,
        0.8878019666299224,
        0.8840438267216086,
        0.8766840193420649,
        0.8720490699633956,
        0.8664809176698327,
        0.8617653641849756,
        0.8554173093289137,
        0.8495262432843447,
        0.8453320488333702,
        0.8411715589463711,
        0.8355530761182308,
        0.8300581248477101,
        0.8253889912739396,
        0.8210222981870174,
        0.8166689425706863,
        0.8130215061828494
    ],
    "train_acc": [
        0.3213975694444444,
        0.41384548611111116,
        0.4561631944444444,
        0.49479166666666663,
        0.5208333333333334,
        0.5416666666666667,
        0.5505642361111112,
        0.5620659722222222,
        0.5731336805555556,
        0.5802951388888888,
        0.5889756944444444,
        0.5885416666666666,
        0.5980902777777777,
        0.601779513888889,
        0.6126302083333333,
        0.6124131944444444,
        0.6202256944444444,
        0.62109375,
        0.6291232638888888,
        0.6291232638888888,
        0.6408420138888888,
        0.6401909722222222,
        0.6436631944444444,
        0.648654513888889,
        0.6438802083333334,
        0.650390625,
        0.6558159722222223,
        0.6547309027777777,
        0.6569010416666666,
        0.6657986111111112,
        0.6640625,
        0.670138888888889,
        0.6688368055555556,
        0.6753472222222222,
        0.6822916666666667,
        0.6773003472222221,
        0.681640625,
        0.6890190972222221,
        0.6875,
        0.6935763888888888,
        0.6970486111111112,
        0.7007378472222222,
        0.7024739583333333,
        0.7005208333333333,
        0.7098524305555556,
        0.7072482638888888,
        0.7094184027777778,
        0.7109375,
        0.7154947916666667,
        0.7163628472222223
    ],
    "val_loss": [
        1.3316793236881495,
        1.2744379416108131,
        1.2222727704793215,
        1.1782225854694843,
        1.1455819513648748,
        1.1179902562871575,
        1.0992091139778495,
        1.0811729962006211,
        1.067620855756104,
        1.053111121058464,
        1.041546761058271,
        1.0315350499004126,
        1.0194784300401807,
        1.0111712301149964,
        1.001673087477684,
        0.9955287138000131,
        0.9861052073538303,
        0.9789070533588529,
        0.9717377061024308,
        0.9652290726080537,
        0.958334525115788,
        0.9519316349178553,
        0.9450504016131163,
        0.9380557369440794,
        0.9324387526139617,
        0.9270658791065216,
        0.9212931813672185,
        0.9167699674144387,
        0.9116036305204034,
        0.9064212823286653,
        0.9010112909600139,
        0.8930050991475582,
        0.8892754260450602,
        0.8843742106109858,
        0.8764185197651386,
        0.871029662899673,
        0.8654269613325596,
        0.8593514589592814,
        0.8537158481776714,
        0.8504815464839339,
        0.8435258604586124,
        0.8384818248450756,
        0.8363271281123161,
        0.8295895671471953,
        0.8245189385488629,
        0.8178768008947372,
        0.8109086826443672,
        0.8088688962161541,
        0.802615400403738,
        0.7994058094918728
    ],
    "val_acc": [
        0.39518229166666663,
        0.4520399305555556,
        0.4965277777777778,
        0.5219184027777778,
        0.5381944444444444,
        0.5557725694444444,
        0.5646701388888888,
        0.5737847222222222,
        0.5837673611111112,
        0.58984375,
        0.5928819444444444,
        0.5978732638888888,
        0.6056857638888888,
        0.6154513888888888,
        0.6187065972222222,
        0.6243489583333334,
        0.629123263888889,
        0.6360677083333333,
        0.6384548611111112,
        0.6410590277777778,
        0.6456163194444444,
        0.640625,
        0.6534288194444444,
        0.6545138888888888,
        0.6616753472222222,
        0.6605902777777777,
        0.6631944444444444,
        0.6614583333333333,
        0.6655815972222223,
        0.6694878472222221,
        0.6649305555555556,
        0.6753472222222222,
        0.6729600694444444,
        0.6833767361111112,
        0.6818576388888888,
        0.685763888888889,
        0.6927083333333333,
        0.6968315972222222,
        0.6953125,
        0.6983506944444444,
        0.706814236111111,
        0.7098524305555555,
        0.7078993055555556,
        0.7133246527777777,
        0.7185329861111112,
        0.7159288194444444,
        0.7222222222222223,
        0.7252604166666666,
        0.7243923611111112,
        0.7280815972222222
    ],
    "test_loss": [],
    "test_acc": []
}