{
    "train_loss": [
        1.1242009997367859,
        1.0437278151512146,
        1.0978100299835205,
        1.1502494812011719,
        1.0217915028333664,
        1.1198139786720276,
        1.026169404387474,
        1.097016155719757,
        1.0675159394741058,
        1.0482579916715622,
        0.9892878979444504,
        1.0430648177862167,
        1.0406510829925537,
        0.9903799891471863,
        1.0215490460395813,
        1.0381415486335754,
        1.041417121887207,
        1.008055865764618,
        1.0589883029460907,
        0.9903363287448883,
        0.9927550405263901,
        1.0020101368427277,
        1.0158116221427917,
        0.9979585111141205,
        1.0493961870670319,
        1.0187168717384338,
        0.990046352148056,
        0.9833062142133713,
        1.0210148692131042,
        1.0232463479042053,
        0.9775651693344116,
        0.9781680107116699,
        0.9845954179763794,
        0.9527290910482407,
        0.9572432339191437,
        0.9932250827550888,
        0.963835135102272,
        0.9616794735193253,
        0.9547207653522491,
        0.9649948477745056,
        0.9440250992774963,
        1.0028166323900223,
        0.9907976984977722,
        0.933374747633934,
        0.9037822633981705,
        0.9608396142721176,
        0.8978223353624344,
        1.0066339820623398,
        0.9960367232561111,
        0.9593724012374878
    ],
    "train_acc": [
        0.5168650793650793,
        0.5778769841269842,
        0.5600198412698413,
        0.5203373015873016,
        0.5813492063492064,
        0.5094246031746033,
        0.5739087301587301,
        0.5525793650793651,
        0.5595238095238095,
        0.569940476190476,
        0.6240079365079365,
        0.5520833333333333,
        0.5555555555555556,
        0.6274801587301587,
        0.5773809523809524,
        0.5590277777777778,
        0.5629960317460317,
        0.5699404761904763,
        0.5163690476190476,
        0.5590277777777778,
        0.5843253968253969,
        0.5446428571428571,
        0.5803571428571428,
        0.5659722222222223,
        0.5699404761904762,
        0.5947420634920635,
        0.5843253968253969,
        0.5694444444444444,
        0.5873015873015873,
        0.5838293650793651,
        0.6125992063492064,
        0.5982142857142857,
        0.6016865079365079,
        0.6160714285714286,
        0.5833333333333334,
        0.5729166666666666,
        0.6081349206349207,
        0.6155753968253969,
        0.6329365079365079,
        0.5833333333333334,
        0.6121031746031746,
        0.5828373015873016,
        0.6081349206349207,
        0.6259920634920635,
        0.6691468253968255,
        0.6041666666666666,
        0.6512896825396826,
        0.5540674603174602,
        0.5758928571428571,
        0.5684523809523809
    ],
    "val_loss": [
        1.1056153774261475,
        1.0921828746795654,
        1.08253812789917,
        1.0759251117706299,
        1.0692362785339355,
        1.065048336982727,
        1.0612716674804688,
        1.058901309967041,
        1.0564438104629517,
        1.0530918836593628,
        1.049768328666687,
        1.047160267829895,
        1.0442272424697876,
        1.0417165756225586,
        1.0398614406585693,
        1.038813829421997,
        1.0376091003417969,
        1.0363880395889282,
        1.033312439918518,
        1.0320833921432495,
        1.0314792394638062,
        1.0301154851913452,
        1.0292527675628662,
        1.0287160873413086,
        1.0278202295303345,
        1.027058482170105,
        1.0268852710723877,
        1.02620267868042,
        1.0250803232192993,
        1.0246529579162598,
        1.0233430862426758,
        1.022030234336853,
        1.020729660987854,
        1.0196202993392944,
        1.0197635889053345,
        1.0191199779510498,
        1.0177680253982544,
        1.0168474912643433,
        1.0168646574020386,
        1.0156571865081787,
        1.0147408246994019,
        1.0143333673477173,
        1.0146222114562988,
        1.0139211416244507,
        1.0131503343582153,
        1.012763500213623,
        1.012105107307434,
        1.0121734142303467,
        1.0117366313934326,
        1.0107735395431519
    ],
    "val_acc": [
        0.5517241379310345,
        0.5517241379310345,
        0.5517241379310345,
        0.5344827586206896,
        0.5344827586206896,
        0.5344827586206896,
        0.5344827586206896,
        0.5344827586206896,
        0.5344827586206896,
        0.5344827586206896,
        0.5517241379310345,
        0.5517241379310345,
        0.5517241379310345,
        0.5517241379310345,
        0.5517241379310345,
        0.5517241379310345,
        0.5517241379310345,
        0.5517241379310345,
        0.5344827586206896,
        0.5344827586206896,
        0.5344827586206896,
        0.5344827586206896,
        0.5344827586206896,
        0.5517241379310345,
        0.5517241379310345,
        0.5344827586206896,
        0.5344827586206896,
        0.5344827586206896,
        0.5344827586206896,
        0.5344827586206896,
        0.5344827586206896,
        0.5344827586206896,
        0.5344827586206896,
        0.5344827586206896,
        0.5344827586206896,
        0.5344827586206896,
        0.5517241379310345,
        0.5517241379310345,
        0.5344827586206896,
        0.5517241379310345,
        0.5689655172413793,
        0.5689655172413793,
        0.5517241379310345,
        0.5689655172413793,
        0.5689655172413793,
        0.5689655172413793,
        0.5689655172413793,
        0.5862068965517241,
        0.5862068965517241,
        0.5862068965517241
    ],
    "test_loss": [],
    "test_acc": []
}