{
    "train_loss": [
        1.915543258190155,
        1.9906319677829742,
        1.8781712353229523,
        1.8326752483844757,
        1.8364458084106445,
        1.8401122093200684,
        1.8179721236228943,
        1.8399269878864288,
        1.797847718000412,
        1.8197093904018402,
        1.799782782793045,
        1.7952682673931122,
        1.7455001473426819,
        1.7893934845924377,
        1.7146554589271545,
        1.785506546497345,
        1.7446186542510986,
        1.7237109541893005,
        1.719259113073349,
        1.6795583367347717,
        1.729719877243042,
        1.7264931797981262,
        1.6893527209758759,
        1.7204385995864868,
        1.6952890753746033,
        1.6701762974262238,
        1.6591155529022217,
        1.6330354511737823,
        1.6410243213176727,
        1.6359020471572876,
        1.658024251461029,
        1.6832154393196106,
        1.6423677206039429,
        1.6510961949825287,
        1.6373070180416107,
        1.663436233997345,
        1.6163315176963806,
        1.647576779127121,
        1.6147113144397736,
        1.5860958993434906,
        1.593341886997223,
        1.5785716474056244,
        1.588477224111557,
        1.5844018161296844,
        1.5708168148994446,
        1.572448879480362,
        1.5821217596530914,
        1.5674724280834198,
        1.551260232925415,
        1.571147859096527
    ],
    "train_acc": [
        0.694940476190476,
        0.6805555555555556,
        0.7232142857142857,
        0.7162698412698413,
        0.7981150793650793,
        0.7589285714285714,
        0.7554563492063492,
        0.7410714285714286,
        0.769345238095238,
        0.748015873015873,
        0.7872023809523809,
        0.7797619047619047,
        0.7797619047619048,
        0.7544642857142857,
        0.7762896825396826,
        0.7941468253968255,
        0.7579365079365079,
        0.7867063492063492,
        0.783234126984127,
        0.8258928571428572,
        0.8115079365079365,
        0.800595238095238,
        0.7936507936507937,
        0.753968253968254,
        0.7896825396825398,
        0.839781746031746,
        0.8541666666666666,
        0.8467261904761905,
        0.8467261904761905,
        0.8358134920634921,
        0.8139880952380953,
        0.8070436507936508,
        0.831845238095238,
        0.8606150793650793,
        0.8100198412698413,
        0.824404761904762,
        0.8566468253968255,
        0.8745039682539684,
        0.8745039682539684,
        0.8566468253968255,
        0.8422619047619048,
        0.8635912698412699,
        0.8601190476190477,
        0.8923611111111112,
        0.8526785714285714,
        0.8204365079365079,
        0.8918650793650793,
        0.8521825396825398,
        0.902281746031746,
        0.8487103174603174
    ],
    "val_loss": [
        1.8524147272109985,
        1.848844051361084,
        1.8443056344985962,
        1.8409310579299927,
        1.837648868560791,
        1.8346967697143555,
        1.8303226232528687,
        1.8270800113677979,
        1.8233919143676758,
        1.8214462995529175,
        1.8191773891448975,
        1.8168216943740845,
        1.815267562866211,
        1.8144707679748535,
        1.8161039352416992,
        1.817043662071228,
        1.815373420715332,
        1.8140525817871094,
        1.8124356269836426,
        1.8125641345977783,
        1.8117742538452148,
        1.809735655784607,
        1.8077231645584106,
        1.806236743927002,
        1.8050947189331055,
        1.804274320602417,
        1.8040426969528198,
        1.805487871170044,
        1.8080995082855225,
        1.8074934482574463,
        1.8067426681518555,
        1.8058249950408936,
        1.8046162128448486,
        1.8024013042449951,
        1.7993130683898926,
        1.7971668243408203,
        1.7954721450805664,
        1.79440438747406,
        1.7935690879821777,
        1.7920663356781006,
        1.7916897535324097,
        1.7916063070297241,
        1.7919100522994995,
        1.7927279472351074,
        1.7939671277999878,
        1.7948240041732788,
        1.7936303615570068,
        1.7925037145614624,
        1.7927935123443604,
        1.7911208868026733
    ],
    "val_acc": [
        0.6896551724137931,
        0.7068965517241379,
        0.7241379310344828,
        0.7241379310344828,
        0.7241379310344828,
        0.7413793103448276,
        0.7413793103448276,
        0.7241379310344828,
        0.7241379310344828,
        0.7241379310344828,
        0.7241379310344828,
        0.7413793103448276,
        0.7413793103448276,
        0.7413793103448276,
        0.7241379310344828,
        0.7241379310344828,
        0.7241379310344828,
        0.7068965517241379,
        0.7068965517241379,
        0.7068965517241379,
        0.7068965517241379,
        0.7241379310344828,
        0.6896551724137931,
        0.6896551724137931,
        0.6896551724137931,
        0.6896551724137931,
        0.6896551724137931,
        0.6896551724137931,
        0.6724137931034483,
        0.6724137931034483,
        0.6724137931034483,
        0.6724137931034483,
        0.6724137931034483,
        0.6551724137931034,
        0.6551724137931034,
        0.6551724137931034,
        0.6551724137931034,
        0.6551724137931034,
        0.6551724137931034,
        0.6551724137931034,
        0.6724137931034483,
        0.6724137931034483,
        0.6724137931034483,
        0.6724137931034483,
        0.6724137931034483,
        0.6724137931034483,
        0.6724137931034483,
        0.6724137931034483,
        0.6724137931034483,
        0.6896551724137931
    ],
    "test_loss": [],
    "test_acc": []
}