{
    "train_loss": [
        2.426669619977474,
        2.1691218055784702,
        2.082533624023199,
        2.0265105348080397,
        1.9857523329555988,
        1.9551544729620218,
        1.929031165316701,
        1.9152446016669273,
        1.8897588048130274,
        1.8757295478135347,
        1.860769858583808,
        1.851590821519494,
        1.8384919613599777,
        1.826799562200904,
        1.8151920232921839,
        1.804267916828394,
        1.7945693358778954,
        1.7903881631791592,
        1.7818574216216803,
        1.772245965898037,
        1.7615637965500355,
        1.7527308035641909,
        1.7466061692684889,
        1.739968840032816,
        1.7297676727175713,
        1.7222078312188387,
        1.7154404614120722,
        1.705721316859126,
        1.6969619542360306,
        1.6910067833960056,
        1.6828533057123423,
        1.6775689516216516,
        1.6692596729844809,
        1.6604458950459957,
        1.6524242982268333,
        1.6467829644680023,
        1.6408269181847572,
        1.633919183164835,
        1.62399691529572,
        1.6154762376099825,
        1.6046019233763218,
        1.6038281042128801,
        1.5967682600021362,
        1.5904122814536095,
        1.5818108338862658,
        1.5765162911266088,
        1.5741705782711506,
        1.5601306352764368,
        1.5509642455726862,
        1.5476543381810188
    ],
    "train_acc": [
        0.29166666666666663,
        0.3993055555555556,
        0.4683159722222222,
        0.5084635416666666,
        0.5418836805555556,
        0.5698784722222222,
        0.591796875,
        0.6017795138888888,
        0.6145833333333334,
        0.6226128472222222,
        0.6354166666666666,
        0.6382378472222223,
        0.6469184027777778,
        0.6486545138888888,
        0.652126736111111,
        0.6653645833333333,
        0.671875,
        0.6720920138888888,
        0.6775173611111112,
        0.6781684027777778,
        0.6888020833333333,
        0.6929253472222222,
        0.6918402777777778,
        0.7022569444444444,
        0.7035590277777778,
        0.7102864583333334,
        0.7109375,
        0.7163628472222222,
        0.7141927083333334,
        0.7250434027777778,
        0.7220052083333333,
        0.7220052083333333,
        0.7306857638888888,
        0.7302517361111112,
        0.7332899305555556,
        0.7311197916666667,
        0.7332899305555556,
        0.738498263888889,
        0.7400173611111112,
        0.7437065972222222,
        0.7445746527777778,
        0.7502170138888888,
        0.7456597222222221,
        0.744140625,
        0.7482638888888888,
        0.7569444444444444,
        0.7506510416666667,
        0.7532552083333333,
        0.7510850694444444,
        0.7545572916666667
    ],
    "val_loss": [
        2.2283075489103794,
        2.10070001706481,
        2.0411465261131525,
        1.9927859008312225,
        1.9568928088992834,
        1.9293450973927975,
        1.9100178815424442,
        1.8899304177612066,
        1.8763479869812727,
        1.854600703343749,
        1.8473107274621725,
        1.8328706119209528,
        1.816028917208314,
        1.8077518548816442,
        1.7955246455967426,
        1.7888358682394028,
        1.7802388034760952,
        1.7691564057022333,
        1.7672458235174417,
        1.7517621088773012,
        1.7431659754365683,
        1.7326434832066298,
        1.7298955153673887,
        1.7227532751858234,
        1.7153814770281315,
        1.7055023238062859,
        1.693490233272314,
        1.684638187289238,
        1.6745937503874302,
        1.6737052891403437,
        1.6654882114380598,
        1.6564919408410788,
        1.6498326007276773,
        1.6392096988856792,
        1.6401852183043957,
        1.6291825287044048,
        1.623034467920661,
        1.6120837721973658,
        1.6103790886700153,
        1.5931727942079306,
        1.59586694650352,
        1.5862530935555696,
        1.5778510328382254,
        1.5695710331201553,
        1.55757499858737,
        1.5500381365418434,
        1.5450283531099558,
        1.5399197097867727,
        1.5273536797612906,
        1.5241782329976559
    ],
    "val_acc": [
        0.388671875,
        0.4500868055555555,
        0.5002170138888888,
        0.544704861111111,
        0.5692274305555556,
        0.5922309027777777,
        0.6061197916666667,
        0.6156684027777778,
        0.6293402777777778,
        0.6380208333333333,
        0.6412760416666667,
        0.6449652777777778,
        0.6525607638888888,
        0.6595052083333334,
        0.6673177083333333,
        0.6781684027777777,
        0.6788194444444444,
        0.683376736111111,
        0.6890190972222223,
        0.6950954861111112,
        0.7009548611111112,
        0.7057291666666666,
        0.7063802083333334,
        0.7094184027777778,
        0.7180989583333333,
        0.7178819444444444,
        0.7204861111111112,
        0.720920138888889,
        0.7311197916666667,
        0.7263454861111112,
        0.7328559027777778,
        0.7328559027777778,
        0.7345920138888888,
        0.7445746527777778,
        0.7326388888888888,
        0.7456597222222222,
        0.7411024305555556,
        0.7439236111111112,
        0.7447916666666667,
        0.75,
        0.7554253472222222,
        0.7465277777777778,
        0.7578125,
        0.759982638888889,
        0.7578125,
        0.7554253472222223,
        0.7606336805555556,
        0.7634548611111112,
        0.7645399305555556,
        0.7645399305555556
    ],
    "test_loss": [],
    "test_acc": []
}