{
    "train_loss": [
        2.0795805267989635,
        2.007157264277339,
        1.9577132239937782,
        1.911933772265911,
        1.8755573816597462,
        1.8451599832624197,
        1.816412292420864,
        1.7920263931155205,
        1.776110403239727,
        1.7512695286422968,
        1.735686607658863,
        1.7189144976437092,
        1.6985578052699566,
        1.6867150850594044,
        1.663308672606945,
        1.6452094856649637,
        1.6311508864164352,
        1.6127191260457039,
        1.5964297223836184,
        1.5800933055579662,
        1.5606019105762243,
        1.5447106249630451,
        1.5297316033393145,
        1.5259889606386423,
        1.50489485822618,
        1.4901843555271626,
        1.4756999835371971,
        1.462947592139244,
        1.4544262867420912,
        1.4397372361272573,
        1.4247261229902506,
        1.415915297344327,
        1.4051981512457132,
        1.3878361117094755,
        1.379345091059804,
        1.369371062144637,
        1.356589937582612,
        1.3444315232336521,
        1.3327729143202305,
        1.3191629461944103,
        1.311170645058155,
        1.2959778141230345,
        1.2902013845741749,
        1.2784243188798428,
        1.2647164184600115,
        1.250597644597292,
        1.2440612837672234,
        1.2274413704872131,
        1.2230818513780832,
        1.205736281350255
    ],
    "train_acc": [
        0.314453125,
        0.39908854166666663,
        0.4427083333333333,
        0.4641927083333333,
        0.4932725694444445,
        0.5119357638888888,
        0.5230034722222223,
        0.5381944444444444,
        0.5418836805555556,
        0.5557725694444444,
        0.5659722222222222,
        0.5787760416666667,
        0.5915798611111112,
        0.5967881944444444,
        0.6098090277777777,
        0.6221788194444444,
        0.6282552083333334,
        0.6430121527777778,
        0.6384548611111112,
        0.6536458333333334,
        0.6525607638888888,
        0.6493055555555556,
        0.6599392361111112,
        0.6694878472222223,
        0.6703559027777778,
        0.675564236111111,
        0.6768663194444444,
        0.6842447916666666,
        0.6846788194444444,
        0.6881510416666665,
        0.689453125,
        0.6953125,
        0.7003038194444444,
        0.7016059027777778,
        0.6983506944444444,
        0.7078993055555556,
        0.7111545138888888,
        0.710720486111111,
        0.708984375,
        0.7105034722222222,
        0.7194010416666666,
        0.72265625,
        0.7256944444444444,
        0.7254774305555556,
        0.7233072916666666,
        0.7337239583333333,
        0.7289496527777778,
        0.7296006944444445,
        0.7365451388888888,
        0.736545138888889
    ],
    "val_loss": [
        2.0221428275108337,
        1.9717305414378643,
        1.9188730847090483,
        1.8781381417065859,
        1.8505066335201263,
        1.812236888334155,
        1.7856628578156233,
        1.7731568645685911,
        1.7474839966744184,
        1.72473812289536,
        1.7135133109986782,
        1.692765673622489,
        1.6781828086823225,
        1.6570179536938667,
        1.6346419993788004,
        1.62311951816082,
        1.598154354840517,
        1.579804977402091,
        1.5642992611974478,
        1.5488588865846395,
        1.531877264380455,
        1.5213086903095245,
        1.5187600627541542,
        1.4897414799779654,
        1.4854362644255161,
        1.4716861117631197,
        1.4569653011858463,
        1.4483426548540592,
        1.4275532215833664,
        1.4151238482445478,
        1.4093254618346691,
        1.386732243001461,
        1.3752093501389027,
        1.3600038439035416,
        1.3493591733276844,
        1.347036613151431,
        1.3234323235228658,
        1.3246006136760116,
        1.3094565263018012,
        1.2886254703626037,
        1.298810631968081,
        1.2630957402288914,
        1.2615255555137992,
        1.2497457060962915,
        1.238774387165904,
        1.2177545558661222,
        1.213950297795236,
        1.2000444307923317,
        1.18711924739182,
        1.185366646386683
    ],
    "val_acc": [
        0.38845486111111105,
        0.4333767361111111,
        0.4715711805555556,
        0.4969618055555556,
        0.5141059027777778,
        0.5303819444444444,
        0.546875,
        0.5559895833333333,
        0.5618489583333334,
        0.5653211805555556,
        0.5844184027777778,
        0.5963541666666666,
        0.6024305555555556,
        0.6206597222222221,
        0.6286892361111112,
        0.63671875,
        0.646484375,
        0.6514756944444445,
        0.662109375,
        0.6651475694444444,
        0.6664496527777777,
        0.6720920138888888,
        0.6742621527777778,
        0.6792534722222222,
        0.6822916666666667,
        0.6848958333333334,
        0.6877170138888888,
        0.6927083333333334,
        0.6970486111111112,
        0.6963975694444444,
        0.705078125,
        0.7018229166666666,
        0.7113715277777777,
        0.712890625,
        0.71484375,
        0.7215711805555556,
        0.7254774305555556,
        0.7200520833333334,
        0.7282986111111112,
        0.7263454861111112,
        0.7315538194444445,
        0.736328125,
        0.7317708333333333,
        0.7298177083333333,
        0.744140625,
        0.7380642361111112,
        0.7395833333333333,
        0.7424045138888888,
        0.7489149305555556,
        0.7491319444444444
    ],
    "test_loss": [],
    "test_acc": []
}