{
    "train_loss": [
        3.200754761695862,
        2.9042038321495056,
        2.72677743434906,
        2.5489200949668884,
        2.5090776681900024,
        2.430924892425537,
        2.3021944165229797,
        2.2929875254631042,
        2.2716748118400574,
        2.2465327382087708,
        2.233768880367279,
        2.2171157598495483,
        2.222283184528351,
        2.2023983001708984,
        2.1758195757865906,
        2.1702641248703003,
        2.141258656978607,
        2.151226222515106,
        2.1232903003692627,
        2.0986159443855286,
        2.1094349026679993,
        2.10925030708313,
        2.1004287600517273,
        2.0893619060516357,
        2.120779812335968,
        2.0756158232688904,
        2.0732818841934204,
        2.068564772605896,
        2.0569677352905273,
        2.039641857147217,
        2.048786699771881,
        2.0540884733200073,
        2.0410075783729553,
        2.0422588884830475,
        2.0319745540618896,
        2.014312267303467,
        1.9983855187892914,
        1.992579311132431,
        1.963861733675003,
        1.975645273923874,
        1.9604808390140533,
        1.9721813797950745,
        1.9795496463775635,
        1.9487667679786682,
        1.938783973455429,
        1.9404103457927704,
        1.9313497245311737,
        1.9245781004428864,
        1.9285164773464203,
        1.911992222070694
    ],
    "train_acc": [
        0.1810515873015873,
        0.17410714285714285,
        0.22073412698412698,
        0.212797619047619,
        0.22767857142857142,
        0.24454365079365079,
        0.25496031746031744,
        0.22271825396825398,
        0.24751984126984128,
        0.26884920634920634,
        0.2906746031746032,
        0.3080357142857143,
        0.28968253968253965,
        0.30406746031746035,
        0.34325396825396826,
        0.314484126984127,
        0.3427579365079365,
        0.3427579365079365,
        0.40674603174603174,
        0.380952380952381,
        0.39533730158730157,
        0.3878968253968254,
        0.39781746031746035,
        0.46230158730158727,
        0.4365079365079365,
        0.4578373015873016,
        0.5004960317460316,
        0.4791666666666667,
        0.5109126984126984,
        0.5471230158730158,
        0.5248015873015873,
        0.46031746031746035,
        0.5,
        0.5104166666666667,
        0.5168650793650793,
        0.5381944444444444,
        0.4990079365079365,
        0.595734126984127,
        0.591765873015873,
        0.566468253968254,
        0.5734126984126984,
        0.5659722222222223,
        0.5907738095238095,
        0.6086309523809523,
        0.6512896825396826,
        0.644345238095238,
        0.6011904761904763,
        0.6473214285714286,
        0.628968253968254,
        0.6646825396825397
    ],
    "val_loss": [
        3.160994291305542,
        2.933793067932129,
        2.7627453804016113,
        2.6044552326202393,
        2.4683141708374023,
        2.3668572902679443,
        2.301460027694702,
        2.2680234909057617,
        2.252894401550293,
        2.244152545928955,
        2.2387075424194336,
        2.2346127033233643,
        2.2281253337860107,
        2.220186233520508,
        2.2118186950683594,
        2.2039804458618164,
        2.19873046875,
        2.193427085876465,
        2.1860506534576416,
        2.1786675453186035,
        2.1722042560577393,
        2.166234016418457,
        2.161773443222046,
        2.157550096511841,
        2.1537632942199707,
        2.148690938949585,
        2.1414332389831543,
        2.1348788738250732,
        2.1300337314605713,
        2.1258695125579834,
        2.1219964027404785,
        2.1187305450439453,
        2.1151537895202637,
        2.111269474029541,
        2.10728120803833,
        2.10310959815979,
        2.0993824005126953,
        2.095083236694336,
        2.0908665657043457,
        2.0873258113861084,
        2.084430456161499,
        2.0808265209198,
        2.0763230323791504,
        2.0723488330841064,
        2.0690417289733887,
        2.0661981105804443,
        2.062859535217285,
        2.059420108795166,
        2.055717706680298,
        2.053415536880493
    ],
    "val_acc": [
        0.25862068965517243,
        0.2413793103448276,
        0.1896551724137931,
        0.1724137931034483,
        0.15517241379310345,
        0.20689655172413793,
        0.20689655172413793,
        0.22413793103448276,
        0.20689655172413793,
        0.2413793103448276,
        0.2413793103448276,
        0.25862068965517243,
        0.27586206896551724,
        0.29310344827586204,
        0.3103448275862069,
        0.3103448275862069,
        0.3275862068965517,
        0.3103448275862069,
        0.3448275862068966,
        0.3448275862068966,
        0.3448275862068966,
        0.3620689655172414,
        0.3793103448275862,
        0.39655172413793105,
        0.39655172413793105,
        0.39655172413793105,
        0.43103448275862066,
        0.4482758620689655,
        0.4482758620689655,
        0.46551724137931033,
        0.46551724137931033,
        0.46551724137931033,
        0.4827586206896552,
        0.4827586206896552,
        0.46551724137931033,
        0.46551724137931033,
        0.46551724137931033,
        0.46551724137931033,
        0.46551724137931033,
        0.46551724137931033,
        0.4482758620689655,
        0.4482758620689655,
        0.4482758620689655,
        0.4482758620689655,
        0.43103448275862066,
        0.43103448275862066,
        0.4482758620689655,
        0.4827586206896552,
        0.4827586206896552,
        0.4827586206896552
    ],
    "test_loss": [],
    "test_acc": []
}