{
    "train_loss": [
        3.1938424110412598,
        2.888743817806244,
        2.6901718974113464,
        2.5316437482833862,
        2.4967915415763855,
        2.4305139780044556,
        2.308384358882904,
        2.271314561367035,
        2.2065502405166626,
        2.1877869963645935,
        2.172132432460785,
        2.175923764705658,
        2.140749156475067,
        2.1430816054344177,
        2.1475393772125244,
        2.117609977722168,
        2.1104111075401306,
        2.0793637335300446,
        2.0901628732681274,
        2.0786595940589905,
        2.0654091238975525,
        2.031411111354828,
        2.058125615119934,
        2.031377077102661,
        2.054744005203247,
        2.028494566679001,
        2.0383855402469635,
        2.010121911764145,
        2.0156273245811462,
        2.0294774770736694,
        2.0303840935230255,
        2.0157010555267334,
        2.0088124871253967,
        1.9793404042720795,
        1.9481001496315002,
        1.9648238718509674,
        1.9654466211795807,
        1.9680927693843842,
        1.928685873746872,
        1.950450748205185,
        1.9489308595657349,
        1.9429525136947632,
        1.9219279885292053,
        1.941826969385147,
        1.910401701927185,
        1.901476263999939,
        1.9034470617771149,
        1.925481528043747,
        1.8788287043571472,
        1.8715938329696655
    ],
    "train_acc": [
        0.3134920634920635,
        0.3100198412698413,
        0.3675595238095238,
        0.4171626984126984,
        0.380952380952381,
        0.3844246031746032,
        0.35565476190476186,
        0.44494047619047616,
        0.4305555555555556,
        0.4444444444444444,
        0.4662698412698413,
        0.4657738095238095,
        0.4548611111111111,
        0.4618055555555556,
        0.48660714285714285,
        0.4756944444444444,
        0.4861111111111111,
        0.4930555555555555,
        0.5500992063492063,
        0.5391865079365079,
        0.4816468253968254,
        0.6106150793650793,
        0.5600198412698413,
        0.5739087301587302,
        0.5272817460317459,
        0.5629960317460319,
        0.5342261904761905,
        0.5590277777777778,
        0.5947420634920635,
        0.5515873015873015,
        0.5907738095238095,
        0.5545634920634921,
        0.6081349206349207,
        0.6334325396825397,
        0.6334325396825398,
        0.6116071428571428,
        0.6145833333333333,
        0.6502976190476191,
        0.6686507936507936,
        0.6071428571428571,
        0.6284722222222222,
        0.6567460317460316,
        0.7142857142857143,
        0.685515873015873,
        0.6924603174603174,
        0.7316468253968255,
        0.7242063492063492,
        0.695436507936508,
        0.7098214285714286,
        0.695436507936508
    ],
    "val_loss": [
        3.214686393737793,
        2.9660675525665283,
        2.791391372680664,
        2.6471359729766846,
        2.529244899749756,
        2.4298744201660156,
        2.353731155395508,
        2.300872564315796,
        2.2715868949890137,
        2.253758430480957,
        2.239833116531372,
        2.231764554977417,
        2.226644515991211,
        2.22137451171875,
        2.2143266201019287,
        2.207768678665161,
        2.2005910873413086,
        2.194125175476074,
        2.1876654624938965,
        2.180415630340576,
        2.1733200550079346,
        2.166205644607544,
        2.1615729331970215,
        2.1567554473876953,
        2.1518616676330566,
        2.1467959880828857,
        2.140414237976074,
        2.134709596633911,
        2.129878282546997,
        2.1255688667297363,
        2.120588779449463,
        2.1159565448760986,
        2.1123485565185547,
        2.1086699962615967,
        2.105160713195801,
        2.1019930839538574,
        2.09900164604187,
        2.0949745178222656,
        2.0910708904266357,
        2.0882840156555176,
        2.085505723953247,
        2.0828514099121094,
        2.0789761543273926,
        2.075465202331543,
        2.072516441345215,
        2.0698156356811523,
        2.0676300525665283,
        2.0658457279205322,
        2.0635178089141846,
        2.061164617538452
    ],
    "val_acc": [
        0.3103448275862069,
        0.3448275862068966,
        0.3275862068965517,
        0.3448275862068966,
        0.3793103448275862,
        0.3620689655172414,
        0.3793103448275862,
        0.3275862068965517,
        0.3448275862068966,
        0.3620689655172414,
        0.3620689655172414,
        0.3620689655172414,
        0.3448275862068966,
        0.3620689655172414,
        0.3620689655172414,
        0.3620689655172414,
        0.3620689655172414,
        0.3620689655172414,
        0.3793103448275862,
        0.3793103448275862,
        0.41379310344827586,
        0.43103448275862066,
        0.43103448275862066,
        0.4482758620689655,
        0.4482758620689655,
        0.4482758620689655,
        0.46551724137931033,
        0.46551724137931033,
        0.46551724137931033,
        0.46551724137931033,
        0.46551724137931033,
        0.46551724137931033,
        0.46551724137931033,
        0.46551724137931033,
        0.46551724137931033,
        0.46551724137931033,
        0.46551724137931033,
        0.46551724137931033,
        0.46551724137931033,
        0.4827586206896552,
        0.4827586206896552,
        0.4827586206896552,
        0.5,
        0.5,
        0.5,
        0.5172413793103449,
        0.5172413793103449,
        0.5172413793103449,
        0.5172413793103449,
        0.5172413793103449
    ],
    "test_loss": [],
    "test_acc": []
}