{
    "train_loss": [
        1.8970040678977966,
        1.8652862012386322,
        1.8432348370552063,
        1.8181172311306,
        1.86380273103714,
        1.800921767950058,
        1.8313341438770294,
        1.804804265499115,
        1.8061455488204956,
        1.778123140335083,
        1.7596085369586945,
        1.7325282394886017,
        1.737593650817871,
        1.7419383525848389,
        1.7286754846572876,
        1.7209868133068085,
        1.6941974461078644,
        1.7143721878528595,
        1.7222205996513367,
        1.673090636730194,
        1.7020778357982635,
        1.6420003771781921,
        1.6532451808452606,
        1.6846180856227875,
        1.679648369550705,
        1.6545810997486115,
        1.6513909697532654,
        1.6385572254657745,
        1.6329782605171204,
        1.6616013050079346,
        1.6068072617053986,
        1.6412071287631989,
        1.596254974603653,
        1.6338992416858673,
        1.5877380073070526,
        1.6010730266571045,
        1.5635787546634674,
        1.5807007849216461,
        1.5623666644096375,
        1.6312364339828491,
        1.6041589677333832,
        1.571839064359665,
        1.5723485946655273,
        1.5775277614593506,
        1.5447448790073395,
        1.5080510079860687,
        1.507287472486496,
        1.4953477680683136,
        1.5029071867465973,
        1.5015324652194977
    ],
    "train_acc": [
        0.7276785714285714,
        0.7346230158730158,
        0.7237103174603174,
        0.6984126984126984,
        0.7088293650793651,
        0.7485119047619048,
        0.7053571428571428,
        0.7266865079365079,
        0.7118055555555556,
        0.7837301587301587,
        0.7728174603174602,
        0.7981150793650793,
        0.7549603174603174,
        0.7688492063492064,
        0.783234126984127,
        0.783234126984127,
        0.7797619047619047,
        0.7579365079365079,
        0.753968253968254,
        0.84375,
        0.7574404761904763,
        0.7936507936507937,
        0.8402777777777778,
        0.8115079365079366,
        0.7966269841269842,
        0.8323412698412699,
        0.8005952380952381,
        0.8110119047619048,
        0.8328373015873016,
        0.7604166666666667,
        0.8288690476190476,
        0.8174603174603174,
        0.8070436507936508,
        0.8387896825396826,
        0.824404761904762,
        0.8566468253968255,
        0.8531746031746033,
        0.871031746031746,
        0.8353174603174602,
        0.8382936507936508,
        0.8134920634920635,
        0.8635912698412699,
        0.8814484126984128,
        0.8670634920634921,
        0.8883928571428572,
        0.90625,
        0.8953373015873016,
        0.9027777777777778,
        0.90625,
        0.8988095238095237
    ],
    "val_loss": [
        1.8882888555526733,
        1.8816434144973755,
        1.8765368461608887,
        1.8725608587265015,
        1.866347312927246,
        1.860787272453308,
        1.856433391571045,
        1.8551809787750244,
        1.8539507389068604,
        1.8551641702651978,
        1.8557196855545044,
        1.8549747467041016,
        1.8533152341842651,
        1.8508347272872925,
        1.8499513864517212,
        1.850045919418335,
        1.8488107919692993,
        1.846750259399414,
        1.8449095487594604,
        1.8437731266021729,
        1.844299077987671,
        1.8448717594146729,
        1.8444890975952148,
        1.8414686918258667,
        1.8403098583221436,
        1.8381887674331665,
        1.8354617357254028,
        1.832482933998108,
        1.8318849802017212,
        1.8331756591796875,
        1.8331186771392822,
        1.8312994241714478,
        1.8298779726028442,
        1.8277983665466309,
        1.8279634714126587,
        1.8264172077178955,
        1.8227131366729736,
        1.8197699785232544,
        1.8175888061523438,
        1.8164805173873901,
        1.8149383068084717,
        1.8136459589004517,
        1.8124816417694092,
        1.8126108646392822,
        1.8131451606750488,
        1.8129582405090332,
        1.8119218349456787,
        1.81005859375,
        1.8086076974868774,
        1.807908058166504
    ],
    "val_acc": [
        0.6551724137931034,
        0.6724137931034483,
        0.6724137931034483,
        0.6724137931034483,
        0.6896551724137931,
        0.6896551724137931,
        0.6896551724137931,
        0.6896551724137931,
        0.6724137931034483,
        0.6724137931034483,
        0.6724137931034483,
        0.6724137931034483,
        0.6724137931034483,
        0.6724137931034483,
        0.6724137931034483,
        0.6724137931034483,
        0.7241379310344828,
        0.6896551724137931,
        0.6896551724137931,
        0.6896551724137931,
        0.6896551724137931,
        0.7241379310344828,
        0.7068965517241379,
        0.7241379310344828,
        0.7586206896551724,
        0.7068965517241379,
        0.7241379310344828,
        0.7241379310344828,
        0.7241379310344828,
        0.7413793103448276,
        0.7241379310344828,
        0.7413793103448276,
        0.7241379310344828,
        0.7413793103448276,
        0.7241379310344828,
        0.7241379310344828,
        0.7413793103448276,
        0.7413793103448276,
        0.7413793103448276,
        0.7586206896551724,
        0.7586206896551724,
        0.7586206896551724,
        0.7586206896551724,
        0.7586206896551724,
        0.7241379310344828,
        0.7241379310344828,
        0.7241379310344828,
        0.7413793103448276,
        0.7586206896551724,
        0.7586206896551724
    ],
    "test_loss": [],
    "test_acc": []
}