{
    "train_loss": [
        1.136990487575531,
        1.146981954574585,
        1.1667958796024323,
        1.1054665744304657,
        1.1307315528392792,
        1.0939696282148361,
        1.1643510162830353,
        1.1138108372688293,
        1.1089045703411102,
        1.0815997868776321,
        1.1152462661266327,
        1.105107307434082,
        1.1061278581619263,
        1.1087992787361145,
        1.0790135562419891,
        1.1012943089008331,
        1.0345261693000793,
        1.0684674978256226,
        1.0481541752815247,
        1.028687059879303,
        1.0851848423480988,
        1.0576572120189667,
        1.0603183656930923,
        1.0669938921928406,
        1.0348127335309982,
        1.011370211839676,
        0.9962943345308304,
        1.01930570602417,
        1.0129473805427551,
        0.9817584156990051,
        1.0260038077831268,
        1.035700261592865,
        1.0026607364416122,
        1.016987830400467,
        1.0446708798408508,
        0.9981823712587357,
        0.9984150379896164,
        0.9880934357643127,
        0.9804867953062057,
        0.9481127560138702,
        0.9470713436603546,
        1.0017746090888977,
        0.9417115896940231,
        0.9844932854175568,
        0.9888580441474915,
        0.9732671976089478,
        0.9255844950675964,
        0.916464775800705,
        0.9490908086299896,
        0.9411933571100235
    ],
    "train_acc": [
        0.5069444444444444,
        0.4677579365079365,
        0.5074404761904762,
        0.503968253968254,
        0.564484126984127,
        0.5248015873015872,
        0.4751984126984127,
        0.5034722222222222,
        0.5282738095238095,
        0.5426587301587301,
        0.5565476190476191,
        0.5277777777777778,
        0.5277777777777778,
        0.5203373015873016,
        0.5456349206349207,
        0.5491071428571428,
        0.6026785714285714,
        0.5699404761904763,
        0.5669642857142857,
        0.5704365079365079,
        0.5347222222222222,
        0.5416666666666666,
        0.5699404761904763,
        0.5486111111111112,
        0.5912698412698413,
        0.5768849206349207,
        0.5912698412698413,
        0.5659722222222222,
        0.6016865079365079,
        0.6125992063492064,
        0.5302579365079365,
        0.6016865079365079,
        0.5585317460317459,
        0.597718253968254,
        0.5902777777777778,
        0.6190476190476191,
        0.5972222222222222,
        0.5932539682539683,
        0.6150793650793651,
        0.6547619047619048,
        0.6190476190476191,
        0.5972222222222222,
        0.6398809523809524,
        0.6284722222222222,
        0.6324404761904762,
        0.6393849206349207,
        0.6716269841269842,
        0.6646825396825397,
        0.6359126984126984,
        0.6785714285714286
    ],
    "val_loss": [
        1.2892646789550781,
        1.2289924621582031,
        1.1885645389556885,
        1.1664512157440186,
        1.1582667827606201,
        1.1552395820617676,
        1.1546876430511475,
        1.1554080247879028,
        1.1542470455169678,
        1.1542690992355347,
        1.153213620185852,
        1.1495988368988037,
        1.14626944065094,
        1.1434413194656372,
        1.1418101787567139,
        1.1408376693725586,
        1.1365807056427002,
        1.132633924484253,
        1.1302909851074219,
        1.124802827835083,
        1.1250948905944824,
        1.124444842338562,
        1.124975323677063,
        1.1237385272979736,
        1.1195003986358643,
        1.11819326877594,
        1.1135882139205933,
        1.1137458086013794,
        1.1118659973144531,
        1.107968807220459,
        1.107736349105835,
        1.1019394397735596,
        1.1015172004699707,
        1.102529764175415,
        1.1034579277038574,
        1.1010842323303223,
        1.098093032836914,
        1.0949965715408325,
        1.0899806022644043,
        1.0895036458969116,
        1.0869580507278442,
        1.0852898359298706,
        1.086110234260559,
        1.0840414762496948,
        1.0822240114212036,
        1.0806944370269775,
        1.0777547359466553,
        1.0736302137374878,
        1.0701358318328857,
        1.0687696933746338
    ],
    "val_acc": [
        0.5,
        0.46551724137931033,
        0.5,
        0.5172413793103449,
        0.5344827586206896,
        0.5344827586206896,
        0.5344827586206896,
        0.5344827586206896,
        0.5172413793103449,
        0.5172413793103449,
        0.5344827586206896,
        0.5344827586206896,
        0.5172413793103449,
        0.5344827586206896,
        0.5172413793103449,
        0.5344827586206896,
        0.5344827586206896,
        0.5172413793103449,
        0.5172413793103449,
        0.5344827586206896,
        0.5172413793103449,
        0.5172413793103449,
        0.5344827586206896,
        0.5344827586206896,
        0.5344827586206896,
        0.5344827586206896,
        0.5172413793103449,
        0.5344827586206896,
        0.5344827586206896,
        0.5344827586206896,
        0.5344827586206896,
        0.5689655172413793,
        0.5517241379310345,
        0.5517241379310345,
        0.5689655172413793,
        0.5689655172413793,
        0.5689655172413793,
        0.5689655172413793,
        0.5689655172413793,
        0.5689655172413793,
        0.5689655172413793,
        0.5862068965517241,
        0.5689655172413793,
        0.5689655172413793,
        0.5689655172413793,
        0.5862068965517241,
        0.5862068965517241,
        0.6206896551724138,
        0.5862068965517241,
        0.603448275862069
    ],
    "test_loss": [],
    "test_acc": []
}