{
    "train_loss": [
        1.3653705697506666,
        1.3018735274672508,
        1.239203106611967,
        1.1823850814253092,
        1.140469778329134,
        1.1072317250072956,
        1.0830891886726022,
        1.06498312484473,
        1.0494937235489488,
        1.0357112642377615,
        1.024302731268108,
        1.0140504073351622,
        1.0045015551149845,
        0.9936749059706926,
        0.9858774431049824,
        0.9770456133410335,
        0.969730251468718,
        0.9605257902294397,
        0.9543221145868301,
        0.946415102109313,
        0.9384687468409538,
        0.9309331430122256,
        0.9224042966961861,
        0.9136699344962835,
        0.9060446452349424,
        0.8979795221239328,
        0.8913372661918402,
        0.8835521042346954,
        0.8782991981133819,
        0.8716140259057283,
        0.8651734981685877,
        0.8608113210648298,
        0.8534425739198923,
        0.8464319165796041,
        0.8414563704282045,
        0.8378858920186758,
        0.8311529774218798,
        0.8283560294657946,
        0.8219016324728727,
        0.8173445845022798,
        0.8125566653907299,
        0.8076732596382499,
        0.8041219897568226,
        0.7993441708385944,
        0.7971793506294489,
        0.7928778138011694,
        0.7877541622146964,
        0.7833209149539471,
        0.7810930283740163,
        0.775427863933146
    ],
    "train_acc": [
        0.3185763888888889,
        0.4223090277777778,
        0.4678819444444444,
        0.5186631944444444,
        0.5401475694444444,
        0.5540364583333334,
        0.5703125,
        0.5822482638888888,
        0.5924479166666666,
        0.5970052083333333,
        0.6002604166666667,
        0.6069878472222223,
        0.6119791666666667,
        0.6226128472222222,
        0.6267361111111112,
        0.6267361111111112,
        0.6338975694444444,
        0.6358506944444444,
        0.6414930555555556,
        0.6432291666666667,
        0.6434461805555556,
        0.6534288194444444,
        0.654079861111111,
        0.6560329861111112,
        0.6629774305555556,
        0.6655815972222222,
        0.6673177083333333,
        0.671875,
        0.67578125,
        0.6773003472222222,
        0.683376736111111,
        0.6868489583333333,
        0.6881510416666666,
        0.6875,
        0.6942274305555556,
        0.6942274305555556,
        0.7022569444444445,
        0.6996527777777778,
        0.705078125,
        0.705078125,
        0.7072482638888888,
        0.7092013888888888,
        0.7126736111111112,
        0.7196180555555556,
        0.7152777777777778,
        0.7217881944444444,
        0.7185329861111112,
        0.7252604166666666,
        0.7267795138888888,
        0.7300347222222223
    ],
    "val_loss": [
        1.328253012150526,
        1.2634634170681238,
        1.2030322812497616,
        1.1516302600502968,
        1.1155134122818708,
        1.0872299512848258,
        1.0684685306623578,
        1.0504407975822687,
        1.035986633040011,
        1.0233025457710028,
        1.0132273929193616,
        1.004828847013414,
        0.9913635207340121,
        0.9838532293215394,
        0.9750960161909461,
        0.9680975778028369,
        0.9583252929151058,
        0.9553293650969863,
        0.9434279827401042,
        0.9363473877310753,
        0.9271826921030879,
        0.9179252097383142,
        0.9090306106954813,
        0.9009268721565604,
        0.8918455541133881,
        0.8854384254664183,
        0.879461070522666,
        0.8738620663061738,
        0.8657072028145194,
        0.859045373275876,
        0.8520821230486035,
        0.8482395932078362,
        0.8393628904595971,
        0.8363810051232576,
        0.8301378395408392,
        0.8276971457526088,
        0.820933842100203,
        0.8176012020558119,
        0.8102641496807337,
        0.8044819012284279,
        0.8012436255812645,
        0.7979455217719078,
        0.7949498016387224,
        0.7901442237198353,
        0.783033081330359,
        0.7809938881546259,
        0.7768747415393591,
        0.7725698677822948,
        0.7692571021616459,
        0.7639459492638707
    ],
    "val_acc": [
        0.404296875,
        0.4652777777777778,
        0.5086805555555556,
        0.5364583333333333,
        0.5562065972222222,
        0.5685763888888888,
        0.5811631944444444,
        0.5930989583333333,
        0.5983072916666667,
        0.6078559027777777,
        0.6085069444444444,
        0.6082899305555556,
        0.6267361111111112,
        0.6271701388888888,
        0.6358506944444444,
        0.6380208333333333,
        0.6395399305555556,
        0.6371527777777778,
        0.6482204861111112,
        0.6495225694444444,
        0.6534288194444445,
        0.6560329861111112,
        0.6597222222222222,
        0.6703559027777777,
        0.6694878472222222,
        0.6727430555555556,
        0.677734375,
        0.6812065972222222,
        0.6842447916666666,
        0.6870659722222222,
        0.6905381944444444,
        0.693359375,
        0.6957465277777777,
        0.6979166666666666,
        0.705078125,
        0.6996527777777778,
        0.7039930555555555,
        0.7081163194444444,
        0.7135416666666665,
        0.7135416666666667,
        0.7213541666666666,
        0.716796875,
        0.7228732638888888,
        0.7256944444444444,
        0.7265625,
        0.7259114583333334,
        0.7300347222222222,
        0.7296006944444444,
        0.7341579861111112,
        0.7380642361111112
    ],
    "test_loss": [],
    "test_acc": []
}