{
    "train_loss": [
        1.365527793765068,
        1.314012210816145,
        1.2729794587939978,
        1.2375914603471756,
        1.2096966784447432,
        1.1857472397387028,
        1.1663562338799238,
        1.149218974635005,
        1.1313340459018946,
        1.1193714924156666,
        1.105860985815525,
        1.094806774519384,
        1.0839771376922727,
        1.0750921359285712,
        1.0667535671964288,
        1.057239482179284,
        1.0507043953984976,
        1.0414136769250035,
        1.0332282725721598,
        1.0276413252577186,
        1.0193983688950539,
        1.0107216536998749,
        1.0044012162834406,
        0.998110325075686,
        0.98987802490592,
        0.9812578335404396,
        0.9745318181812763,
        0.9662272166460752,
        0.9599459618330002,
        0.9523701351135969,
        0.9459464093670249,
        0.9370951075106859,
        0.932892189361155,
        0.9244179744273424,
        0.9176589632406831,
        0.9112629173323512,
        0.9045309573411942,
        0.8980038650333881,
        0.8933822670951486,
        0.8888728227466345,
        0.883128828369081,
        0.877536472864449,
        0.8719979114830494,
        0.8670688373968005,
        0.8617634465917945,
        0.8591496543958783,
        0.8530509658157825,
        0.8501150524243712,
        0.8465690538287163,
        0.8419912932440639
    ],
    "train_acc": [
        0.3174913194444444,
        0.40494791666666663,
        0.4487847222222222,
        0.4730902777777778,
        0.48697916666666663,
        0.5086805555555556,
        0.5173611111111112,
        0.5362413194444444,
        0.5434027777777778,
        0.5499131944444444,
        0.5646701388888888,
        0.5651041666666667,
        0.5737847222222222,
        0.5783420138888888,
        0.5785590277777778,
        0.5848524305555556,
        0.5911458333333334,
        0.5965711805555556,
        0.6024305555555556,
        0.6050347222222222,
        0.6124131944444444,
        0.6174045138888888,
        0.6204427083333333,
        0.6260850694444444,
        0.6245659722222222,
        0.6391059027777778,
        0.6419270833333334,
        0.6467013888888888,
        0.650173611111111,
        0.6516927083333333,
        0.6603732638888888,
        0.668185763888889,
        0.666015625,
        0.6694878472222222,
        0.6759982638888888,
        0.6740451388888888,
        0.6812065972222222,
        0.6859809027777778,
        0.6861979166666666,
        0.6883680555555556,
        0.6888020833333333,
        0.6911892361111112,
        0.6950954861111112,
        0.7026909722222222,
        0.69921875,
        0.7020399305555556,
        0.7026909722222222,
        0.705295138888889,
        0.7100694444444444,
        0.7096354166666667
    ],
    "val_loss": [
        1.3279396928846836,
        1.2847673632204533,
        1.2442449927330017,
        1.213349124416709,
        1.1870134752243757,
        1.1636505965143442,
        1.144075958058238,
        1.1287977155297995,
        1.1157027361914515,
        1.1000954881310463,
        1.0891435574740171,
        1.0772657142952085,
        1.067927585914731,
        1.059800997376442,
        1.051705059595406,
        1.039722160436213,
        1.0343653578311205,
        1.0228359578177333,
        1.0173927638679743,
        1.0108837094157934,
        1.0022199554368854,
        0.991685438901186,
        0.9884633868932724,
        0.9796740831807256,
        0.972986557520926,
        0.967353967949748,
        0.9587441282346845,
        0.9505435805767775,
        0.9416588582098484,
        0.9340541558340192,
        0.9289712198078632,
        0.9217114420607686,
        0.9158097570762038,
        0.9105503587052226,
        0.9045825004577637,
        0.8951795669272542,
        0.8903603069484234,
        0.8840068252757192,
        0.8785006925463676,
        0.8728079218417406,
        0.8688223948702216,
        0.862577460706234,
        0.8564582327380776,
        0.8515441389754415,
        0.8474288396537304,
        0.8454408627003431,
        0.8379770172759891,
        0.8373452043160796,
        0.8318001497536898,
        0.8251808350905776
    ],
    "val_acc": [
        0.4001736111111111,
        0.4424913194444444,
        0.4730902777777778,
        0.4926215277777778,
        0.5128038194444444,
        0.5275607638888888,
        0.541015625,
        0.5564236111111112,
        0.5588107638888888,
        0.5687934027777778,
        0.5748697916666666,
        0.5833333333333334,
        0.583984375,
        0.5846354166666666,
        0.5935329861111112,
        0.6030815972222222,
        0.6017795138888888,
        0.6104600694444444,
        0.6165364583333333,
        0.6165364583333334,
        0.62890625,
        0.6293402777777779,
        0.6369357638888888,
        0.6356336805555555,
        0.6447482638888888,
        0.6512586805555556,
        0.6516927083333334,
        0.6634114583333333,
        0.666015625,
        0.6681857638888888,
        0.669921875,
        0.677951388888889,
        0.6809895833333333,
        0.683810763888889,
        0.6838107638888888,
        0.689670138888889,
        0.6916232638888888,
        0.693359375,
        0.6929253472222222,
        0.6963975694444444,
        0.6987847222222222,
        0.6979166666666667,
        0.7081163194444444,
        0.7057291666666667,
        0.7163628472222222,
        0.7128906249999999,
        0.7141927083333333,
        0.7163628472222223,
        0.7217881944444444,
        0.7211371527777778
    ],
    "test_loss": [],
    "test_acc": []
}