{
    "train_loss": [
        2.429589580744505,
        2.1658267341554165,
        2.074724467471242,
        2.0159954763948917,
        1.972655477002263,
        1.944008519873023,
        1.916462680324912,
        1.9005048833787441,
        1.8773851171135902,
        1.8607888016849756,
        1.8447631932795048,
        1.8341154027730227,
        1.8162500094622374,
        1.805188288912177,
        1.7917926833033562,
        1.7787905540317297,
        1.767773685976863,
        1.7586938850581646,
        1.7512342501431704,
        1.7402388788759708,
        1.7279510982334614,
        1.7187973279505968,
        1.7129495777189732,
        1.703951695933938,
        1.6953940317034721,
        1.6907137408852577,
        1.6807968765497208,
        1.6711413767188787,
        1.661410577595234,
        1.6570510659366846,
        1.647962348535657,
        1.6411166358739138,
        1.6333546545356512,
        1.624673392623663,
        1.6155073642730713,
        1.6120706982910633,
        1.6033929288387299,
        1.5972421746701002,
        1.5855465568602085,
        1.5750878397375345,
        1.5688896775245667,
        1.5664352420717478,
        1.5585107766091824,
        1.549500484019518,
        1.54398506693542,
        1.5352172031998634,
        1.5344392973929644,
        1.5225020796060562,
        1.5112384259700775,
        1.5090423114597797
    ],
    "train_acc": [
        0.3018663194444444,
        0.4157986111111111,
        0.4780815972222222,
        0.5321180555555556,
        0.5631510416666667,
        0.5846354166666667,
        0.5961371527777778,
        0.6158854166666667,
        0.6293402777777777,
        0.6302083333333333,
        0.64453125,
        0.6525607638888888,
        0.65625,
        0.6657986111111112,
        0.6701388888888888,
        0.6829427083333334,
        0.6825086805555556,
        0.6911892361111112,
        0.6872829861111112,
        0.6955295138888888,
        0.69921875,
        0.7074652777777777,
        0.7135416666666667,
        0.7183159722222222,
        0.7202690972222222,
        0.7269965277777778,
        0.7239583333333333,
        0.73046875,
        0.7313368055555556,
        0.73828125,
        0.7376302083333333,
        0.7419704861111112,
        0.7452256944444444,
        0.748263888888889,
        0.7495659722222222,
        0.7471788194444444,
        0.7573784722222222,
        0.7567274305555556,
        0.7595486111111112,
        0.7595486111111112,
        0.7608506944444444,
        0.7643229166666665,
        0.7625868055555556,
        0.763888888888889,
        0.7621527777777778,
        0.7708333333333333,
        0.7699652777777778,
        0.7730034722222222,
        0.7732204861111112,
        0.7727864583333334
    ],
    "val_loss": [
        2.2258997187018394,
        2.0968399830162525,
        2.0302334912121296,
        1.9805298577994108,
        1.9433802366256714,
        1.9151268023997545,
        1.894590636715293,
        1.8759681042283773,
        1.8627014849334955,
        1.8373031802475452,
        1.8315482940524817,
        1.8134112786501646,
        1.7935604993253946,
        1.7839857246726751,
        1.770368855446577,
        1.7608306650072336,
        1.748794974759221,
        1.7371626235544682,
        1.7289417460560799,
        1.7216821927577257,
        1.7125164698809385,
        1.696009462699294,
        1.6952852066606283,
        1.6875544395297766,
        1.6866076085716486,
        1.66808414272964,
        1.659368835389614,
        1.6531609892845154,
        1.639985617250204,
        1.6358062326908112,
        1.63057666644454,
        1.6217002682387829,
        1.6114124599844217,
        1.6012275945395231,
        1.5955734346061945,
        1.5912660285830498,
        1.597067529335618,
        1.5799579042941332,
        1.5679141413420439,
        1.5567998345941305,
        1.5573003329336643,
        1.5461452193558216,
        1.5322136413305998,
        1.5263776127249002,
        1.5183388534933329,
        1.513230161741376,
        1.5062076933681965,
        1.5046743378043175,
        1.491441197693348,
        1.483481040224433
    ],
    "val_acc": [
        0.3988715277777778,
        0.4680989583333333,
        0.5206163194444444,
        0.5616319444444444,
        0.5837673611111112,
        0.5991753472222222,
        0.6167534722222223,
        0.625,
        0.6382378472222222,
        0.6453993055555556,
        0.6497395833333333,
        0.6605902777777777,
        0.6694878472222223,
        0.6768663194444444,
        0.6861979166666667,
        0.6927083333333334,
        0.6924913194444444,
        0.7018229166666666,
        0.7039930555555556,
        0.7135416666666666,
        0.7163628472222221,
        0.7200520833333333,
        0.7241753472222223,
        0.7250434027777778,
        0.734375,
        0.7371961805555556,
        0.7398003472222222,
        0.7419704861111112,
        0.7454427083333334,
        0.7400173611111112,
        0.75,
        0.7534722222222222,
        0.7556423611111112,
        0.7619357638888888,
        0.7530381944444444,
        0.7630208333333333,
        0.7575954861111112,
        0.7601996527777778,
        0.76171875,
        0.7680121527777778,
        0.7721354166666667,
        0.7671440972222223,
        0.7743055555555556,
        0.7725694444444444,
        0.77734375,
        0.7738715277777777,
        0.7758246527777779,
        0.777560763888889,
        0.7788628472222222,
        0.7819010416666667
    ],
    "test_loss": [],
    "test_acc": []
}