{
    "train_loss": [
        0.8048005104064941,
        0.7999570965766907,
        0.7954445779323578,
        0.7961599975824356,
        0.8052611351013184,
        0.8024731874465942,
        0.7550997585058212,
        0.8057577162981033,
        0.810715064406395,
        0.7839113771915436,
        0.8363490551710129,
        0.7654201835393906,
        0.7936421632766724,
        0.7842349410057068,
        0.7328557372093201,
        0.7655975818634033,
        0.7464225143194199,
        0.7553115785121918,
        0.7441984266042709,
        0.7226669788360596,
        0.7343468219041824,
        0.7263232469558716,
        0.6925308555364609,
        0.7483019828796387,
        0.7177438735961914,
        0.6828682273626328,
        0.7503212988376617,
        0.7224065810441971,
        0.7100066542625427,
        0.6674351543188095,
        0.7021287977695465,
        0.6964636892080307,
        0.6927202045917511,
        0.705490455031395,
        0.7139065563678741,
        0.7030770778656006,
        0.6692858934402466,
        0.6734590381383896,
        0.6639587730169296,
        0.6758108586072922,
        0.6876744776964188,
        0.660556823015213,
        0.6559917032718658,
        0.6549128443002701,
        0.6610720157623291,
        0.6799598783254623,
        0.6852876394987106,
        0.6896790415048599,
        0.6467564105987549,
        0.65169557929039
    ],
    "train_acc": [
        0.7038690476190476,
        0.6820436507936508,
        0.7316468253968255,
        0.6850198412698413,
        0.7028769841269841,
        0.6741071428571428,
        0.7316468253968255,
        0.6840277777777778,
        0.7232142857142857,
        0.7053571428571428,
        0.7053571428571428,
        0.7549603174603174,
        0.744047619047619,
        0.7693452380952381,
        0.8120039682539684,
        0.7619047619047619,
        0.7867063492063492,
        0.7509920634920634,
        0.8149801587301587,
        0.8149801587301587,
        0.8075396825396826,
        0.800595238095238,
        0.8288690476190477,
        0.8040674603174603,
        0.8249007936507936,
        0.8392857142857143,
        0.7534722222222223,
        0.7574404761904763,
        0.8139880952380952,
        0.8467261904761905,
        0.8536706349206349,
        0.8179563492063492,
        0.8462301587301587,
        0.831845238095238,
        0.8174603174603176,
        0.8387896825396826,
        0.831845238095238,
        0.8745039682539684,
        0.8387896825396826,
        0.867559523809524,
        0.8422619047619047,
        0.8640873015873016,
        0.8814484126984128,
        0.8779761904761905,
        0.8566468253968254,
        0.8492063492063492,
        0.8313492063492064,
        0.8601190476190477,
        0.8601190476190477,
        0.8740079365079365
    ],
    "val_loss": [
        0.8376008868217468,
        0.8274832963943481,
        0.8201664686203003,
        0.8141634464263916,
        0.8091543316841125,
        0.8054355978965759,
        0.8031266331672668,
        0.7991335391998291,
        0.794834554195404,
        0.7979162931442261,
        0.7894731760025024,
        0.7852495908737183,
        0.7858933806419373,
        0.781601071357727,
        0.7789515256881714,
        0.7764787077903748,
        0.7751744985580444,
        0.7759624123573303,
        0.7741004228591919,
        0.7727662920951843,
        0.7726086378097534,
        0.769018292427063,
        0.76774001121521,
        0.768010675907135,
        0.7672139406204224,
        0.7615612745285034,
        0.761002242565155,
        0.7558440566062927,
        0.7591086626052856,
        0.7604373693466187,
        0.7577741742134094,
        0.7554751634597778,
        0.7548061013221741,
        0.7545692920684814,
        0.7539638876914978,
        0.7507811188697815,
        0.7490761876106262,
        0.7506446242332458,
        0.7483645081520081,
        0.7490940093994141,
        0.7482173442840576,
        0.7455209493637085,
        0.7450124621391296,
        0.7422738671302795,
        0.7389423847198486,
        0.7394751906394958,
        0.7378663420677185,
        0.7352262139320374,
        0.736619770526886,
        0.735091507434845
    ],
    "val_acc": [
        0.7413793103448276,
        0.7413793103448276,
        0.7241379310344828,
        0.7241379310344828,
        0.7241379310344828,
        0.7241379310344828,
        0.7241379310344828,
        0.7241379310344828,
        0.7068965517241379,
        0.7068965517241379,
        0.7068965517241379,
        0.7068965517241379,
        0.7241379310344828,
        0.7413793103448276,
        0.7241379310344828,
        0.7241379310344828,
        0.7413793103448276,
        0.7413793103448276,
        0.7413793103448276,
        0.7586206896551724,
        0.7241379310344828,
        0.7758620689655172,
        0.7413793103448276,
        0.7758620689655172,
        0.7758620689655172,
        0.7758620689655172,
        0.7758620689655172,
        0.8103448275862069,
        0.7758620689655172,
        0.7758620689655172,
        0.7758620689655172,
        0.7758620689655172,
        0.7758620689655172,
        0.7931034482758621,
        0.7931034482758621,
        0.7931034482758621,
        0.7931034482758621,
        0.7931034482758621,
        0.7931034482758621,
        0.7931034482758621,
        0.7931034482758621,
        0.7931034482758621,
        0.7931034482758621,
        0.7931034482758621,
        0.7931034482758621,
        0.7931034482758621,
        0.7931034482758621,
        0.7931034482758621,
        0.7931034482758621,
        0.7931034482758621
    ],
    "test_loss": [],
    "test_acc": []
}