{
    "train_loss": [
        2.0629615783691406,
        2.0042684972286224,
        1.9492526054382324,
        1.934272825717926,
        1.9741220474243164,
        1.8802691400051117,
        1.851761907339096,
        1.9081111550331116,
        1.8926741480827332,
        1.8837539553642273,
        1.8457346856594086,
        1.811796247959137,
        1.8481131196022034,
        1.8315715789794922,
        1.8396908938884735,
        1.8252443075180054,
        1.7864201068878174,
        1.722898691892624,
        1.7637453079223633,
        1.7459734082221985,
        1.779610812664032,
        1.6812875866889954,
        1.7227714657783508,
        1.7495668828487396,
        1.688709318637848,
        1.735972285270691,
        1.6766076982021332,
        1.6884896457195282,
        1.623945027589798,
        1.703024446964264,
        1.6580280363559723,
        1.6482695043087006,
        1.6551510393619537,
        1.5998839437961578,
        1.6416471600532532,
        1.6599730551242828,
        1.5953535735607147,
        1.6219343841075897,
        1.613819569349289,
        1.639626830816269,
        1.5968736410140991,
        1.5720565617084503,
        1.5971100628376007,
        1.6086973547935486,
        1.5649299919605255,
        1.5643197000026703,
        1.5298886001110077,
        1.586604744195938,
        1.558774083852768,
        1.5472590923309326
    ],
    "train_acc": [
        0.6041666666666666,
        0.628968253968254,
        0.6612103174603174,
        0.6433531746031746,
        0.6463293650793651,
        0.6825396825396826,
        0.6820436507936508,
        0.6746031746031746,
        0.6532738095238095,
        0.6388888888888888,
        0.6850198412698413,
        0.6671626984126984,
        0.6850198412698413,
        0.6671626984126984,
        0.6989087301587301,
        0.716765873015873,
        0.7202380952380952,
        0.7455357142857143,
        0.7594246031746031,
        0.7237103174603174,
        0.6944444444444444,
        0.7490079365079365,
        0.7410714285714286,
        0.7301587301587301,
        0.7762896825396826,
        0.7336309523809523,
        0.7911706349206349,
        0.7157738095238095,
        0.8050595238095237,
        0.7331349206349207,
        0.7797619047619048,
        0.8015873015873016,
        0.7941468253968255,
        0.7867063492063492,
        0.7584325396825398,
        0.7509920634920635,
        0.7971230158730158,
        0.8189484126984128,
        0.7648809523809524,
        0.7936507936507936,
        0.7936507936507936,
        0.8010912698412699,
        0.7648809523809523,
        0.7470238095238095,
        0.8005952380952381,
        0.8149801587301587,
        0.8506944444444444,
        0.814484126984127,
        0.8005952380952381,
        0.8323412698412699
    ],
    "val_loss": [
        1.9967613220214844,
        1.9957586526870728,
        1.993685245513916,
        1.9845986366271973,
        1.9731868505477905,
        1.96681547164917,
        1.9636623859405518,
        1.9607104063034058,
        1.9573326110839844,
        1.9554059505462646,
        1.9542410373687744,
        1.950585126876831,
        1.946584701538086,
        1.9422658681869507,
        1.936611294746399,
        1.9319725036621094,
        1.9284629821777344,
        1.9258953332901,
        1.9241549968719482,
        1.9199625253677368,
        1.917074203491211,
        1.9146217107772827,
        1.9121665954589844,
        1.9097248315811157,
        1.9087378978729248,
        1.9063087701797485,
        1.9057176113128662,
        1.9046118259429932,
        1.9023891687393188,
        1.900320291519165,
        1.8979047536849976,
        1.896070122718811,
        1.8954322338104248,
        1.895210862159729,
        1.8925180435180664,
        1.888400912284851,
        1.8846265077590942,
        1.8821851015090942,
        1.8792266845703125,
        1.8755306005477905,
        1.8720667362213135,
        1.8712865114212036,
        1.871516466140747,
        1.8702690601348877,
        1.8672322034835815,
        1.8668067455291748,
        1.8659358024597168,
        1.8669211864471436,
        1.866949200630188,
        1.8673375844955444
    ],
    "val_acc": [
        0.603448275862069,
        0.6206896551724138,
        0.6206896551724138,
        0.5862068965517241,
        0.5689655172413793,
        0.5689655172413793,
        0.5689655172413793,
        0.5517241379310345,
        0.5689655172413793,
        0.5689655172413793,
        0.5689655172413793,
        0.5689655172413793,
        0.5689655172413793,
        0.5689655172413793,
        0.5689655172413793,
        0.5689655172413793,
        0.5689655172413793,
        0.5689655172413793,
        0.5862068965517241,
        0.603448275862069,
        0.603448275862069,
        0.603448275862069,
        0.603448275862069,
        0.6206896551724138,
        0.603448275862069,
        0.603448275862069,
        0.6206896551724138,
        0.6379310344827587,
        0.6206896551724138,
        0.6551724137931034,
        0.6724137931034483,
        0.6379310344827587,
        0.6551724137931034,
        0.6379310344827587,
        0.6551724137931034,
        0.6896551724137931,
        0.7068965517241379,
        0.7068965517241379,
        0.7068965517241379,
        0.7068965517241379,
        0.7068965517241379,
        0.7068965517241379,
        0.7068965517241379,
        0.7068965517241379,
        0.7068965517241379,
        0.7068965517241379,
        0.6896551724137931,
        0.6896551724137931,
        0.7068965517241379,
        0.7068965517241379
    ],
    "test_loss": [],
    "test_acc": []
}