{
    "train_loss": [
        1.365476630628109,
        1.3009333442896605,
        1.2382817901670933,
        1.1822294481098652,
        1.1389910858124495,
        1.105584628880024,
        1.0819134209305048,
        1.0620934087783098,
        1.0462821796536446,
        1.0340986754745245,
        1.0215174118056893,
        1.0119386278092861,
        1.0010618437081575,
        0.9916985435411334,
        0.9827052587643266,
        0.9737259726971388,
        0.9663094524294138,
        0.9585583163425326,
        0.9507477479055524,
        0.9424785692244768,
        0.9355571316555142,
        0.9275477230548859,
        0.9203956238925457,
        0.9128552302718163,
        0.9042427884414792,
        0.8969827145338058,
        0.8910435382276773,
        0.882983174175024,
        0.8768888441845775,
        0.8707887399941683,
        0.8631702801212668,
        0.8572713676840067,
        0.8530628569424152,
        0.8462331788614392,
        0.840150186792016,
        0.8357746656984091,
        0.830594846047461,
        0.8247632160782814,
        0.8195391623303294,
        0.8148376690223813,
        0.8086906801909208,
        0.8059889283031225,
        0.8003020212054253,
        0.7955933855846524,
        0.7945396061986685,
        0.7885339194908738,
        0.7839755490422249,
        0.7796466965228319,
        0.7749984227120876,
        0.77364313416183
    ],
    "train_acc": [
        0.31705729166666663,
        0.4255642361111111,
        0.4761284722222222,
        0.5160590277777777,
        0.5423177083333333,
        0.5594618055555556,
        0.5729166666666666,
        0.583984375,
        0.5946180555555556,
        0.5952690972222222,
        0.6078559027777778,
        0.6100260416666667,
        0.6176215277777778,
        0.6236979166666666,
        0.6256510416666666,
        0.6330295138888888,
        0.640625,
        0.6423611111111112,
        0.6449652777777778,
        0.6501736111111112,
        0.6519097222222222,
        0.6545138888888888,
        0.6569010416666666,
        0.6638454861111112,
        0.6694878472222222,
        0.6740451388888888,
        0.6746961805555556,
        0.677734375,
        0.6759982638888888,
        0.681640625,
        0.6864149305555556,
        0.6890190972222222,
        0.6937934027777778,
        0.6953125,
        0.6985677083333333,
        0.7005208333333333,
        0.6996527777777778,
        0.7076822916666667,
        0.7100694444444444,
        0.709201388888889,
        0.7189670138888888,
        0.716796875,
        0.7200520833333334,
        0.7202690972222222,
        0.71875,
        0.7254774305555556,
        0.7241753472222222,
        0.7265625,
        0.73046875,
        0.7261284722222222
    ],
    "val_loss": [
        1.3283794149756432,
        1.2619472593069077,
        1.2024428471922874,
        1.151028442196548,
        1.1138332225382328,
        1.0856924718245864,
        1.0641388641670346,
        1.0473022675141692,
        1.0326341688632965,
        1.0206280974671245,
        1.0081133134663105,
        0.9977757511660457,
        0.9879508391022682,
        0.9781239479780197,
        0.9711540313437581,
        0.9639009078964591,
        0.9527152553200722,
        0.9464632673189044,
        0.9392678700387478,
        0.9307844405993819,
        0.92392314132303,
        0.9168442413210869,
        0.9103250252082944,
        0.9029675051569939,
        0.8943769372999668,
        0.8842728910967708,
        0.8785359999164939,
        0.8710937453433871,
        0.8630430093035102,
        0.8555734474211931,
        0.8517612088471651,
        0.8433749545365572,
        0.838024728000164,
        0.8359798574820161,
        0.828670403920114,
        0.8254328407347202,
        0.817362992092967,
        0.8099173903465271,
        0.8060963051393628,
        0.8018386336043477,
        0.7977530881762505,
        0.7936928812414408,
        0.789553003385663,
        0.7830353574827313,
        0.77946980856359,
        0.7767506707459688,
        0.7726845620200038,
        0.7686571376398206,
        0.7640320723876357,
        0.7603106908500195
    ],
    "val_acc": [
        0.408203125,
        0.45703125,
        0.5008680555555556,
        0.5375434027777777,
        0.5598958333333334,
        0.5677083333333334,
        0.5846354166666666,
        0.5885416666666666,
        0.603515625,
        0.6098090277777777,
        0.6119791666666666,
        0.619357638888889,
        0.6256510416666667,
        0.6317274305555556,
        0.6351996527777777,
        0.64453125,
        0.646484375,
        0.6471354166666667,
        0.6545138888888888,
        0.6569010416666667,
        0.6603732638888888,
        0.6697048611111112,
        0.6690538194444444,
        0.6710069444444444,
        0.6764322916666666,
        0.6783854166666666,
        0.6803385416666666,
        0.6879340277777778,
        0.6896701388888888,
        0.6924913194444444,
        0.6953125,
        0.6974826388888888,
        0.7035590277777778,
        0.7020399305555556,
        0.7065972222222222,
        0.7098524305555555,
        0.7122395833333333,
        0.7144097222222223,
        0.7170138888888888,
        0.7217881944444444,
        0.7237413194444445,
        0.724609375,
        0.7243923611111112,
        0.7289496527777778,
        0.7311197916666667,
        0.7267795138888888,
        0.7319878472222221,
        0.7371961805555556,
        0.7398003472222222,
        0.73828125
    ],
    "test_loss": [],
    "test_acc": []
}