{
    "train_loss": [
        1.905925214290619,
        1.8807482719421387,
        1.8620562851428986,
        1.884660691022873,
        1.831855982542038,
        1.8482462167739868,
        1.8114565908908844,
        1.8002261221408844,
        1.8418462872505188,
        1.8051214516162872,
        1.8065989017486572,
        1.7776213586330414,
        1.7906558215618134,
        1.7188650965690613,
        1.7335106432437897,
        1.7071850895881653,
        1.7245367765426636,
        1.7646178901195526,
        1.7003013491630554,
        1.7134905755519867,
        1.6889874041080475,
        1.6946494281291962,
        1.6824742257595062,
        1.672845721244812,
        1.7201439142227173,
        1.6738773584365845,
        1.6534278988838196,
        1.6861413419246674,
        1.665669023990631,
        1.6508170366287231,
        1.6289062201976776,
        1.6179183423519135,
        1.6664952039718628,
        1.6127364039421082,
        1.6045643091201782,
        1.6255243122577667,
        1.5609746873378754,
        1.5635117590427399,
        1.608033835887909,
        1.6134417653083801,
        1.5834915339946747,
        1.5692829489707947,
        1.5832545459270477,
        1.5947386920452118,
        1.608971893787384,
        1.559058964252472,
        1.5557624995708466,
        1.5429709553718567,
        1.5949954390525818,
        1.559081643819809
    ],
    "train_acc": [
        0.6428571428571428,
        0.668154761904762,
        0.6716269841269842,
        0.6140873015873015,
        0.6716269841269842,
        0.6641865079365079,
        0.6607142857142857,
        0.6641865079365079,
        0.6245039682539683,
        0.660218253968254,
        0.642361111111111,
        0.6959325396825398,
        0.6711309523809524,
        0.6780753968253967,
        0.6889880952380952,
        0.7455357142857143,
        0.7276785714285714,
        0.6949404761904763,
        0.7276785714285714,
        0.7271825396825398,
        0.7271825396825398,
        0.6949404761904763,
        0.7415674603174603,
        0.7271825396825397,
        0.7341269841269842,
        0.7375992063492064,
        0.7589285714285714,
        0.7584325396825397,
        0.783234126984127,
        0.7410714285714286,
        0.8120039682539684,
        0.7653769841269842,
        0.7400793650793651,
        0.7549603174603174,
        0.8120039682539684,
        0.8120039682539684,
        0.8080357142857143,
        0.8402777777777778,
        0.7509920634920634,
        0.7827380952380952,
        0.8080357142857143,
        0.7867063492063492,
        0.8149801587301587,
        0.7936507936507936,
        0.8224206349206349,
        0.84375,
        0.8363095238095237,
        0.8288690476190476,
        0.75,
        0.814484126984127
    ],
    "val_loss": [
        1.8487731218338013,
        1.8411049842834473,
        1.837834358215332,
        1.8361057043075562,
        1.8356342315673828,
        1.8357422351837158,
        1.8366764783859253,
        1.8383171558380127,
        1.835532784461975,
        1.8338547945022583,
        1.8278050422668457,
        1.8248673677444458,
        1.8254083395004272,
        1.825317144393921,
        1.825274109840393,
        1.8251643180847168,
        1.823462963104248,
        1.8232276439666748,
        1.822255253791809,
        1.8220654726028442,
        1.821569561958313,
        1.8197036981582642,
        1.8215631246566772,
        1.8198342323303223,
        1.8180948495864868,
        1.8166184425354004,
        1.8153493404388428,
        1.8167905807495117,
        1.8163869380950928,
        1.8153245449066162,
        1.8161629438400269,
        1.8125333786010742,
        1.8119430541992188,
        1.80936598777771,
        1.8086881637573242,
        1.8084481954574585,
        1.808328628540039,
        1.8091750144958496,
        1.8123037815093994,
        1.8118970394134521,
        1.8122884035110474,
        1.8112068176269531,
        1.8136951923370361,
        1.8131515979766846,
        1.8131238222122192,
        1.8110631704330444,
        1.8094265460968018,
        1.8087905645370483,
        1.8086997270584106,
        1.8093605041503906
    ],
    "val_acc": [
        0.6551724137931034,
        0.6551724137931034,
        0.6724137931034483,
        0.6724137931034483,
        0.6724137931034483,
        0.6724137931034483,
        0.6724137931034483,
        0.6551724137931034,
        0.6551724137931034,
        0.6724137931034483,
        0.7068965517241379,
        0.6896551724137931,
        0.6896551724137931,
        0.6724137931034483,
        0.6724137931034483,
        0.6896551724137931,
        0.6896551724137931,
        0.6724137931034483,
        0.6724137931034483,
        0.6896551724137931,
        0.6896551724137931,
        0.6551724137931034,
        0.6551724137931034,
        0.6551724137931034,
        0.6724137931034483,
        0.6551724137931034,
        0.6551724137931034,
        0.6551724137931034,
        0.6551724137931034,
        0.6551724137931034,
        0.6551724137931034,
        0.6724137931034483,
        0.6551724137931034,
        0.6551724137931034,
        0.6551724137931034,
        0.6551724137931034,
        0.6724137931034483,
        0.6724137931034483,
        0.6724137931034483,
        0.6896551724137931,
        0.6896551724137931,
        0.6896551724137931,
        0.6896551724137931,
        0.6896551724137931,
        0.6896551724137931,
        0.6896551724137931,
        0.6896551724137931,
        0.6896551724137931,
        0.6896551724137931,
        0.6896551724137931
    ],
    "test_loss": [],
    "test_acc": []
}